{"type":"FeatureCollection","features":[{"type":"Feature","geometry":{"type":"Polygon","coordinates":[[[-71.21047,42.32881],[-71.2105,42.32858],[-71.21058,42.32858],[-71.21063,42.32858],[-71.21081,42.3286],[-71.21094,42.3286],[-71.21091,42.32884],[-71.2109,42.32884],[-71.21084,42.32884],[-71.21082,42.32883],[-71.21047,42.32881]]]},"properties":{"a":"73 BEACONWOOD RD","v":"NEWTON HIGHLANDS","z":"MR1","zf":"MR1","lot":10032,"ac":0.23,"fr":85.7,"env":5648,"ew":80.1,"eh":70.5,"lv":61800.0,"psf":6.16,"minlot":7000,"minfr":70.0,"conf":true,"bld":true,"ter":"flat","slp":3.8,"elv":104.5,"ez":1,"cor":false,"flg":false,"lhd":false,"fld":false,"wet":false,"oc":"BROOKLINE"}},{"type":"Feature","geometry":{"type":"Polygon","coordinates":[[[-71.24452,42.32995],[-71.24463,42.3296],[-71.24492,42.32966],[-71.24517,42.32974],[-71.24518,42.32974],[-71.24538,42.3298],[-71.24541,42.32981],[-71.24547,42.32983],[-71.24564,42.32988],[-71.24555,42.33002],[-71.24552,42.33006],[-71.24548,42.33013],[-71.24452,42.32995]]]},"properties":{"a":"1 KENNEY PL","v":"NEWTON LOWER FALLS","z":"SR2","zf":"SR2","lot":32888,"ac":0.755,"fr":55.6,"env":10711,"ew":167.3,"eh":64.0,"lv":195200.0,"psf":5.94,"minlot":15000,"minfr":100.0,"conf":false,"bld":true,"ter":"steep","slp":18.3,"elv":148.7,"ez":0,"cor":false,"flg":true,"lhd":false,"fld":false,"wet":false,"oc":"SOMERVILLE"}},{"type":"Feature","geometry":{"type":"Polygon","coordinates":[[[-71.24568,42.33983],[-71.24573,42.33976],[-71.24583,42.33964],[-71.24586,42.33959],[-71.24598,42.33965],[-71.246,42.33966],[-71.24602,42.33969],[-71.24616,42.33988],[-71.24588,42.33992],[-71.24568,42.33983]]]},"properties":{"a":"78 R HAWTHORNE AVE OFF","v":"AUBURNDALE","z":"SR1","zf":"SR1","lot":8634,"ac":0.198,"fr":78.4,"env":1029,"ew":34.5,"eh":29.8,"lv":57200.0,"psf":6.63,"minlot":25000,"minfr":125.0,"conf":false,"bld":false,"ter":"very_steep","slp":48.3,"elv":117.6,"ez":0,"cor":false,"flg":true,"lhd":true,"fld":false,"wet":false,"oc":"AUBURNDALE"}},{"type":"Feature","geometry":{"type":"Polygon","coordinates":[[[-71.21204,42.35293],[-71.21182,42.35291],[-71.21186,42.35273],[-71.21186,42.35272],[-71.21205,42.35274],[-71.21203,42.3528],[-71.21202,42.35289],[-71.21242,42.35294],[-71.21241,42.35297],[-71.2124,42.35297],[-71.21231,42.35296],[-71.21204,42.35293]]]},"properties":{"a":"48 WALKER ST","v":"NEWTONVILLE","z":"MR1","zf":"MR1","lot":4966,"ac":0.114,"fr":11.6,"env":2249,"ew":40.4,"eh":55.7,"lv":28500.0,"psf":5.74,"minlot":7000,"minfr":70.0,"conf":false,"bld":true,"ter":"gentle","slp":5.0,"elv":62.4,"ez":0,"cor":false,"flg":false,"lhd":false,"fld":false,"wet":false,"oc":"NEWTON"}},{"type":"Feature","geometry":{"type":"Polygon","coordinates":[[[-71.19034,42.35378],[-71.19044,42.35364],[-71.19047,42.35359],[-71.19065,42.35366],[-71.19061,42.35374],[-71.19055,42.35386],[-71.19034,42.35378]]]},"properties":{"a":"14 WINTHROP AVE","v":"NEWTON CORNER","z":"MR1","zf":"MR1","lot":4530,"ac":0.104,"fr":63.7,"env":1337,"ew":44.9,"eh":29.8,"lv":31300.0,"psf":6.91,"minlot":7000,"minfr":70.0,"conf":false,"bld":true,"ter":"moderate","slp":11.5,"elv":92.7,"ez":0,"cor":false,"flg":false,"lhd":false,"fld":false,"wet":false,"oc":"MADISON"}},{"type":"Feature","geometry":{"type":"Polygon","coordinates":[[[-71.19807,42.35716],[-71.19831,42.357],[-71.19839,42.35706],[-71.1984,42.35707],[-71.19842,42.35709],[-71.19819,42.35725],[-71.19812,42.3572],[-71.19807,42.35716]]]},"properties":{"a":"248 ADAMS ST","v":"NONANTUM","z":"BU2","zf":"BU2","lot":3781,"ac":0.087,"fr":32.0,"env":779,"ew":25.0,"eh":31.1,"lv":18200.0,"psf":4.81,"minlot":null,"minfr":null,"conf":false,"bld":false,"ter":"flat","slp":3.3,"elv":43.8,"ez":0,"cor":false,"flg":false,"lhd":false,"fld":false,"wet":false,"oc":"NEWTON"}},{"type":"Feature","geometry":{"type":"Polygon","coordinates":[[[-71.23574,42.35364],[-71.23579,42.35363],[-71.23583,42.35369],[-71.23584,42.35371],[-71.23594,42.35392],[-71.23596,42.35394],[-71.23596,42.35395],[-71.23596,42.35395],[-71.23624,42.3545],[-71.23612,42.35454],[-71.23611,42.35453],[-71.2361,42.35453],[-71.23609,42.35452],[-71.23608,42.35451],[-71.23608,42.3545],[-71.23607,42.35449],[-71.23606,42.35433],[-71.23605,42.35429],[-71.23604,42.35425],[-71.23603,42.35421],[-71.23574,42.35364]]]},"properties":{"a":"24 PINE ST","v":"WEST NEWTON","z":"SR3","zf":"SR3","lot":3315,"ac":0.076,"fr":440.3,"env":0,"ew":0.0,"eh":0.0,"lv":20500.0,"psf":6.18,"minlot":10000,"minfr":80.0,"conf":false,"bld":false,"ter":"gentle","slp":6.6,"elv":56.0,"ez":0,"cor":true,"flg":false,"lhd":false,"fld":false,"wet":false,"oc":"NEWTON"}},{"type":"Feature","geometry":{"type":"Polygon","coordinates":[[[-71.23322,42.35478],[-71.23312,42.3547],[-71.2331,42.35469],[-71.23301,42.35462],[-71.2331,42.35452],[-71.23312,42.3545],[-71.23313,42.35449],[-71.23313,42.35449],[-71.23315,42.35449],[-71.23341,42.35468],[-71.23328,42.35482],[-71.23326,42.35481],[-71.23324,42.35479],[-71.23322,42.35478]]]},"properties":{"a":"25 S MAGUE AVE","v":"WEST NEWTON","z":"SR3","zf":"SR3","lot":5998,"ac":0.138,"fr":152.2,"env":0,"ew":0.0,"eh":0.0,"lv":32900.0,"psf":5.48,"minlot":10000,"minfr":80.0,"conf":false,"bld":false,"ter":"flat","slp":2.2,"elv":55.7,"ez":0,"cor":true,"flg":false,"lhd":false,"fld":false,"wet":false,"oc":"WEST NEWTON"}},{"type":"Feature","geometry":{"type":"Polygon","coordinates":[[[-71.16291,42.33334],[-71.16292,42.33333],[-71.16294,42.33333],[-71.16295,42.33332],[-71.16296,42.33332],[-71.16297,42.33332],[-71.163,42.33331],[-71.16301,42.33331],[-71.16303,42.33331],[-71.16307,42.3333],[-71.16314,42.33357],[-71.16291,42.33334]]]},"properties":{"a":"1 CHESTNUT HILL TER","v":"CHESTNUT HILL","z":"SR1","zf":"SR1","lot":2161,"ac":0.05,"fr":11.7,"env":0,"ew":0.0,"eh":0.0,"lv":23300.0,"psf":10.78,"minlot":25000,"minfr":125.0,"conf":false,"bld":false,"ter":"moderate","slp":13.6,"elv":160.6,"ez":0,"cor":false,"flg":false,"lhd":true,"fld":false,"wet":false,"oc":"NEWTON"}},{"type":"Feature","geometry":{"type":"Polygon","coordinates":[[[-71.256,42.34673],[-71.25603,42.34675],[-71.2556,42.34718],[-71.25536,42.34702],[-71.25534,42.34702],[-71.25534,42.34701],[-71.25533,42.347],[-71.25533,42.34699],[-71.25533,42.34697],[-71.25533,42.34696],[-71.25533,42.34695],[-71.25534,42.34694],[-71.25535,42.34693],[-71.25536,42.34692],[-71.25537,42.34692],[-71.25538,42.34691],[-71.25571,42.34682],[-71.25586,42.34678],[-71.256,42.34673]]]},"properties":{"a":"2285 COMMONWEALTH AVE","v":"AUBURNDALE","z":"SR3","zf":"SR3","lot":12301,"ac":0.282,"fr":266.8,"env":0,"ew":0.0,"eh":0.0,"lv":63700.0,"psf":5.18,"minlot":10000,"minfr":80.0,"conf":true,"bld":false,"ter":"moderate","slp":11.4,"elv":61.3,"ez":0,"cor":true,"flg":false,"lhd":false,"fld":false,"wet":false,"oc":"AUBURNDALE"}},{"type":"Feature","geometry":{"type":"Polygon","coordinates":[[[-71.2257,42.34341],[-71.22566,42.34334],[-71.22568,42.34334],[-71.22589,42.34328],[-71.22611,42.34322],[-71.22615,42.34321],[-71.22616,42.34321],[-71.22617,42.34324],[-71.22618,42.34327],[-71.22619,42.34328],[-71.22621,42.34332],[-71.22623,42.34337],[-71.22624,42.34338],[-71.22624,42.3434],[-71.22625,42.34341],[-71.22626,42.34342],[-71.2259,42.34353],[-71.22578,42.34357],[-71.2257,42.34342],[-71.2257,42.34341]]]},"properties":{"a":"PRINCE ST","v":"WEST NEWTON","z":"SR1","zf":"SR1","lot":12131,"ac":0.279,"fr":58.2,"env":2759,"ew":79.9,"eh":34.5,"lv":85300.0,"psf":7.03,"minlot":25000,"minfr":125.0,"conf":false,"bld":true,"ter":"flat","slp":3.8,"elv":163.9,"ez":0,"cor":false,"flg":false,"lhd":false,"fld":false,"wet":false,"oc":"WEST NEWTON"}},{"type":"Feature","geometry":{"type":"Polygon","coordinates":[[[-71.19942,42.33553],[-71.19971,42.33547],[-71.19975,42.33556],[-71.1997,42.33557],[-71.19966,42.33558],[-71.19963,42.33559],[-71.19964,42.3356],[-71.19964,42.3356],[-71.19964,42.33561],[-71.19956,42.33563],[-71.19954,42.33564],[-71.19945,42.33567],[-71.19945,42.33566],[-71.19944,42.33563],[-71.19943,42.33558],[-71.19942,42.33554],[-71.19942,42.33553]]]},"properties":{"a":"MANOR HOUSE RD","v":"NEWTON CENTRE","z":"SR2","zf":"SR2","lot":3263,"ac":0.075,"fr":43.4,"env":721,"ew":34.5,"eh":20.9,"lv":26300.0,"psf":8.06,"minlot":15000,"minfr":100.0,"conf":false,"bld":false,"ter":"flat","slp":3.3,"elv":148.2,"ez":0,"cor":false,"flg":false,"lhd":false,"fld":false,"wet":false,"oc":"NEWTON"}},{"type":"Feature","geometry":{"type":"Polygon","coordinates":[[[-71.22423,42.32601],[-71.22448,42.3261],[-71.22447,42.32613],[-71.22423,42.32602],[-71.22423,42.32601]]]},"properties":{"a":"HOMESTEAD ST","v":"WABAN","z":"SR2","zf":"SR2","lot":588,"ac":0.013,"fr":77.3,"env":0,"ew":0.0,"eh":0.0,"lv":4400.0,"psf":7.48,"minlot":15000,"minfr":100.0,"conf":false,"bld":false,"ter":"gentle","slp":7.7,"elv":140.4,"ez":0,"cor":false,"flg":false,"lhd":false,"fld":false,"wet":false,"oc":"WABAN"}},{"type":"Feature","geometry":{"type":"Polygon","coordinates":[[[-71.17247,42.30957],[-71.17229,42.30944],[-71.17229,42.30944],[-71.17231,42.30942],[-71.17232,42.30941],[-71.17254,42.30956],[-71.17252,42.30958],[-71.17251,42.30959],[-71.17251,42.3096],[-71.17247,42.30957]]]},"properties":{"a":"AUDUBON DR OFF","v":"THOMPSONVILLE","z":"SR3","zf":"SR3","lot":1002,"ac":0.023,"fr":81.0,"env":0,"ew":0.0,"eh":0.0,"lv":7200.0,"psf":7.19,"minlot":10000,"minfr":80.0,"conf":false,"bld":false,"ter":"gentle","slp":9.5,"elv":191.9,"ez":0,"cor":false,"flg":true,"lhd":false,"fld":false,"wet":false,"oc":"CHESTNUT HILL"}},{"type":"Feature","geometry":{"type":"Polygon","coordinates":[[[-71.2345,42.34547],[-71.23451,42.34549],[-71.23451,42.34551],[-71.23454,42.34577],[-71.23446,42.34578],[-71.23427,42.34565],[-71.23438,42.34557],[-71.2345,42.34547]]]},"properties":{"a":"WASHINGTON ST","v":"WEST NEWTON","z":"MR1","zf":"MR1","lot":4731,"ac":0.109,"fr":49.7,"env":458,"ew":15.4,"eh":29.7,"lv":25400.0,"psf":5.37,"minlot":7000,"minfr":70.0,"conf":false,"bld":false,"ter":"flat","slp":1.2,"elv":52.6,"ez":1,"cor":false,"flg":true,"lhd":false,"fld":false,"wet":false,"oc":"SHREWSBURY"}},{"type":"Feature","geometry":{"type":"Polygon","coordinates":[[[-71.22272,42.32235],[-71.22285,42.32222],[-71.22293,42.32214],[-71.22294,42.32213],[-71.22342,42.32236],[-71.22304,42.32253],[-71.22272,42.32235]]]},"properties":{"a":"FAIRLEE RD OFF","v":"WABAN","z":"SR2","zf":"SR2","lot":12336,"ac":0.283,"fr":109.6,"env":3042,"ew":60.2,"eh":50.5,"lv":67700.0,"psf":5.49,"minlot":15000,"minfr":100.0,"conf":false,"bld":true,"ter":"gentle","slp":7.5,"elv":134.8,"ez":0,"cor":false,"flg":true,"lhd":false,"fld":false,"wet":false,"oc":"NEWTON"}},{"type":"Feature","geometry":{"type":"Polygon","coordinates":[[[-71.23496,42.34575],[-71.23493,42.34558],[-71.23517,42.34558],[-71.23525,42.34558],[-71.23528,42.34576],[-71.23496,42.34575]]]},"properties":{"a":"DUNCAN RD","v":"WEST NEWTON","z":"MR2","zf":"MR2","lot":4744,"ac":0.109,"fr":22.5,"env":3046,"ew":75.1,"eh":40.6,"lv":27700.0,"psf":5.84,"minlot":7000,"minfr":70.0,"conf":false,"bld":true,"ter":"flat","slp":1.3,"elv":52.1,"ez":0,"cor":false,"flg":true,"lhd":false,"fld":false,"wet":false,"oc":"NEWTON"}},{"type":"Feature","geometry":{"type":"Polygon","coordinates":[[[-71.21378,42.34576],[-71.21376,42.34596],[-71.21376,42.34596],[-71.21327,42.34594],[-71.21328,42.34575],[-71.21378,42.34576]]]},"properties":{"a":"WALDEN ST","v":"NEWTONVILLE","z":"SR2","zf":"SR2","lot":9082,"ac":0.209,"fr":69.8,"env":4630,"ew":103.6,"eh":44.7,"lv":62400.0,"psf":6.87,"minlot":15000,"minfr":100.0,"conf":false,"bld":true,"ter":"moderate","slp":13.2,"elv":119.0,"ez":1,"cor":false,"flg":false,"lhd":false,"fld":false,"wet":false,"oc":"NEWTON"}},{"type":"Feature","geometry":{"type":"Polygon","coordinates":[[[-71.2386,42.34044],[-71.23873,42.3403],[-71.23904,42.34048],[-71.23888,42.34063],[-71.23876,42.34055],[-71.23871,42.34051],[-71.2386,42.34044]]]},"properties":{"a":"WASHINGTON ST","v":"AUBURNDALE","z":"SR3","zf":"SR3","lot":6800,"ac":0.156,"fr":70.5,"env":1644,"ew":40.8,"eh":40.3,"lv":32000.0,"psf":4.71,"minlot":10000,"minfr":80.0,"conf":false,"bld":true,"ter":"flat","slp":3.9,"elv":93.5,"ez":0,"cor":false,"flg":true,"lhd":false,"fld":false,"wet":false,"oc":"AUBURNDALE"}},{"type":"Feature","geometry":{"type":"Polygon","coordinates":[[[-71.25244,42.34205],[-71.25269,42.34217],[-71.25273,42.34219],[-71.25271,42.34223],[-71.25268,42.34227],[-71.2526,42.34242],[-71.25226,42.34227],[-71.25244,42.34205]]]},"properties":{"a":"CENTRAL ST","v":"AUBURNDALE","z":"SR3","zf":"SR3","lot":9422,"ac":0.216,"fr":80.5,"env":2024,"ew":44.6,"eh":45.4,"lv":58500.0,"psf":6.21,"minlot":10000,"minfr":80.0,"conf":false,"bld":false,"ter":"gentle","slp":5.6,"elv":119.6,"ez":1,"cor":false,"flg":true,"lhd":true,"fld":false,"wet":false,"oc":"NEWTON"}},{"type":"Feature","geometry":{"type":"Polygon","coordinates":[[[-71.1721,42.32975],[-71.17205,42.32974],[-71.17217,42.32949],[-71.17219,42.32945],[-71.17221,42.32945],[-71.17221,42.32945],[-71.17224,42.32946],[-71.17231,42.32948],[-71.17237,42.32949],[-71.17234,42.32956],[-71.17232,42.32959],[-71.17223,42.32978],[-71.17218,42.32977],[-71.17215,42.32976],[-71.1721,42.32975]]]},"properties":{"a":"SUFFOLK RD","v":"CHESTNUT HILL","z":"SR1","zf":"SR1","lot":5624,"ac":0.129,"fr":36.7,"env":892,"ew":20.1,"eh":44.3,"lv":64200.0,"psf":11.42,"minlot":25000,"minfr":125.0,"conf":false,"bld":false,"ter":"flat","slp":4.0,"elv":184.7,"ez":0,"cor":false,"flg":false,"lhd":true,"fld":false,"wet":false,"oc":"CHESTNUT HILL"}},{"type":"Feature","geometry":{"type":"Polygon","coordinates":[[[-71.17894,42.35331],[-71.17882,42.3535],[-71.17879,42.35353],[-71.17866,42.35347],[-71.17873,42.35339],[-71.17858,42.35331],[-71.17867,42.35321],[-71.17894,42.35331]]]},"properties":{"a":"WAVERLEY AVE","v":"NEWTON CORNER","z":"MR1","zf":"MR1","lot":5693,"ac":0.131,"fr":42.6,"env":1398,"ew":34.7,"eh":40.3,"lv":36100.0,"psf":6.34,"minlot":7000,"minfr":70.0,"conf":false,"bld":true,"ter":"gentle","slp":8.1,"elv":81.8,"ez":1,"cor":false,"flg":true,"lhd":false,"fld":false,"wet":false,"oc":"NEWTON"}},{"type":"Feature","geometry":{"type":"Polygon","coordinates":[[[-71.1797,42.34957],[-71.17968,42.34943],[-71.17973,42.34942],[-71.17974,42.34942],[-71.17979,42.34941],[-71.17983,42.34963],[-71.17984,42.34964],[-71.17982,42.34965],[-71.17977,42.34966],[-71.17975,42.34964],[-71.17975,42.34963],[-71.17974,42.34962],[-71.17971,42.34958],[-71.1797,42.34957]]]},"properties":{"a":"NONANTUM ST","v":"NEWTON CORNER","z":"SR1","zf":"SR1","lot":2400,"ac":0.055,"fr":15.6,"env":529,"ew":20.9,"eh":25.3,"lv":16500.0,"psf":6.87,"minlot":25000,"minfr":125.0,"conf":false,"bld":false,"ter":"gentle","slp":7.0,"elv":147.4,"ez":0,"cor":false,"flg":false,"lhd":false,"fld":false,"wet":false,"oc":"NEWTON"}},{"type":"Feature","geometry":{"type":"Polygon","coordinates":[[[-71.22761,42.34269],[-71.22734,42.34241],[-71.2277,42.34233],[-71.22775,42.34243],[-71.22787,42.34268],[-71.2279,42.34274],[-71.2279,42.34274],[-71.22785,42.34276],[-71.22772,42.3428],[-71.22761,42.34269]]]},"properties":{"a":"FAIRFAX ST","v":"WEST NEWTON","z":"SR1","zf":"SR1","lot":12558,"ac":0.288,"fr":101.6,"env":2150,"ew":35.5,"eh":60.5,"lv":87500.0,"psf":6.97,"minlot":25000,"minfr":125.0,"conf":false,"bld":true,"ter":"very_steep","slp":94.5,"elv":142.1,"ez":0,"cor":false,"flg":false,"lhd":false,"fld":false,"wet":false,"oc":"NEWTON"}},{"type":"Feature","geometry":{"type":"Polygon","coordinates":[[[-71.24757,42.32344],[-71.24788,42.3233],[-71.2479,42.32335],[-71.24791,42.32337],[-71.24791,42.3234],[-71.24792,42.32341],[-71.24767,42.32352],[-71.24757,42.32344]]]},"properties":{"a":"QUINOBEQUIN RD","v":"NEWTON LOWER FALLS","z":"SR2","zf":"SR2","lot":3572,"ac":0.082,"fr":19.5,"env":607,"ew":29.8,"eh":20.4,"lv":28100.0,"psf":7.87,"minlot":15000,"minfr":100.0,"conf":false,"bld":false,"ter":"gentle","slp":5.1,"elv":66.4,"ez":0,"cor":false,"flg":false,"lhd":false,"fld":false,"wet":false,"oc":"WABAN"}},{"type":"Feature","geometry":{"type":"Polygon","coordinates":[[[-71.17281,42.3187],[-71.17284,42.31874],[-71.17261,42.31891],[-71.17258,42.31887],[-71.17281,42.3187]]]},"properties":{"a":"BOYLSTON ST REAR","v":"THOMPSONVILLE","z":"MR3","zf":"MR3","lot":1272,"ac":0.029,"fr":16.4,"env":0,"ew":0.0,"eh":0.0,"lv":8400.0,"psf":6.6,"minlot":6000,"minfr":60.0,"conf":false,"bld":false,"ter":"gentle","slp":5.1,"elv":171.5,"ez":1,"cor":false,"flg":true,"lhd":false,"fld":false,"wet":false,"oc":"CHESTNUT HILL"}},{"type":"Feature","geometry":{"type":"Polygon","coordinates":[[[-71.22246,42.36247],[-71.22292,42.36218],[-71.22293,42.36218],[-71.22293,42.36219],[-71.22294,42.3622],[-71.223,42.36225],[-71.223,42.36225],[-71.22296,42.36227],[-71.22253,42.36255],[-71.22246,42.36247]]]},"properties":{"a":"HARDING ST","v":"WEST NEWTON","z":"SR3","zf":"SR3","lot":4966,"ac":0.114,"fr":35.3,"env":407,"ew":20.2,"eh":20.2,"lv":28500.0,"psf":5.74,"minlot":10000,"minfr":80.0,"conf":false,"bld":false,"ter":"moderate","slp":10.2,"elv":53.4,"ez":0,"cor":false,"flg":false,"lhd":false,"fld":false,"wet":false,"oc":"WEST NEWTON"}},{"type":"Feature","geometry":{"type":"Polygon","coordinates":[[[-71.23579,42.35927],[-71.23594,42.35906],[-71.23606,42.35911],[-71.23607,42.35911],[-71.23608,42.35912],[-71.23609,42.35913],[-71.23609,42.35913],[-71.2361,42.35914],[-71.2361,42.35915],[-71.2361,42.35915],[-71.2361,42.35916],[-71.2361,42.35917],[-71.23609,42.35918],[-71.23598,42.35934],[-71.23579,42.35927]]]},"properties":{"a":"ADAMS AVE","v":"WEST NEWTON","z":"SR3","zf":"SR3","lot":4988,"ac":0.114,"fr":101.3,"env":401,"ew":15.6,"eh":25.6,"lv":27300.0,"psf":5.47,"minlot":10000,"minfr":80.0,"conf":false,"bld":false,"ter":"flat","slp":4.0,"elv":109.7,"ez":0,"cor":true,"flg":false,"lhd":false,"fld":false,"wet":false,"oc":"NEWTON"}},{"type":"Feature","geometry":{"type":"Polygon","coordinates":[[[-71.22097,42.35658],[-71.22106,42.35633],[-71.22123,42.35636],[-71.22113,42.35662],[-71.22097,42.35658]]]},"properties":{"a":"WARWICK RD","v":"WEST NEWTON","z":"SR3","zf":"SR3","lot":4687,"ac":0.108,"fr":48.6,"env":1536,"ew":30.3,"eh":50.7,"lv":26800.0,"psf":5.72,"minlot":10000,"minfr":80.0,"conf":false,"bld":true,"ter":"flat","slp":2.0,"elv":68.4,"ez":0,"cor":false,"flg":false,"lhd":false,"fld":false,"wet":false,"oc":"NEWTON"}},{"type":"Feature","geometry":{"type":"Polygon","coordinates":[[[-71.23868,42.35833],[-71.23855,42.35828],[-71.23846,42.35824],[-71.23846,42.35824],[-71.23833,42.35818],[-71.23838,42.35813],[-71.23841,42.35809],[-71.23838,42.35807],[-71.23834,42.35805],[-71.2382,42.35799],[-71.23836,42.35802],[-71.23888,42.35814],[-71.23884,42.3582],[-71.23882,42.35823],[-71.23879,42.35828],[-71.23874,42.35835],[-71.23871,42.35834],[-71.2387,42.35834],[-71.23868,42.35833]]]},"properties":{"a":"JAMES ST REAR","v":"WEST NEWTON","z":"SR3","zf":"SR3","lot":10080,"ac":0.231,"fr":9.8,"env":1384,"ew":54.5,"eh":25.4,"lv":53000.0,"psf":5.26,"minlot":10000,"minfr":80.0,"conf":false,"bld":true,"ter":"gentle","slp":6.9,"elv":74.8,"ez":0,"cor":false,"flg":true,"lhd":false,"fld":false,"wet":false,"oc":"WEST NEWTON"}},{"type":"Feature","geometry":{"type":"Polygon","coordinates":[[[-71.22802,42.36334],[-71.22779,42.36341],[-71.22779,42.3634],[-71.22779,42.36339],[-71.22782,42.36329],[-71.22782,42.36329],[-71.22782,42.36328],[-71.22783,42.36327],[-71.22791,42.36329],[-71.22802,42.36333],[-71.22802,42.36333],[-71.22802,42.36334],[-71.22802,42.36334]]]},"properties":{"a":"ARBOR RD","v":"WEST NEWTON","z":"SR3","zf":"SR3","lot":1137,"ac":0.026,"fr":32.1,"env":0,"ew":0.0,"eh":0.0,"lv":6200.0,"psf":5.45,"minlot":10000,"minfr":80.0,"conf":false,"bld":false,"ter":"flat","slp":1.1,"elv":81.2,"ez":0,"cor":false,"flg":true,"lhd":false,"fld":false,"wet":false,"oc":"WALTHAM"}},{"type":"Feature","geometry":{"type":"Polygon","coordinates":[[[-71.20292,42.36185],[-71.20295,42.36184],[-71.20296,42.36183],[-71.20299,42.36182],[-71.20309,42.36179],[-71.20326,42.36203],[-71.20323,42.36204],[-71.2032,42.36205],[-71.20309,42.36209],[-71.20306,42.36204],[-71.20304,42.36202],[-71.203,42.36197],[-71.20299,42.36194],[-71.20297,42.36191],[-71.20292,42.36185]]]},"properties":{"a":"SILVER LAKE AVE","v":"NONANTUM","z":"MR2","zf":"MR2","lot":5001,"ac":0.115,"fr":33.9,"env":1277,"ew":25.0,"eh":51.0,"lv":31100.0,"psf":6.22,"minlot":7000,"minfr":70.0,"conf":false,"bld":true,"ter":"flat","slp":4.4,"elv":44.0,"ez":0,"cor":false,"flg":false,"lhd":false,"fld":false,"wet":false,"oc":"NEEDHAM HEIGHTS"}},{"type":"Feature","geometry":{"type":"Polygon","coordinates":[[[-71.2282,42.32656],[-71.22811,42.32647],[-71.22824,42.32643],[-71.22832,42.3264],[-71.22842,42.32637],[-71.22844,42.32638],[-71.22848,42.3264],[-71.22866,42.32648],[-71.22861,42.3265],[-71.22843,42.32663],[-71.22836,42.32668],[-71.22833,42.3267],[-71.2283,42.32667],[-71.22826,42.32663],[-71.2282,42.32656]]]},"properties":{"a":"WOODWARD ST","v":"WABAN","z":"SR2","zf":"SR2/MRT","lot":8965,"ac":0.206,"fr":68.8,"env":895,"ew":35.0,"eh":25.6,"lv":68100.0,"psf":7.6,"minlot":15000,"minfr":100.0,"conf":false,"bld":true,"ter":"gentle","slp":9.1,"elv":129.2,"ez":1,"cor":false,"flg":false,"lhd":false,"fld":false,"wet":false,"oc":"WABAN"}},{"type":"Feature","geometry":{"type":"Polygon","coordinates":[[[-71.19607,42.30794],[-71.19613,42.30788],[-71.19648,42.30758],[-71.19678,42.30773],[-71.19646,42.30813],[-71.19607,42.30794]]]},"properties":{"a":"DEDHAM ST","v":"OAK HILL","z":"SR2","zf":"SR2","lot":19667,"ac":0.452,"fr":98.4,"env":6466,"ew":64.3,"eh":100.6,"lv":79000.0,"psf":4.02,"minlot":15000,"minfr":100.0,"conf":false,"bld":true,"ter":"flat","slp":2.4,"elv":173.8,"ez":0,"cor":false,"flg":false,"lhd":false,"fld":false,"wet":false,"oc":"NEWTON CENTRE"}},{"type":"Feature","geometry":{"type":"Polygon","coordinates":[[[-71.15721,42.33056],[-71.15776,42.33023],[-71.15795,42.3304],[-71.15792,42.33057],[-71.15799,42.33063],[-71.15801,42.33065],[-71.15804,42.33068],[-71.15792,42.33074],[-71.15791,42.33075],[-71.1579,42.33075],[-71.15788,42.33077],[-71.15787,42.33077],[-71.15786,42.33078],[-71.15784,42.33079],[-71.15782,42.3308],[-71.15781,42.33081],[-71.15781,42.33081],[-71.15781,42.33081],[-71.1578,42.33082],[-71.15779,42.33082],[-71.15779,42.33082],[-71.15777,42.33084],[-71.15775,42.33085],[-71.15775,42.33086],[-71.15774,42.33086],[-71.1577,42.33089],[-71.15769,42.3309],[-71.15769,42.3309],[-71.15762,42.33096],[-71.15721,42.33056]]]},"properties":{"a":"MALIA TER","v":"CHESTNUT HILL","z":"SR1","zf":"SR1","lot":31167,"ac":0.716,"fr":81.4,"env":7618,"ew":109.8,"eh":69.4,"lv":416600.0,"psf":13.37,"minlot":25000,"minfr":125.0,"conf":false,"bld":false,"ter":"gentle","slp":7.9,"elv":159.4,"ez":0,"cor":false,"flg":false,"lhd":true,"fld":false,"wet":false,"oc":"CHESTNUT HILL"}},{"type":"Feature","geometry":{"type":"Polygon","coordinates":[[[-71.19187,42.31628],[-71.19205,42.31624],[-71.19207,42.31629],[-71.1921,42.31637],[-71.19213,42.31646],[-71.1922,42.31644],[-71.19222,42.31651],[-71.19221,42.31651],[-71.1922,42.31651],[-71.19218,42.31651],[-71.19196,42.31656],[-71.19187,42.31628]]]},"properties":{"a":"HAYNES RD","v":"THOMPSONVILLE","z":"SR3","zf":"SR3","lot":4051,"ac":0.093,"fr":49.4,"env":1861,"ew":31.0,"eh":60.0,"lv":25200.0,"psf":6.22,"minlot":10000,"minfr":80.0,"conf":false,"bld":true,"ter":"flat","slp":3.5,"elv":118.3,"ez":0,"cor":false,"flg":false,"lhd":false,"fld":false,"wet":false,"oc":"NEWTON CENTRE"}},{"type":"Feature","geometry":{"type":"Polygon","coordinates":[[[-71.2264,42.31982],[-71.22676,42.31978],[-71.22679,42.31992],[-71.22642,42.31995],[-71.2264,42.31982]]]},"properties":{"a":"CHESTNUT ST","v":"NEWTON UPPER FALLS","z":"SR2","zf":"SR2","lot":4866,"ac":0.112,"fr":48.5,"env":1895,"ew":60.1,"eh":31.5,"lv":28400.0,"psf":5.84,"minlot":15000,"minfr":100.0,"conf":false,"bld":true,"ter":"gentle","slp":5.5,"elv":96.2,"ez":0,"cor":false,"flg":false,"lhd":false,"fld":false,"wet":false,"oc":"NAPLES"}},{"type":"Feature","geometry":{"type":"Polygon","coordinates":[[[-71.23971,42.33814],[-71.23976,42.33805],[-71.24005,42.33817],[-71.24004,42.33818],[-71.24001,42.33825],[-71.23981,42.33818],[-71.23973,42.33815],[-71.23971,42.33814]]]},"properties":{"a":"BERTRAND RD","v":"AUBURNDALE","z":"SR3","zf":"SR3","lot":3080,"ac":0.071,"fr":36.8,"env":0,"ew":0.0,"eh":0.0,"lv":19300.0,"psf":6.27,"minlot":10000,"minfr":80.0,"conf":false,"bld":false,"ter":"flat","slp":3.0,"elv":108.6,"ez":1,"cor":false,"flg":false,"lhd":false,"fld":false,"wet":false,"oc":"CHELMSFORD"}},{"type":"Feature","geometry":{"type":"Polygon","coordinates":[[[-71.23435,42.3485],[-71.23454,42.34846],[-71.23457,42.34853],[-71.23458,42.34856],[-71.23461,42.34864],[-71.23442,42.34868],[-71.2344,42.34863],[-71.23439,42.3486],[-71.23435,42.3485]]]},"properties":{"a":"WEBSTER ST","v":"WEST NEWTON","z":"MAN","zf":"MAN","lot":3276,"ac":0.075,"fr":55.1,"env":917,"ew":45.7,"eh":20.1,"lv":13400.0,"psf":4.09,"minlot":null,"minfr":null,"conf":false,"bld":false,"ter":"moderate","slp":12.1,"elv":52.0,"ez":1,"cor":false,"flg":false,"lhd":false,"fld":false,"wet":false,"oc":"NEWTON"}},{"type":"Feature","geometry":{"type":"Polygon","coordinates":[[[-71.22795,42.32379],[-71.22798,42.32377],[-71.22801,42.32375],[-71.22804,42.32372],[-71.22806,42.32369],[-71.22807,42.32366],[-71.22827,42.32368],[-71.22809,42.32383],[-71.22795,42.32379]]]},"properties":{"a":"BERNARD LN","v":"WABAN","z":"SR2","zf":"SR2","lot":3080,"ac":0.071,"fr":59.3,"env":0,"ew":0.0,"eh":0.0,"lv":26400.0,"psf":8.57,"minlot":15000,"minfr":100.0,"conf":false,"bld":false,"ter":"steep","slp":18.9,"elv":149.8,"ez":0,"cor":false,"flg":false,"lhd":false,"fld":false,"wet":false,"oc":"WABAN"}},{"type":"Feature","geometry":{"type":"Polygon","coordinates":[[[-71.21212,42.34967],[-71.21218,42.34968],[-71.21228,42.3497],[-71.21234,42.34971],[-71.21238,42.34971],[-71.21242,42.34973],[-71.21243,42.34973],[-71.21246,42.34979],[-71.21216,42.34983],[-71.21212,42.34969],[-71.21212,42.34968],[-71.21212,42.34967]]]},"properties":{"a":"AUSTIN ST REAR","v":"NEWTONVILLE","z":"SR2","zf":"SR2","lot":3206,"ac":0.074,"fr":82.1,"env":248,"ew":15.5,"eh":16.0,"lv":20400.0,"psf":6.36,"minlot":15000,"minfr":100.0,"conf":false,"bld":false,"ter":"gentle","slp":9.2,"elv":67.6,"ez":0,"cor":false,"flg":true,"lhd":false,"fld":false,"wet":false,"oc":"NEWTON"}},{"type":"Feature","geometry":{"type":"Polygon","coordinates":[[[-71.19011,42.35034],[-71.19014,42.35028],[-71.19032,42.35033],[-71.19034,42.35034],[-71.19031,42.3504],[-71.1903,42.35041],[-71.19028,42.35045],[-71.19015,42.35066],[-71.19006,42.35062],[-71.19003,42.35061],[-71.18995,42.35057],[-71.19008,42.3504],[-71.19011,42.35034]]]},"properties":{"a":"CLAREMONT ST","v":"NEWTON CORNER","z":"SR2","zf":"SR2","lot":6904,"ac":0.159,"fr":51.3,"env":1958,"ew":30.2,"eh":64.8,"lv":47600.0,"psf":6.89,"minlot":15000,"minfr":100.0,"conf":false,"bld":true,"ter":"gentle","slp":7.3,"elv":176.0,"ez":0,"cor":false,"flg":true,"lhd":false,"fld":false,"wet":false,"oc":"NEWTON"}},{"type":"Feature","geometry":{"type":"Polygon","coordinates":[[[-71.22173,42.32236],[-71.22191,42.32224],[-71.22195,42.32222],[-71.22244,42.32189],[-71.22275,42.32204],[-71.22274,42.32206],[-71.22274,42.32208],[-71.22273,42.32212],[-71.22222,42.32261],[-71.22218,42.32265],[-71.22212,42.32268],[-71.22186,42.32247],[-71.22177,42.3224],[-71.22173,42.32236]]]},"properties":{"a":"ORCHARD AVE OFF WAB","v":"WABAN","z":"SR2","zf":"SR2","lot":31137,"ac":0.715,"fr":19.7,"env":8900,"ew":94.7,"eh":94.0,"lv":166300.0,"psf":5.34,"minlot":15000,"minfr":100.0,"conf":false,"bld":true,"ter":"gentle","slp":8.1,"elv":144.2,"ez":0,"cor":false,"flg":true,"lhd":false,"fld":false,"wet":false,"oc":"WABAN"}},{"type":"Feature","geometry":{"type":"Polygon","coordinates":[[[-71.23706,42.36057],[-71.23713,42.36047],[-71.23713,42.36046],[-71.23714,42.36046],[-71.23718,42.3604],[-71.23731,42.36045],[-71.23731,42.36045],[-71.2373,42.36046],[-71.2373,42.36046],[-71.23724,42.36055],[-71.2372,42.36062],[-71.23708,42.36058],[-71.23707,42.36057],[-71.23706,42.36057]]]},"properties":{"a":"UNDERWOOD AVE","v":"WEST NEWTON","z":"SR3","zf":"SR3","lot":2544,"ac":0.058,"fr":39.7,"env":641,"ew":25.6,"eh":25.1,"lv":13900.0,"psf":5.46,"minlot":10000,"minfr":80.0,"conf":false,"bld":false,"ter":"flat","slp":1.8,"elv":106.5,"ez":0,"cor":false,"flg":false,"lhd":false,"fld":false,"wet":false,"oc":"NEWTON"}},{"type":"Feature","geometry":{"type":"Polygon","coordinates":[[[-71.20984,42.31201],[-71.20984,42.31196],[-71.20985,42.3119],[-71.20986,42.31174],[-71.20996,42.31175],[-71.20993,42.31202],[-71.20984,42.31201]]]},"properties":{"a":"JACONNET ST","v":"NEWTON HIGHLANDS","z":"MR1","zf":"MR1","lot":2500,"ac":0.057,"fr":24.7,"env":1413,"ew":30.9,"eh":45.7,"lv":4400.0,"psf":1.76,"minlot":7000,"minfr":70.0,"conf":false,"bld":true,"ter":"flat","slp":5.0,"elv":111.5,"ez":2,"cor":false,"flg":true,"lhd":false,"fld":false,"wet":false,"oc":"TAUNTON"}},{"type":"Feature","geometry":{"type":"Polygon","coordinates":[[[-71.23936,42.35095],[-71.23952,42.35082],[-71.23971,42.35105],[-71.23977,42.35112],[-71.23962,42.3512],[-71.23962,42.3512],[-71.23936,42.35095]]]},"properties":{"a":"AUBURNDALE AVE","v":"AUBURNDALE","z":"SR3","zf":"SR3","lot":6952,"ac":0.16,"fr":64.3,"env":1407,"ew":40.0,"eh":35.1,"lv":42800.0,"psf":6.16,"minlot":10000,"minfr":80.0,"conf":false,"bld":true,"ter":"gentle","slp":6.4,"elv":63.5,"ez":0,"cor":false,"flg":false,"lhd":false,"fld":false,"wet":false,"oc":"AUBURNDALE"}},{"type":"Feature","geometry":{"type":"Polygon","coordinates":[[[-71.17468,42.3497],[-71.17483,42.34971],[-71.17482,42.34975],[-71.17482,42.34975],[-71.1748,42.34992],[-71.17465,42.34991],[-71.17468,42.3497]]]},"properties":{"a":"ROGERS ST  NNC","v":"NEWTON CORNER","z":"MR1","zf":"MR1","lot":3202,"ac":0.073,"fr":40.8,"env":1231,"ew":29.6,"eh":41.5,"lv":21900.0,"psf":6.84,"minlot":7000,"minfr":70.0,"conf":false,"bld":true,"ter":"steep","slp":15.1,"elv":145.1,"ez":0,"cor":false,"flg":false,"lhd":false,"fld":false,"wet":false,"oc":"NEWTON"}},{"type":"Feature","geometry":{"type":"Polygon","coordinates":[[[-71.20403,42.36277],[-71.20437,42.36264],[-71.20444,42.36276],[-71.20411,42.36288],[-71.20403,42.36277]]]},"properties":{"a":"MELBOURNE AVE","v":"NONANTUM","z":"MR1","zf":"MR1","lot":5001,"ac":0.115,"fr":47.0,"env":1003,"ew":40.4,"eh":24.8,"lv":25900.0,"psf":5.18,"minlot":7000,"minfr":70.0,"conf":false,"bld":true,"ter":"flat","slp":3.8,"elv":40.0,"ez":0,"cor":false,"flg":false,"lhd":false,"fld":false,"wet":false,"oc":"NEWTON"}},{"type":"Feature","geometry":{"type":"Polygon","coordinates":[[[-71.18318,42.32123],[-71.18338,42.32119],[-71.18341,42.32129],[-71.18349,42.32145],[-71.1833,42.32149],[-71.18327,42.32149],[-71.18318,42.32123]]]},"properties":{"a":"JOHN ST","v":"THOMPSONVILLE","z":"MR1","zf":"MR1","lot":5602,"ac":0.129,"fr":55.3,"env":1642,"ew":29.9,"eh":55.0,"lv":37500.0,"psf":6.69,"minlot":7000,"minfr":70.0,"conf":false,"bld":true,"ter":"moderate","slp":13.7,"elv":226.6,"ez":1,"cor":false,"flg":false,"lhd":false,"fld":false,"wet":false,"oc":"NEWTON"}},{"type":"Feature","geometry":{"type":"Polygon","coordinates":[[[-71.21567,42.3558],[-71.21564,42.35576],[-71.21563,42.35575],[-71.2156,42.3557],[-71.21566,42.35567],[-71.2158,42.35586],[-71.21587,42.35596],[-71.21583,42.35597],[-71.21581,42.35598],[-71.2158,42.35598],[-71.2158,42.35598],[-71.21577,42.35595],[-71.21577,42.35594],[-71.2157,42.35584],[-71.21567,42.35581],[-71.21567,42.3558]]]},"properties":{"a":"ALBEMARLE RD REAR","v":"NEWTONVILLE","z":"SR3","zf":"SR3","lot":2322,"ac":0.053,"fr":79.1,"env":0,"ew":0.0,"eh":0.0,"lv":10800.0,"psf":4.65,"minlot":10000,"minfr":80.0,"conf":false,"bld":false,"ter":"flat","slp":4.3,"elv":39.7,"ez":0,"cor":false,"flg":true,"lhd":false,"fld":false,"wet":false,"oc":"NEWTON"}},{"type":"Feature","geometry":{"type":"Polygon","coordinates":[[[-71.20722,42.32509],[-71.20731,42.32484],[-71.20737,42.32485],[-71.2074,42.32486],[-71.20749,42.32487],[-71.20746,42.32496],[-71.20743,42.32505],[-71.20741,42.32512],[-71.20722,42.32509]]]},"properties":{"a":"DUNCKLEE ST","v":"NEWTON HIGHLANDS","z":"SR2","zf":"SR2","lot":4848,"ac":0.111,"fr":51.3,"env":1821,"ew":36.0,"eh":50.6,"lv":37000.0,"psf":7.63,"minlot":15000,"minfr":100.0,"conf":false,"bld":true,"ter":"gentle","slp":9.2,"elv":159.0,"ez":0,"cor":false,"flg":false,"lhd":false,"fld":false,"wet":false,"oc":"NEWTON HGLDS"}},{"type":"Feature","geometry":{"type":"Polygon","coordinates":[[[-71.18678,42.34539],[-71.18672,42.34538],[-71.1868,42.34516],[-71.18635,42.34507],[-71.18637,42.34503],[-71.18722,42.34521],[-71.1872,42.34526],[-71.18714,42.34545],[-71.18678,42.34539]]]},"properties":{"a":"JAMESON RD","v":"NEWTON CORNER","z":"SR2","zf":"SR2","lot":12079,"ac":0.277,"fr":14.7,"env":5325,"ew":89.9,"eh":59.2,"lv":74300.0,"psf":6.15,"minlot":15000,"minfr":100.0,"conf":false,"bld":true,"ter":"flat","slp":4.9,"elv":188.4,"ez":0,"cor":false,"flg":false,"lhd":false,"fld":false,"wet":false,"oc":"NEWTON"}},{"type":"Feature","geometry":{"type":"Polygon","coordinates":[[[-71.23753,42.36053],[-71.23741,42.36056],[-71.23745,42.3605],[-71.23746,42.3605],[-71.23749,42.36051],[-71.23753,42.36053]]]},"properties":{"a":"UNDERWOOD AVE","v":"WEST NEWTON","z":"SR3","zf":"SR3","lot":100,"ac":0.002,"fr":11.1,"env":0,"ew":0.0,"eh":0.0,"lv":500.0,"psf":4.99,"minlot":10000,"minfr":80.0,"conf":false,"bld":false,"ter":"flat","slp":1.4,"elv":106.0,"ez":0,"cor":false,"flg":false,"lhd":false,"fld":false,"wet":false,"oc":"WELLESLEY HILLS"}},{"type":"Feature","geometry":{"type":"Polygon","coordinates":[[[-71.23777,42.34937],[-71.23793,42.34936],[-71.23795,42.3494],[-71.23796,42.34941],[-71.23801,42.34951],[-71.23801,42.34952],[-71.23801,42.34953],[-71.23801,42.34954],[-71.238,42.34955],[-71.238,42.34955],[-71.23799,42.34956],[-71.23798,42.34957],[-71.23797,42.34957],[-71.23784,42.34959],[-71.23777,42.34937]]]},"properties":{"a":"LARKIN RD","v":"AUBURNDALE","z":"SR3","zf":"SR3","lot":3781,"ac":0.087,"fr":91.5,"env":0,"ew":0.0,"eh":0.0,"lv":20800.0,"psf":5.5,"minlot":10000,"minfr":80.0,"conf":false,"bld":false,"ter":"gentle","slp":6.4,"elv":54.9,"ez":0,"cor":true,"flg":false,"lhd":false,"fld":false,"wet":false,"oc":"NEWTON"}},{"type":"Feature","geometry":{"type":"Polygon","coordinates":[[[-71.21003,42.31203],[-71.21,42.31202],[-71.20997,42.31202],[-71.20993,42.31202],[-71.20996,42.31175],[-71.2101,42.31176],[-71.21011,42.31176],[-71.21015,42.31176],[-71.21012,42.31203],[-71.21003,42.31203]]]},"properties":{"a":"JACONNET ST","v":"NEWTON HIGHLANDS","z":"MR1","zf":"MR1","lot":5001,"ac":0.115,"fr":10.0,"env":3013,"ew":46.9,"eh":64.3,"lv":8800.0,"psf":1.76,"minlot":7000,"minfr":70.0,"conf":false,"bld":true,"ter":"flat","slp":5.0,"elv":110.8,"ez":1,"cor":false,"flg":true,"lhd":false,"fld":false,"wet":false,"oc":"TAUNTON"}},{"type":"Feature","geometry":{"type":"Polygon","coordinates":[[[-71.21732,42.34408],[-71.21751,42.34405],[-71.21754,42.34405],[-71.21761,42.34404],[-71.21763,42.34412],[-71.21777,42.3441],[-71.21778,42.34413],[-71.21781,42.34424],[-71.21769,42.34425],[-71.21758,42.34427],[-71.21737,42.34429],[-71.21732,42.34408]]]},"properties":{"a":"SOMERSET RD","v":"WEST NEWTON","z":"SR1","zf":"SR1","lot":8398,"ac":0.193,"fr":79.9,"env":1578,"ew":61.0,"eh":25.9,"lv":78800.0,"psf":9.38,"minlot":25000,"minfr":125.0,"conf":false,"bld":true,"ter":"flat","slp":1.0,"elv":201.1,"ez":0,"cor":false,"flg":false,"lhd":false,"fld":false,"wet":false,"oc":"NEWTON"}},{"type":"Feature","geometry":{"type":"Polygon","coordinates":[[[-71.18918,42.35211],[-71.18942,42.35185],[-71.18944,42.35183],[-71.18955,42.35171],[-71.18976,42.35148],[-71.18991,42.35131],[-71.18992,42.3513],[-71.18992,42.3513],[-71.18993,42.3513],[-71.19033,42.35147],[-71.19003,42.35183],[-71.18999,42.35188],[-71.18978,42.35214],[-71.18967,42.35229],[-71.18948,42.35222],[-71.18933,42.35216],[-71.18925,42.35214],[-71.18918,42.35211]]]},"properties":{"a":"BELLEVUE ST","v":"NEWTON CORNER","z":"SR2","zf":"SR2","lot":47951,"ac":1.101,"fr":122.5,"env":9826,"ew":79.4,"eh":123.7,"lv":256900.0,"psf":5.36,"minlot":15000,"minfr":100.0,"conf":true,"bld":true,"ter":"moderate","slp":11.2,"elv":165.0,"ez":0,"cor":false,"flg":false,"lhd":false,"fld":false,"wet":false,"oc":"NEWTON"}},{"type":"Feature","geometry":{"type":"Polygon","coordinates":[[[-71.21461,42.36125],[-71.21468,42.36109],[-71.2147,42.3611],[-71.21489,42.36115],[-71.215,42.36118],[-71.215,42.36118],[-71.215,42.36119],[-71.21499,42.3612],[-71.21499,42.36121],[-71.21495,42.36134],[-71.21493,42.36133],[-71.21488,42.36132],[-71.21461,42.36125]]]},"properties":{"a":"BROOKDALE RD","v":"NONANTUM","z":"SR3","zf":"SR3","lot":5789,"ac":0.133,"fr":48.2,"env":2040,"ew":50.9,"eh":40.1,"lv":33200.0,"psf":5.73,"minlot":10000,"minfr":80.0,"conf":false,"bld":true,"ter":"flat","slp":3.0,"elv":29.5,"ez":0,"cor":false,"flg":false,"lhd":false,"fld":false,"wet":false,"oc":"NEWTON"}},{"type":"Feature","geometry":{"type":"Polygon","coordinates":[[[-71.1795,42.35835],[-71.17953,42.35825],[-71.17958,42.35808],[-71.17972,42.35807],[-71.17973,42.3581],[-71.17974,42.35816],[-71.17975,42.35825],[-71.17981,42.35826],[-71.17985,42.35826],[-71.1799,42.35826],[-71.1799,42.35827],[-71.1799,42.35831],[-71.1799,42.35835],[-71.17984,42.35835],[-71.17982,42.35835],[-71.17981,42.35835],[-71.17978,42.35835],[-71.17973,42.35836],[-71.17965,42.35836],[-71.17959,42.35837],[-71.17954,42.35837],[-71.17949,42.35838],[-71.17949,42.35836],[-71.1795,42.35835]]]},"properties":{"a":"ST JAMES ST REAR","v":"NEWTON CORNER","z":"MR2","zf":"MR2","lot":7000,"ac":0.161,"fr":15.9,"env":2171,"ew":30.6,"eh":71.1,"lv":43300.0,"psf":6.19,"minlot":7000,"minfr":70.0,"conf":false,"bld":true,"ter":"steep","slp":15.9,"elv":42.7,"ez":1,"cor":false,"flg":true,"lhd":false,"fld":false,"wet":false,"oc":"NEWTON"}},{"type":"Feature","geometry":{"type":"Polygon","coordinates":[[[-71.23245,42.32339],[-71.23275,42.32336],[-71.23276,42.32323],[-71.23294,42.32324],[-71.23308,42.32324],[-71.2331,42.32324],[-71.23313,42.32324],[-71.23309,42.32332],[-71.23303,42.32343],[-71.23295,42.32358],[-71.23247,42.32362],[-71.23245,42.32339]]]},"properties":{"a":"WYLORE RD","v":"WABAN","z":"SR2","zf":"SR2","lot":16666,"ac":0.383,"fr":85.9,"env":5588,"ew":94.2,"eh":59.3,"lv":115300.0,"psf":6.92,"minlot":15000,"minfr":100.0,"conf":false,"bld":true,"ter":"flat","slp":4.9,"elv":84.0,"ez":0,"cor":false,"flg":true,"lhd":false,"fld":false,"wet":false,"oc":"WABAN"}},{"type":"Feature","geometry":{"type":"Polygon","coordinates":[[[-71.20691,42.32937],[-71.20715,42.32932],[-71.20714,42.32951],[-71.20713,42.32951],[-71.20709,42.32952],[-71.20696,42.32954],[-71.20691,42.32937]]]},"properties":{"a":"WALNUT ST OFF","v":"NEWTON HIGHLANDS","z":"MR1","zf":"MR1","lot":4069,"ac":0.093,"fr":66.5,"env":1680,"ew":30.3,"eh":55.5,"lv":26000.0,"psf":6.39,"minlot":7000,"minfr":70.0,"conf":false,"bld":true,"ter":"gentle","slp":8.4,"elv":139.0,"ez":0,"cor":false,"flg":true,"lhd":false,"fld":false,"wet":false,"oc":"BOSTON"}},{"type":"Feature","geometry":{"type":"Polygon","coordinates":[[[-71.20974,42.30446],[-71.20966,42.30436],[-71.20967,42.30436],[-71.20969,42.30435],[-71.20975,42.30431],[-71.20996,42.3042],[-71.21007,42.30434],[-71.20996,42.30438],[-71.20984,42.30444],[-71.20978,42.30447],[-71.20976,42.30448],[-71.20974,42.30446]]]},"properties":{"a":"BERNARD ST","v":"NEWTON UPPER FALLS","z":"SR3","zf":"SR3","lot":5001,"ac":0.115,"fr":58.0,"env":1147,"ew":45.1,"eh":25.4,"lv":29200.0,"psf":5.84,"minlot":10000,"minfr":80.0,"conf":false,"bld":true,"ter":"flat","slp":3.8,"elv":101.9,"ez":0,"cor":false,"flg":false,"lhd":false,"fld":false,"wet":false,"oc":"NEWTON"}},{"type":"Feature","geometry":{"type":"Polygon","coordinates":[[[-71.22645,42.35889],[-71.22683,42.35892],[-71.22682,42.35894],[-71.2268,42.35894],[-71.22645,42.35889]]]},"properties":{"a":"CHERRY ST","v":"WEST NEWTON","z":"SR3","zf":"SR3","lot":501,"ac":0.011,"fr":104.0,"env":0,"ew":0.0,"eh":0.0,"lv":2700.0,"psf":5.39,"minlot":10000,"minfr":80.0,"conf":false,"bld":false,"ter":"gentle","slp":7.7,"elv":88.1,"ez":0,"cor":false,"flg":true,"lhd":false,"fld":false,"wet":false,"oc":"NEWTON"}},{"type":"Feature","geometry":{"type":"Polygon","coordinates":[[[-71.22525,42.3639],[-71.22529,42.36389],[-71.2253,42.36389],[-71.22542,42.36385],[-71.22549,42.36398],[-71.22552,42.36402],[-71.22553,42.36405],[-71.22536,42.3641],[-71.22531,42.364],[-71.22528,42.36395],[-71.22525,42.3639]]]},"properties":{"a":"KENSINGTON AVE","v":"WEST NEWTON","z":"SR3","zf":"SR3","lot":3899,"ac":0.089,"fr":48.2,"env":1280,"ew":35.9,"eh":35.6,"lv":22400.0,"psf":5.75,"minlot":10000,"minfr":80.0,"conf":false,"bld":true,"ter":"gentle","slp":5.3,"elv":72.5,"ez":0,"cor":false,"flg":false,"lhd":false,"fld":false,"wet":false,"oc":"NEWTON"}},{"type":"Feature","geometry":{"type":"Polygon","coordinates":[[[-71.21677,42.3216],[-71.21699,42.32128],[-71.21696,42.32124],[-71.21722,42.32115],[-71.21728,42.32123],[-71.21729,42.32124],[-71.21729,42.32124],[-71.21739,42.32137],[-71.2174,42.32138],[-71.21741,42.32139],[-71.21747,42.32147],[-71.21728,42.32155],[-71.21726,42.32156],[-71.21723,42.32158],[-71.21701,42.32131],[-71.2168,42.32161],[-71.21677,42.3216]]]},"properties":{"a":"WOODWARD ST OFF","v":"NEWTON HIGHLANDS","z":"SR2","zf":"SR2","lot":11556,"ac":0.265,"fr":10.1,"env":2682,"ew":44.5,"eh":60.3,"lv":62200.0,"psf":5.38,"minlot":15000,"minfr":100.0,"conf":false,"bld":true,"ter":"flat","slp":0.9,"elv":151.4,"ez":0,"cor":false,"flg":false,"lhd":false,"fld":false,"wet":false,"oc":"NEWTON"}},{"type":"Feature","geometry":{"type":"Polygon","coordinates":[[[-71.22893,42.35749],[-71.22893,42.35746],[-71.22894,42.35743],[-71.22897,42.35735],[-71.22936,42.35744],[-71.22935,42.35746],[-71.22932,42.35751],[-71.22925,42.35761],[-71.22893,42.35749]]]},"properties":{"a":"HOWARD ST  WST","v":"WEST NEWTON","z":"SR3","zf":"SR3","lot":6416,"ac":0.147,"fr":59.0,"env":1594,"ew":76.7,"eh":20.8,"lv":35100.0,"psf":5.47,"minlot":10000,"minfr":80.0,"conf":false,"bld":true,"ter":"flat","slp":4.3,"elv":71.1,"ez":0,"cor":false,"flg":false,"lhd":false,"fld":false,"wet":false,"oc":"NEWTON"}},{"type":"Feature","geometry":{"type":"Polygon","coordinates":[[[-71.21224,42.35811],[-71.21225,42.35809],[-71.21227,42.35807],[-71.21236,42.35811],[-71.2124,42.35812],[-71.2124,42.35813],[-71.21239,42.35814],[-71.21237,42.35817],[-71.21237,42.35817],[-71.21232,42.35815],[-71.2123,42.35814],[-71.21224,42.35811]]]},"properties":{"a":"FLORENCE CT","v":"NONANTUM","z":"SR3","zf":"SR3","lot":553,"ac":0.013,"fr":10.3,"env":0,"ew":0.0,"eh":0.0,"lv":3200.0,"psf":5.78,"minlot":10000,"minfr":80.0,"conf":false,"bld":false,"ter":"gentle","slp":8.2,"elv":43.0,"ez":0,"cor":false,"flg":false,"lhd":false,"fld":false,"wet":false,"oc":"NEWTON"}},{"type":"Feature","geometry":{"type":"Polygon","coordinates":[[[-71.20968,42.31238],[-71.20966,42.312],[-71.20984,42.31201],[-71.20979,42.31239],[-71.20975,42.31238],[-71.20971,42.31238],[-71.20968,42.31238]]]},"properties":{"a":"ROCKLAND ST  HGH","v":"NEWTON HIGHLANDS","z":"MR1","zf":"MR1","lot":5550,"ac":0.127,"fr":22.4,"env":3298,"ew":38.2,"eh":86.4,"lv":32400.0,"psf":5.84,"minlot":7000,"minfr":70.0,"conf":false,"bld":true,"ter":"flat","slp":5.0,"elv":115.6,"ez":1,"cor":false,"flg":false,"lhd":false,"fld":false,"wet":false,"oc":"TAUNTON"}},{"type":"Feature","geometry":{"type":"Polygon","coordinates":[[[-71.25604,42.34392],[-71.25608,42.34388],[-71.25614,42.34382],[-71.25615,42.34381],[-71.25618,42.34378],[-71.25637,42.34388],[-71.25654,42.34397],[-71.25643,42.34408],[-71.2564,42.3441],[-71.2564,42.34411],[-71.25604,42.34392]]]},"properties":{"a":"CHARLES ST  AUB","v":"AUBURNDALE","z":"MR1","zf":"MR1","lot":7383,"ac":0.17,"fr":55.5,"env":1740,"ew":49.4,"eh":35.2,"lv":43200.0,"psf":5.85,"minlot":7000,"minfr":70.0,"conf":false,"bld":true,"ter":"moderate","slp":11.9,"elv":47.0,"ez":0,"cor":false,"flg":false,"lhd":false,"fld":false,"wet":false,"oc":"AUBURNDALE"}},{"type":"Feature","geometry":{"type":"Polygon","coordinates":[[[-71.24044,42.32221],[-71.24066,42.32254],[-71.24066,42.32255],[-71.24064,42.32256],[-71.24063,42.32257],[-71.24062,42.32259],[-71.24061,42.3226],[-71.24059,42.3226],[-71.24058,42.32261],[-71.24057,42.32262],[-71.24055,42.32262],[-71.24042,42.32263],[-71.24028,42.32264],[-71.24014,42.32264],[-71.24,42.32264],[-71.23998,42.32264],[-71.23997,42.32264],[-71.23995,42.32263],[-71.23994,42.32262],[-71.23992,42.32261],[-71.23991,42.3226],[-71.2399,42.32259],[-71.2399,42.32257],[-71.2399,42.32248],[-71.24033,42.32236],[-71.2403,42.32224],[-71.24044,42.32221]]]},"properties":{"a":"LAURA RD","v":"WABAN","z":"SR2","zf":"SR2","lot":18618,"ac":0.427,"fr":184.0,"env":6093,"ew":150.6,"eh":40.5,"lv":115500.0,"psf":6.2,"minlot":15000,"minfr":100.0,"conf":true,"bld":true,"ter":"gentle","slp":5.6,"elv":72.0,"ez":0,"cor":true,"flg":false,"lhd":false,"fld":false,"wet":false,"oc":"WABAN"}},{"type":"Feature","geometry":{"type":"Polygon","coordinates":[[[-71.2183,42.34036],[-71.21817,42.34012],[-71.2185,42.34012],[-71.21854,42.34011],[-71.21855,42.34011],[-71.21856,42.34011],[-71.21857,42.34011],[-71.21862,42.34049],[-71.21856,42.34046],[-71.21854,42.34045],[-71.21851,42.34044],[-71.21836,42.34036],[-71.21833,42.34036],[-71.21832,42.34036],[-71.2183,42.34036]]]},"properties":{"a":"BONAD RD","v":"WEST NEWTON","z":"SR2","zf":"SR2","lot":9108,"ac":0.209,"fr":100.5,"env":3495,"ew":76.2,"eh":45.8,"lv":71800.0,"psf":7.88,"minlot":15000,"minfr":100.0,"conf":false,"bld":true,"ter":"moderate","slp":11.5,"elv":187.5,"ez":0,"cor":false,"flg":false,"lhd":false,"fld":false,"wet":false,"oc":"WEST NEWTON"}},{"type":"Feature","geometry":{"type":"Polygon","coordinates":[[[-71.2243,42.36292],[-71.22463,42.36276],[-71.22469,42.36282],[-71.2247,42.36283],[-71.22438,42.36301],[-71.2243,42.36292]]]},"properties":{"a":"TAFT AVE","v":"WEST NEWTON","z":"SR3","zf":"SR3","lot":4217,"ac":0.097,"fr":39.9,"env":519,"ew":25.7,"eh":20.2,"lv":24200.0,"psf":5.74,"minlot":10000,"minfr":80.0,"conf":false,"bld":false,"ter":"moderate","slp":10.2,"elv":64.6,"ez":0,"cor":false,"flg":false,"lhd":false,"fld":false,"wet":false,"oc":"NEWTON"}},{"type":"Feature","geometry":{"type":"Polygon","coordinates":[[[-71.17214,42.35531],[-71.17224,42.3552],[-71.17224,42.3552],[-71.17229,42.35522],[-71.17219,42.35533],[-71.17214,42.35531],[-71.17214,42.35531]]]},"properties":{"a":"HUNNEWELL AVE OFF","v":"NEWTON CORNER","z":"SR3","zf":"SR3","lot":832,"ac":0.019,"fr":15.0,"env":0,"ew":0.0,"eh":0.0,"lv":5800.0,"psf":6.97,"minlot":10000,"minfr":80.0,"conf":false,"bld":false,"ter":"gentle","slp":6.1,"elv":90.0,"ez":0,"cor":false,"flg":true,"lhd":false,"fld":false,"wet":false,"oc":"BRIGHTON"}},{"type":"Feature","geometry":{"type":"Polygon","coordinates":[[[-71.19497,42.36149],[-71.19497,42.36149],[-71.19511,42.36145],[-71.19516,42.36143],[-71.19519,42.36142],[-71.19527,42.36156],[-71.19497,42.36149]]]},"properties":{"a":"WASHBURN ST","v":"NONANTUM","z":"MR2","zf":"MR2","lot":1786,"ac":0.041,"fr":53.9,"env":0,"ew":0.0,"eh":0.0,"lv":8500.0,"psf":4.76,"minlot":7000,"minfr":70.0,"conf":false,"bld":false,"ter":"flat","slp":1.8,"elv":44.3,"ez":0,"cor":false,"flg":false,"lhd":false,"fld":false,"wet":false,"oc":"NEWTON"}},{"type":"Feature","geometry":{"type":"Polygon","coordinates":[[[-71.21987,42.3538],[-71.21988,42.3538],[-71.21988,42.35378],[-71.21998,42.3536],[-71.22004,42.35362],[-71.22005,42.35362],[-71.22006,42.35362],[-71.21997,42.35383],[-71.21993,42.35382],[-71.21991,42.35381],[-71.21987,42.3538]]]},"properties":{"a":"ELIOT AVE","v":"WEST NEWTON","z":"SR3","zf":"SR3","lot":1999,"ac":0.046,"fr":10.4,"env":0,"ew":0.0,"eh":0.0,"lv":11400.0,"psf":5.7,"minlot":10000,"minfr":80.0,"conf":false,"bld":false,"ter":"flat","slp":4.6,"elv":62.5,"ez":0,"cor":false,"flg":false,"lhd":false,"fld":false,"wet":false,"oc":"NEWTON"}},{"type":"Feature","geometry":{"type":"Polygon","coordinates":[[[-71.2359,42.36019],[-71.23577,42.36015],[-71.23576,42.36014],[-71.23574,42.36014],[-71.2357,42.36012],[-71.23571,42.36011],[-71.23574,42.36006],[-71.23585,42.3599],[-71.23612,42.36],[-71.23599,42.3602],[-71.23592,42.36017],[-71.23591,42.36018],[-71.2359,42.36019]]]},"properties":{"a":"UNDERWOOD AVE","v":"WEST NEWTON","z":"SR3","zf":"SR3","lot":6983,"ac":0.16,"fr":81.2,"env":1659,"ew":56.0,"eh":29.6,"lv":45400.0,"psf":6.5,"minlot":10000,"minfr":80.0,"conf":false,"bld":true,"ter":"flat","slp":2.1,"elv":111.6,"ez":0,"cor":false,"flg":false,"lhd":false,"fld":false,"wet":false,"oc":"SHERBORN"}},{"type":"Feature","geometry":{"type":"Polygon","coordinates":[[[-71.20675,42.35843],[-71.20683,42.35837],[-71.20692,42.3583],[-71.20719,42.35848],[-71.20701,42.35862],[-71.20675,42.35843]]]},"properties":{"a":"CHURCHILL ST","v":"NONANTUM","z":"MR1","zf":"MR1","lot":6704,"ac":0.154,"fr":68.0,"env":1814,"ew":50.9,"eh":35.6,"lv":41400.0,"psf":6.18,"minlot":7000,"minfr":70.0,"conf":false,"bld":true,"ter":"flat","slp":1.4,"elv":51.0,"ez":0,"cor":false,"flg":false,"lhd":false,"fld":false,"wet":false,"oc":"NEWTON"}},{"type":"Feature","geometry":{"type":"Polygon","coordinates":[[[-71.23095,42.32787],[-71.23095,42.32784],[-71.23095,42.32782],[-71.23094,42.32779],[-71.23094,42.32778],[-71.23094,42.32777],[-71.23094,42.32776],[-71.23094,42.32775],[-71.23094,42.32774],[-71.23094,42.32773],[-71.23094,42.3277],[-71.23093,42.32769],[-71.23093,42.32768],[-71.23093,42.32767],[-71.23093,42.32765],[-71.23092,42.32761],[-71.23133,42.32765],[-71.23141,42.32766],[-71.23144,42.32767],[-71.23145,42.3279],[-71.2312,42.32789],[-71.23118,42.32789],[-71.23116,42.32789],[-71.23095,42.32787]]]},"properties":{"a":"WINDSOR RD","v":"WABAN","z":"SR2","zf":"SR2/MRT","lot":12240,"ac":0.281,"fr":55.5,"env":6726,"ew":94.2,"eh":71.4,"lv":83300.0,"psf":6.81,"minlot":15000,"minfr":100.0,"conf":false,"bld":true,"ter":"gentle","slp":5.9,"elv":126.7,"ez":0,"cor":false,"flg":false,"lhd":false,"fld":false,"wet":false,"oc":"WABAN"}},{"type":"Feature","geometry":{"type":"Polygon","coordinates":[[[-71.16157,42.32964],[-71.16158,42.32962],[-71.1616,42.32959],[-71.16162,42.32956],[-71.16162,42.32955],[-71.16163,42.32953],[-71.16164,42.32952],[-71.16164,42.32951],[-71.16165,42.3295],[-71.16167,42.32948],[-71.16169,42.32946],[-71.16174,42.32942],[-71.1618,42.32947],[-71.16182,42.32949],[-71.16204,42.32971],[-71.16208,42.32976],[-71.1621,42.32977],[-71.16195,42.32986],[-71.16182,42.32978],[-71.16179,42.32976],[-71.16157,42.32964]]]},"properties":{"a":"CHESTNUT HILL RD","v":"CHESTNUT HILL","z":"SR1","zf":"SR1","lot":10659,"ac":0.245,"fr":53.6,"env":1389,"ew":39.4,"eh":35.2,"lv":108400.0,"psf":10.17,"minlot":25000,"minfr":125.0,"conf":false,"bld":false,"ter":"moderate","slp":14.1,"elv":232.6,"ez":0,"cor":false,"flg":false,"lhd":true,"fld":false,"wet":false,"oc":"CHESTNUT HILL"}},{"type":"Feature","geometry":{"type":"Polygon","coordinates":[[[-71.22825,42.35934],[-71.22833,42.35916],[-71.22837,42.35917],[-71.22839,42.35917],[-71.22849,42.3592],[-71.22841,42.35938],[-71.22825,42.35934]]]},"properties":{"a":"CLARK RD","v":"WEST NEWTON","z":"SR3","zf":"SR3","lot":3036,"ac":0.07,"fr":42.2,"env":897,"ew":35.4,"eh":25.3,"lv":16600.0,"psf":5.47,"minlot":10000,"minfr":80.0,"conf":false,"bld":true,"ter":"gentle","slp":5.1,"elv":98.2,"ez":0,"cor":false,"flg":false,"lhd":false,"fld":false,"wet":false,"oc":"WEST NEWTON"}},{"type":"Feature","geometry":{"type":"Polygon","coordinates":[[[-71.19529,42.30936],[-71.1953,42.30934],[-71.19531,42.30933],[-71.19531,42.30933],[-71.19532,42.30932],[-71.19533,42.30932],[-71.19534,42.30931],[-71.19534,42.30931],[-71.19535,42.30931],[-71.19536,42.3093],[-71.19536,42.3093],[-71.19536,42.3093],[-71.19538,42.30929],[-71.19538,42.30929],[-71.19538,42.30929],[-71.19539,42.30928],[-71.1954,42.30928],[-71.19541,42.30928],[-71.19558,42.30934],[-71.19569,42.30939],[-71.19569,42.30939],[-71.19562,42.30949],[-71.1956,42.30951],[-71.1956,42.30951],[-71.1956,42.30952],[-71.19529,42.30936]]]},"properties":{"a":"VOSS TER","v":"OAK HILL","z":"SR2","zf":"SR2","lot":4321,"ac":0.099,"fr":52.1,"env":232,"ew":15.0,"eh":15.5,"lv":30000.0,"psf":6.94,"minlot":15000,"minfr":100.0,"conf":false,"bld":false,"ter":"gentle","slp":8.8,"elv":151.2,"ez":0,"cor":false,"flg":true,"lhd":false,"fld":false,"wet":false,"oc":"NEWTON CENTRE"}},{"type":"Feature","geometry":{"type":"Polygon","coordinates":[[[-71.17246,42.35497],[-71.17257,42.35486],[-71.17257,42.35486],[-71.17261,42.35489],[-71.17251,42.35499],[-71.17246,42.35497],[-71.17246,42.35497]]]},"properties":{"a":"HUNNEWELL AVE OFF","v":"NEWTON CORNER","z":"SR3","zf":"SR3","lot":810,"ac":0.019,"fr":14.7,"env":0,"ew":0.0,"eh":0.0,"lv":5700.0,"psf":7.04,"minlot":10000,"minfr":80.0,"conf":false,"bld":false,"ter":"flat","slp":4.1,"elv":97.7,"ez":0,"cor":false,"flg":true,"lhd":false,"fld":false,"wet":false,"oc":"BRIGHTON"}},{"type":"Feature","geometry":{"type":"Polygon","coordinates":[[[-71.19462,42.36502],[-71.19463,42.36491],[-71.19493,42.36493],[-71.19492,42.36504],[-71.19462,42.36502]]]},"properties":{"a":"RIVERDALE AVE","v":"NONANTUM","z":"MAN","zf":"MAN","lot":3119,"ac":0.072,"fr":42.2,"env":1367,"ew":44.9,"eh":30.4,"lv":16300.0,"psf":5.23,"minlot":null,"minfr":null,"conf":false,"bld":false,"ter":"flat","slp":1.6,"elv":16.9,"ez":0,"cor":false,"flg":false,"lhd":false,"fld":false,"wet":false,"oc":"BELMONT"}},{"type":"Feature","geometry":{"type":"Polygon","coordinates":[[[-71.225,42.3634],[-71.2251,42.36359],[-71.22507,42.3636],[-71.225,42.36362],[-71.22489,42.36343],[-71.225,42.3634]]]},"properties":{"a":"HAZELHURST AVE","v":"WEST NEWTON","z":"SR3","zf":"SR3","lot":2370,"ac":0.054,"fr":30.0,"env":554,"ew":15.4,"eh":35.9,"lv":13700.0,"psf":5.78,"minlot":10000,"minfr":80.0,"conf":false,"bld":false,"ter":"gentle","slp":6.7,"elv":70.2,"ez":0,"cor":false,"flg":false,"lhd":false,"fld":false,"wet":false,"oc":"NEWTON"}},{"type":"Feature","geometry":{"type":"Polygon","coordinates":[[[-71.20377,42.36543],[-71.20354,42.36544],[-71.20356,42.36525],[-71.20379,42.36526],[-71.20377,42.36543]]]},"properties":{"a":"CALIFORNIA ST","v":"NONANTUM","z":"MR2","zf":"MR2","lot":3938,"ac":0.09,"fr":64.0,"env":1727,"ew":57.2,"eh":30.2,"lv":18900.0,"psf":4.8,"minlot":7000,"minfr":70.0,"conf":false,"bld":true,"ter":"flat","slp":3.8,"elv":26.5,"ez":0,"cor":false,"flg":true,"lhd":false,"fld":false,"wet":false,"oc":"WALTHAM"}},{"type":"Feature","geometry":{"type":"Polygon","coordinates":[[[-71.20126,42.3557],[-71.20132,42.35566],[-71.20137,42.35562],[-71.2014,42.35564],[-71.20148,42.35557],[-71.20155,42.35562],[-71.20156,42.35563],[-71.20139,42.35576],[-71.20138,42.35576],[-71.20135,42.35578],[-71.20134,42.35576],[-71.20133,42.35576],[-71.20132,42.35575],[-71.2013,42.35573],[-71.20126,42.3557]]]},"properties":{"a":"SHAMROCK ST","v":"NONANTUM","z":"MR2","zf":"MR2","lot":2762,"ac":0.063,"fr":23.3,"env":405,"ew":20.1,"eh":20.1,"lv":14400.0,"psf":5.21,"minlot":7000,"minfr":70.0,"conf":false,"bld":false,"ter":"gentle","slp":5.6,"elv":45.7,"ez":1,"cor":false,"flg":false,"lhd":false,"fld":false,"wet":false,"oc":"NEWTON"}},{"type":"Feature","geometry":{"type":"Polygon","coordinates":[[[-71.23951,42.34455],[-71.23971,42.34456],[-71.23973,42.34456],[-71.23975,42.34457],[-71.23976,42.34457],[-71.23976,42.34457],[-71.23977,42.34457],[-71.23977,42.34457],[-71.23978,42.34458],[-71.23978,42.34459],[-71.23978,42.34459],[-71.23978,42.3446],[-71.23976,42.34464],[-71.23975,42.34468],[-71.23971,42.34477],[-71.23968,42.34484],[-71.23952,42.34486],[-71.23951,42.34462],[-71.23951,42.34461],[-71.23951,42.3446],[-71.23951,42.34455]]]},"properties":{"a":"NORMANDY RD","v":"AUBURNDALE","z":"MR1","zf":"MR1","lot":5401,"ac":0.124,"fr":143.5,"env":0,"ew":0.0,"eh":0.0,"lv":31400.0,"psf":5.81,"minlot":7000,"minfr":70.0,"conf":false,"bld":false,"ter":"flat","slp":2.2,"elv":64.5,"ez":0,"cor":true,"flg":false,"lhd":false,"fld":false,"wet":false,"oc":"AUBURNDALE"}},{"type":"Feature","geometry":{"type":"Polygon","coordinates":[[[-71.18701,42.34024],[-71.18699,42.34019],[-71.18696,42.34012],[-71.1869,42.33999],[-71.18693,42.33999],[-71.18694,42.34],[-71.18695,42.34],[-71.18696,42.34],[-71.18699,42.34],[-71.18725,42.34024],[-71.18722,42.34024],[-71.18713,42.34024],[-71.18701,42.34024]]]},"properties":{"a":"IRELAND RD","v":"NEWTON CENTRE","z":"SR2","zf":"SR2","lot":3859,"ac":0.089,"fr":48.9,"env":0,"ew":0.0,"eh":0.0,"lv":27700.0,"psf":7.18,"minlot":15000,"minfr":100.0,"conf":false,"bld":false,"ter":"moderate","slp":12.2,"elv":153.5,"ez":0,"cor":false,"flg":true,"lhd":false,"fld":false,"wet":false,"oc":"NEWTON"}},{"type":"Feature","geometry":{"type":"Polygon","coordinates":[[[-71.23634,42.36088],[-71.23612,42.36094],[-71.23612,42.36094],[-71.23612,42.36093],[-71.23613,42.36092],[-71.23614,42.3609],[-71.2362,42.36071],[-71.23638,42.36078],[-71.23635,42.36085],[-71.23634,42.36088]]]},"properties":{"a":"DERBY ST","v":"WEST NEWTON","z":"SR3","zf":"SR3","lot":2696,"ac":0.062,"fr":51.8,"env":294,"ew":19.8,"eh":14.9,"lv":14700.0,"psf":5.45,"minlot":10000,"minfr":80.0,"conf":false,"bld":false,"ter":"flat","slp":1.7,"elv":107.1,"ez":0,"cor":false,"flg":false,"lhd":false,"fld":false,"wet":false,"oc":"WALTHAM"}},{"type":"Feature","geometry":{"type":"Polygon","coordinates":[[[-71.22689,42.36368],[-71.22672,42.36373],[-71.22673,42.36372],[-71.22673,42.36371],[-71.22673,42.36365],[-71.22686,42.36367],[-71.22687,42.36367],[-71.22688,42.36367],[-71.22689,42.36368]]]},"properties":{"a":"CHERRY ST","v":"WEST NEWTON","z":"SR3","zf":"SR3","lot":414,"ac":0.009,"fr":21.9,"env":0,"ew":0.0,"eh":0.0,"lv":2300.0,"psf":5.56,"minlot":10000,"minfr":80.0,"conf":false,"bld":false,"ter":"flat","slp":2.7,"elv":77.7,"ez":0,"cor":false,"flg":false,"lhd":false,"fld":false,"wet":false,"oc":"WALTHAM"}},{"type":"Feature","geometry":{"type":"Polygon","coordinates":[[[-71.20125,42.31361],[-71.20128,42.31362],[-71.20126,42.3138],[-71.20125,42.31384],[-71.20122,42.31384],[-71.20125,42.31361]]]},"properties":{"a":"DEDHAM ST","v":"NEWTON HIGHLANDS","z":"SR3","zf":"SR3","lot":671,"ac":0.015,"fr":16.9,"env":0,"ew":0.0,"eh":0.0,"lv":4100.0,"psf":6.11,"minlot":10000,"minfr":80.0,"conf":false,"bld":false,"ter":"gentle","slp":6.3,"elv":111.4,"ez":2,"cor":false,"flg":true,"lhd":false,"fld":false,"wet":false,"oc":"NEWTON"}},{"type":"Feature","geometry":{"type":"Polygon","coordinates":[[[-71.19212,42.35243],[-71.19213,42.3524],[-71.19214,42.35237],[-71.19221,42.35239],[-71.19224,42.35239],[-71.19232,42.35241],[-71.19245,42.35242],[-71.1923,42.35264],[-71.19226,42.35263],[-71.19223,42.35262],[-71.19221,42.35261],[-71.19218,42.35259],[-71.19216,42.35256],[-71.19214,42.35253],[-71.19213,42.3525],[-71.19212,42.35246],[-71.19212,42.35243]]]},"properties":{"a":"SUMMIT ST","v":"NEWTON CORNER","z":"SR2","zf":"SR2","lot":5619,"ac":0.129,"fr":74.5,"env":900,"ew":34.9,"eh":25.8,"lv":38600.0,"psf":6.87,"minlot":15000,"minfr":100.0,"conf":false,"bld":true,"ter":"gentle","slp":8.3,"elv":191.9,"ez":0,"cor":true,"flg":false,"lhd":false,"fld":false,"wet":false,"oc":"NEWTON"}},{"type":"Feature","geometry":{"type":"Polygon","coordinates":[[[-71.21046,42.35165],[-71.21047,42.35163],[-71.21097,42.35172],[-71.21097,42.35173],[-71.21046,42.35165]]]},"properties":{"a":"LOWELL AVE","v":"NEWTONVILLE","z":"MR1","zf":"MR1","lot":701,"ac":0.016,"fr":139.5,"env":0,"ew":0.0,"eh":0.0,"lv":3700.0,"psf":5.28,"minlot":7000,"minfr":70.0,"conf":false,"bld":false,"ter":"flat","slp":1.9,"elv":63.5,"ez":0,"cor":false,"flg":true,"lhd":true,"fld":false,"wet":false,"oc":"NEWTON"}},{"type":"Feature","geometry":{"type":"Polygon","coordinates":[[[-71.20108,42.33526],[-71.20108,42.33501],[-71.20143,42.33501],[-71.20144,42.33501],[-71.20145,42.33501],[-71.20146,42.33502],[-71.20147,42.33502],[-71.20147,42.33502],[-71.20148,42.33503],[-71.20149,42.33504],[-71.2015,42.33505],[-71.2015,42.33505],[-71.2015,42.33506],[-71.2015,42.33506],[-71.2015,42.33507],[-71.20148,42.33521],[-71.20147,42.33523],[-71.20147,42.33525],[-71.20147,42.33527],[-71.20146,42.33528],[-71.20141,42.33528],[-71.20125,42.33527],[-71.20108,42.33526]]]},"properties":{"a":"ASHTON AVE","v":"NEWTON CENTRE","z":"SR2","zf":"SR2","lot":10598,"ac":0.243,"fr":142.5,"env":0,"ew":0.0,"eh":0.0,"lv":89300.0,"psf":8.43,"minlot":15000,"minfr":100.0,"conf":false,"bld":false,"ter":"flat","slp":4.9,"elv":131.9,"ez":0,"cor":true,"flg":false,"lhd":false,"fld":false,"wet":false,"oc":"NEWTON"}},{"type":"Feature","geometry":{"type":"Polygon","coordinates":[[[-71.23749,42.35276],[-71.23777,42.35265],[-71.2379,42.35285],[-71.23764,42.35295],[-71.23762,42.35293],[-71.2376,42.35291],[-71.23749,42.35276]]]},"properties":{"a":"EDGEWOOD RD","v":"WEST NEWTON","z":"SR3","zf":"SR3","lot":7013,"ac":0.161,"fr":63.4,"env":1693,"ew":30.7,"eh":55.2,"lv":43500.0,"psf":6.2,"minlot":10000,"minfr":80.0,"conf":false,"bld":true,"ter":"gentle","slp":7.9,"elv":54.1,"ez":0,"cor":false,"flg":false,"lhd":false,"fld":false,"wet":false,"oc":"NEWTON"}},{"type":"Feature","geometry":{"type":"Polygon","coordinates":[[[-71.2383,42.323],[-71.23856,42.32298],[-71.2385,42.32321],[-71.23805,42.32324],[-71.2383,42.323]]]},"properties":{"a":"ROKEBY RD","v":"WABAN","z":"SR2","zf":"SR2","lot":7109,"ac":0.163,"fr":108.2,"env":1481,"ew":30.1,"eh":49.3,"lv":34100.0,"psf":4.8,"minlot":15000,"minfr":100.0,"conf":false,"bld":true,"ter":"moderate","slp":12.4,"elv":107.1,"ez":0,"cor":false,"flg":true,"lhd":false,"fld":false,"wet":false,"oc":"WESTBOROUGH"}},{"type":"Feature","geometry":{"type":"Polygon","coordinates":[[[-71.19037,42.3313],[-71.19037,42.33117],[-71.19056,42.33117],[-71.19083,42.33117],[-71.19081,42.33125],[-71.19079,42.33133],[-71.19037,42.3313]]]},"properties":{"a":"CHESLEY RD","v":"NEWTON CENTRE","z":"SR2","zf":"SR2/MRT","lot":6438,"ac":0.148,"fr":59.3,"env":2554,"ew":83.9,"eh":30.4,"lv":47900.0,"psf":7.44,"minlot":15000,"minfr":100.0,"conf":false,"bld":true,"ter":"gentle","slp":7.1,"elv":131.7,"ez":1,"cor":false,"flg":false,"lhd":false,"fld":false,"wet":false,"oc":"NEWTON"}},{"type":"Feature","geometry":{"type":"Polygon","coordinates":[[[-71.19746,42.35682],[-71.19756,42.35674],[-71.19771,42.35685],[-71.19772,42.35687],[-71.19785,42.35697],[-71.19775,42.35705],[-71.19757,42.35691],[-71.19751,42.35686],[-71.19746,42.35682]]]},"properties":{"a":"MIDDLE ST","v":"NONANTUM","z":"BU2","zf":"BU2","lot":4478,"ac":0.103,"fr":80.7,"env":509,"ew":20.2,"eh":25.2,"lv":23200.0,"psf":5.18,"minlot":null,"minfr":null,"conf":false,"bld":false,"ter":"gentle","slp":5.3,"elv":41.6,"ez":1,"cor":false,"flg":false,"lhd":false,"fld":false,"wet":false,"oc":"NEWTON"}},{"type":"Feature","geometry":{"type":"Polygon","coordinates":[[[-71.23922,42.35186],[-71.23931,42.35194],[-71.23902,42.35211],[-71.23892,42.35203],[-71.23922,42.35186]]]},"properties":{"a":"KENYON ST","v":"AUBURNDALE","z":"SR3","zf":"SR3","lot":3999,"ac":0.092,"fr":40.5,"env":514,"ew":34.7,"eh":14.8,"lv":24800.0,"psf":6.2,"minlot":10000,"minfr":80.0,"conf":false,"bld":false,"ter":"gentle","slp":7.9,"elv":54.4,"ez":0,"cor":false,"flg":false,"lhd":false,"fld":false,"wet":false,"oc":"WEST NEWTON"}},{"type":"Feature","geometry":{"type":"Polygon","coordinates":[[[-71.19031,42.3504],[-71.19034,42.35034],[-71.19035,42.35034],[-71.19038,42.35035],[-71.19068,42.35044],[-71.19064,42.35051],[-71.1903,42.35041],[-71.19031,42.3504]]]},"properties":{"a":"CLAREMONT ST","v":"NEWTON CORNER","z":"SR2","zf":"SR2","lot":2705,"ac":0.062,"fr":87.5,"env":0,"ew":0.0,"eh":0.0,"lv":18600.0,"psf":6.88,"minlot":15000,"minfr":100.0,"conf":false,"bld":false,"ter":"gentle","slp":8.9,"elv":174.1,"ez":0,"cor":false,"flg":true,"lhd":false,"fld":false,"wet":false,"oc":"NEWTON"}},{"type":"Feature","geometry":{"type":"Polygon","coordinates":[[[-71.23627,42.36035],[-71.23628,42.36034],[-71.23629,42.36031],[-71.23624,42.36029],[-71.23622,42.36029],[-71.23619,42.36027],[-71.23625,42.36018],[-71.23627,42.36014],[-71.23632,42.36008],[-71.2364,42.36011],[-71.23643,42.36012],[-71.23651,42.36015],[-71.23642,42.36028],[-71.2364,42.36031],[-71.23636,42.36038],[-71.23627,42.36035]]]},"properties":{"a":"UNDERWOOD AVE","v":"WEST NEWTON","z":"SR3","zf":"SR3","lot":5075,"ac":0.117,"fr":49.9,"env":1384,"ew":46.0,"eh":30.1,"lv":27700.0,"psf":5.46,"minlot":10000,"minfr":80.0,"conf":false,"bld":true,"ter":"flat","slp":2.1,"elv":110.9,"ez":0,"cor":false,"flg":false,"lhd":false,"fld":false,"wet":false,"oc":"WEST NEWTON"}},{"type":"Feature","geometry":{"type":"Polygon","coordinates":[[[-71.1958,42.31546],[-71.19584,42.31531],[-71.19625,42.31538],[-71.19621,42.31552],[-71.1958,42.31546]]]},"properties":{"a":"PARKER ST REAR","v":"NEWTON HIGHLANDS","z":"SR3","zf":"SR3","lot":6382,"ac":0.146,"fr":112.6,"env":0,"ew":0.0,"eh":0.0,"lv":39600.0,"psf":6.21,"minlot":10000,"minfr":80.0,"conf":false,"bld":false,"ter":"flat","slp":2.0,"elv":110.9,"ez":1,"cor":false,"flg":true,"lhd":false,"fld":false,"wet":false,"oc":"NEWTON"}},{"type":"Feature","geometry":{"type":"Polygon","coordinates":[[[-71.2506,42.34822],[-71.25088,42.34832],[-71.25088,42.34844],[-71.25063,42.34845],[-71.25044,42.34846],[-71.2506,42.34822]]]},"properties":{"a":"REGINA RD","v":"AUBURNDALE","z":"SR3","zf":"SR3","lot":6464,"ac":0.148,"fr":42.7,"env":2528,"ew":49.4,"eh":51.2,"lv":40000.0,"psf":6.19,"minlot":10000,"minfr":80.0,"conf":false,"bld":true,"ter":"gentle","slp":7.6,"elv":62.0,"ez":0,"cor":false,"flg":false,"lhd":false,"fld":false,"wet":false,"oc":"AUBURNDALE"}},{"type":"Feature","geometry":{"type":"Polygon","coordinates":[[[-71.18774,42.34002],[-71.18774,42.33999],[-71.18775,42.33995],[-71.18812,42.33995],[-71.18812,42.33997],[-71.18812,42.33999],[-71.18812,42.34],[-71.18812,42.34002],[-71.18812,42.34004],[-71.18811,42.34007],[-71.18802,42.34006],[-71.18788,42.34004],[-71.18775,42.34002],[-71.18774,42.34002]]]},"properties":{"a":"WEST BOULEVARD RD","v":"NEWTON CENTRE","z":"SR2","zf":"SR2","lot":3145,"ac":0.072,"fr":10.0,"env":1456,"ew":69.7,"eh":20.9,"lv":25800.0,"psf":8.2,"minlot":15000,"minfr":100.0,"conf":false,"bld":true,"ter":"moderate","slp":11.5,"elv":145.3,"ez":0,"cor":false,"flg":false,"lhd":false,"fld":false,"wet":false,"oc":"NEWTON"}},{"type":"Feature","geometry":{"type":"Polygon","coordinates":[[[-71.21118,42.32452],[-71.21123,42.3245],[-71.21135,42.32438],[-71.21163,42.32453],[-71.21149,42.32469],[-71.21118,42.32452]]]},"properties":{"a":"TERRACE AVE OFF","v":"NEWTON HIGHLANDS","z":"SR2","zf":"SR2","lot":6159,"ac":0.141,"fr":56.6,"env":685,"ew":19.9,"eh":34.5,"lv":39500.0,"psf":6.41,"minlot":15000,"minfr":100.0,"conf":false,"bld":false,"ter":"steep","slp":16.7,"elv":135.5,"ez":3,"cor":false,"flg":true,"lhd":false,"fld":false,"wet":false,"oc":"NEWTON"}},{"type":"Feature","geometry":{"type":"Polygon","coordinates":[[[-71.20148,42.3319],[-71.20187,42.3319],[-71.20187,42.33193],[-71.20225,42.33194],[-71.20243,42.33194],[-71.20274,42.33217],[-71.20248,42.33221],[-71.20138,42.33216],[-71.20142,42.3321],[-71.20145,42.33203],[-71.20147,42.33197],[-71.20148,42.3319]]]},"properties":{"a":"BRACEBRIDGE RD","v":"NEWTON CENTRE","z":"PUB","zf":"PUB","lot":31703,"ac":0.728,"fr":101.6,"env":10859,"ew":268.4,"eh":40.5,"lv":178200.0,"psf":5.62,"minlot":null,"minfr":null,"conf":false,"bld":false,"ter":"moderate","slp":11.3,"elv":145.7,"ez":2,"cor":false,"flg":false,"lhd":false,"fld":false,"wet":false,"oc":"NEWTON"}},{"type":"Feature","geometry":{"type":"Polygon","coordinates":[[[-71.22158,42.31656],[-71.22191,42.31648],[-71.22192,42.31651],[-71.22194,42.31654],[-71.2216,42.31661],[-71.22159,42.31657],[-71.22158,42.31656]]]},"properties":{"a":"ROCKLAND PL","v":"NEWTON UPPER FALLS","z":"SR3","zf":"SR3","lot":1908,"ac":0.044,"fr":20.3,"env":0,"ew":0.0,"eh":0.0,"lv":11100.0,"psf":5.82,"minlot":10000,"minfr":80.0,"conf":false,"bld":false,"ter":"gentle","slp":6.8,"elv":200.2,"ez":0,"cor":false,"flg":false,"lhd":false,"fld":false,"wet":false,"oc":"NEWTON"}},{"type":"Feature","geometry":{"type":"Polygon","coordinates":[[[-71.22081,42.31888],[-71.22044,42.3189],[-71.22044,42.31887],[-71.22049,42.31887],[-71.2206,42.31887],[-71.22081,42.31887],[-71.22081,42.31888]]]},"properties":{"a":"CRAGMORE RD","v":"NEWTON UPPER FALLS","z":"SR2","zf":"SR2","lot":666,"ac":0.015,"fr":10.4,"env":0,"ew":0.0,"eh":0.0,"lv":4300.0,"psf":6.45,"minlot":15000,"minfr":100.0,"conf":false,"bld":false,"ter":"moderate","slp":11.8,"elv":162.6,"ez":0,"cor":false,"flg":false,"lhd":false,"fld":false,"wet":false,"oc":"NEWTON"}},{"type":"Feature","geometry":{"type":"Polygon","coordinates":[[[-71.21671,42.35521],[-71.21675,42.3552],[-71.21679,42.35518],[-71.21685,42.35516],[-71.21686,42.35519],[-71.21687,42.35519],[-71.21699,42.35515],[-71.21705,42.35523],[-71.2168,42.35533],[-71.21672,42.35522],[-71.21671,42.35521]]]},"properties":{"a":"KENSINGTON ST","v":"NEWTONVILLE","z":"SR3","zf":"SR3","lot":3798,"ac":0.087,"fr":45.6,"env":478,"ew":30.6,"eh":15.6,"lv":21700.0,"psf":5.71,"minlot":10000,"minfr":80.0,"conf":false,"bld":false,"ter":"flat","slp":2.5,"elv":49.2,"ez":0,"cor":false,"flg":false,"lhd":false,"fld":false,"wet":false,"oc":"NEWTON"}},{"type":"Feature","geometry":{"type":"Polygon","coordinates":[[[-71.23903,42.32259],[-71.23909,42.32258],[-71.2391,42.32258],[-71.23923,42.32256],[-71.23926,42.32256],[-71.23927,42.3226],[-71.23931,42.32281],[-71.23929,42.32281],[-71.23924,42.32281],[-71.23905,42.32283],[-71.23903,42.32259]]]},"properties":{"a":"ROKEBY RD","v":"WABAN","z":"SR2","zf":"SR2","lot":5772,"ac":0.133,"fr":35.9,"env":2594,"ew":65.2,"eh":39.8,"lv":3200.0,"psf":0.55,"minlot":15000,"minfr":100.0,"conf":false,"bld":false,"ter":"flat","slp":3.5,"elv":72.7,"ez":0,"cor":false,"flg":true,"lhd":false,"fld":false,"wet":true,"oc":"WESTBOROUGH"}},{"type":"Feature","geometry":{"type":"Polygon","coordinates":[[[-71.23819,42.3593],[-71.2382,42.35922],[-71.23829,42.35925],[-71.23824,42.35932],[-71.23819,42.3593]]]},"properties":{"a":"MILTON AVE","v":"WEST NEWTON","z":"SR3","zf":"SR3","lot":640,"ac":0.015,"fr":25.8,"env":0,"ew":0.0,"eh":0.0,"lv":3500.0,"psf":5.47,"minlot":10000,"minfr":80.0,"conf":false,"bld":false,"ter":"gentle","slp":5.8,"elv":95.1,"ez":0,"cor":false,"flg":false,"lhd":false,"fld":false,"wet":false,"oc":"NEWTON"}},{"type":"Feature","geometry":{"type":"Polygon","coordinates":[[[-71.20521,42.36124],[-71.20521,42.36123],[-71.20523,42.36122],[-71.20535,42.36114],[-71.20538,42.36116],[-71.20546,42.36122],[-71.20561,42.36133],[-71.20555,42.36138],[-71.20554,42.36139],[-71.20547,42.36143],[-71.20545,42.36141],[-71.20541,42.36138],[-71.20521,42.36124]]]},"properties":{"a":"SILVER LAKE AVE","v":"NONANTUM","z":"MR2","zf":"MR2","lot":5001,"ac":0.115,"fr":42.3,"env":948,"ew":30.9,"eh":30.6,"lv":26000.0,"psf":5.2,"minlot":7000,"minfr":70.0,"conf":false,"bld":true,"ter":"flat","slp":2.2,"elv":44.8,"ez":0,"cor":false,"flg":false,"lhd":false,"fld":false,"wet":false,"oc":"NEWTON"}},{"type":"Feature","geometry":{"type":"Polygon","coordinates":[[[-71.19167,42.32158],[-71.19155,42.3215],[-71.19165,42.32141],[-71.19172,42.32135],[-71.19177,42.32131],[-71.19179,42.32132],[-71.19179,42.32132],[-71.19193,42.32141],[-71.19171,42.3216],[-71.19167,42.32158]]]},"properties":{"a":"DANIEL ST","v":"THOMPSONVILLE","z":"SR3","zf":"SR3","lot":4948,"ac":0.114,"fr":47.4,"env":1291,"ew":36.1,"eh":35.7,"lv":33000.0,"psf":6.67,"minlot":10000,"minfr":80.0,"conf":false,"bld":true,"ter":"moderate","slp":11.9,"elv":167.6,"ez":0,"cor":false,"flg":false,"lhd":false,"fld":false,"wet":false,"oc":"NEWTON"}},{"type":"Feature","geometry":{"type":"Polygon","coordinates":[[[-71.1823,42.2958],[-71.18225,42.29579],[-71.1822,42.29579],[-71.18215,42.2958],[-71.1821,42.29581],[-71.18206,42.29583],[-71.18202,42.29585],[-71.18215,42.29574],[-71.18226,42.29578],[-71.1823,42.2958]]]},"properties":{"a":"ESTY FARM RD","v":"OAK HILL PARK","z":"SR3","zf":"SR3","lot":601,"ac":0.014,"fr":80.2,"env":0,"ew":0.0,"eh":0.0,"lv":2600.0,"psf":4.33,"minlot":10000,"minfr":80.0,"conf":false,"bld":false,"ter":"gentle","slp":5.1,"elv":118.6,"ez":1,"cor":false,"flg":false,"lhd":false,"fld":false,"wet":false,"oc":"DOVER"}},{"type":"Feature","geometry":{"type":"Polygon","coordinates":[[[-71.19625,42.32035],[-71.1962,42.32023],[-71.19616,42.32012],[-71.1961,42.31997],[-71.19627,42.32005],[-71.19637,42.32009],[-71.19644,42.32013],[-71.19645,42.32013],[-71.19646,42.32014],[-71.19647,42.32014],[-71.19654,42.32035],[-71.1964,42.32036],[-71.19625,42.32037],[-71.19625,42.32035]]]},"properties":{"a":"STEARNS ST REAR","v":"NEWTON HIGHLANDS","z":"SR3","zf":"SR3","lot":8799,"ac":0.202,"fr":37.6,"env":2750,"ew":61.1,"eh":45.0,"lv":58900.0,"psf":6.69,"minlot":10000,"minfr":80.0,"conf":false,"bld":true,"ter":"very_steep","slp":39.6,"elv":150.8,"ez":0,"cor":false,"flg":true,"lhd":false,"fld":false,"wet":false,"oc":"NEWTON"}},{"type":"Feature","geometry":{"type":"Polygon","coordinates":[[[-71.18533,42.34525],[-71.18536,42.34516],[-71.18538,42.34513],[-71.18541,42.34503],[-71.1848,42.34488],[-71.18482,42.34483],[-71.18484,42.3448],[-71.18574,42.345],[-71.18573,42.34501],[-71.18571,42.34508],[-71.1857,42.3451],[-71.18564,42.34525],[-71.1856,42.34532],[-71.18552,42.3453],[-71.1855,42.34529],[-71.18533,42.34525]]]},"properties":{"a":"PARK AVE","v":"NEWTON CORNER","z":"SR2","zf":"SR2","lot":14941,"ac":0.343,"fr":30.6,"env":4238,"ew":44.7,"eh":94.8,"lv":110700.0,"psf":7.41,"minlot":15000,"minfr":100.0,"conf":false,"bld":true,"ter":"gentle","slp":6.6,"elv":181.1,"ez":0,"cor":false,"flg":false,"lhd":false,"fld":false,"wet":false,"oc":"NEWTON"}},{"type":"Feature","geometry":{"type":"Polygon","coordinates":[[[-71.22006,42.32844],[-71.21987,42.32838],[-71.21982,42.32837],[-71.21983,42.32835],[-71.2199,42.32821],[-71.22032,42.32834],[-71.22024,42.32849],[-71.22006,42.32844]]]},"properties":{"a":"ALLEN AVE","v":"WABAN","z":"SR2","zf":"SR2","lot":7200,"ac":0.165,"fr":52.3,"env":1949,"ew":64.0,"eh":30.5,"lv":54700.0,"psf":7.6,"minlot":15000,"minfr":100.0,"conf":false,"bld":true,"ter":"flat","slp":3.2,"elv":112.7,"ez":1,"cor":false,"flg":false,"lhd":false,"fld":false,"wet":false,"oc":"WABAN"}},{"type":"Feature","geometry":{"type":"Polygon","coordinates":[[[-71.21227,42.34259],[-71.21227,42.34259],[-71.21265,42.3429],[-71.21245,42.34293],[-71.21219,42.34291],[-71.21214,42.34275],[-71.21217,42.34262],[-71.21222,42.34261],[-71.21227,42.34259]]]},"properties":{"a":"CRAIGIE TER","v":"NEWTONVILLE","z":"SR2","zf":"SR2","lot":9679,"ac":0.222,"fr":28.2,"env":3690,"ew":60.6,"eh":60.9,"lv":76100.0,"psf":7.86,"minlot":15000,"minfr":100.0,"conf":false,"bld":true,"ter":"steep","slp":20.2,"elv":155.7,"ez":0,"cor":false,"flg":false,"lhd":false,"fld":false,"wet":false,"oc":"NEWTON"}},{"type":"Feature","geometry":{"type":"Polygon","coordinates":[[[-71.23188,42.35833],[-71.23192,42.35828],[-71.232,42.35814],[-71.23202,42.35812],[-71.23202,42.35811],[-71.2321,42.35814],[-71.23196,42.35836],[-71.23188,42.35833]]]},"properties":{"a":"GRANT ST","v":"WEST NEWTON","z":"SR3","zf":"SR3","lot":2252,"ac":0.052,"fr":22.5,"env":0,"ew":0.0,"eh":0.0,"lv":12300.0,"psf":5.46,"minlot":10000,"minfr":80.0,"conf":false,"bld":false,"ter":"flat","slp":3.6,"elv":84.9,"ez":0,"cor":false,"flg":false,"lhd":false,"fld":false,"wet":false,"oc":"NEWTON"}},{"type":"Feature","geometry":{"type":"Polygon","coordinates":[[[-71.184,42.34946],[-71.18407,42.34935],[-71.18481,42.34944],[-71.18491,42.34943],[-71.18502,42.34937],[-71.18511,42.34932],[-71.18522,42.34926],[-71.18532,42.34921],[-71.18496,42.3496],[-71.18495,42.34961],[-71.18479,42.34979],[-71.18476,42.34982],[-71.18436,42.3496],[-71.18423,42.34955],[-71.18419,42.34954],[-71.184,42.34946]]]},"properties":{"a":"HYDE AVE","v":"NEWTON CORNER","z":"SR2","zf":"SR2","lot":29020,"ac":0.666,"fr":33.0,"env":3325,"ew":84.2,"eh":39.5,"lv":168000.0,"psf":5.79,"minlot":15000,"minfr":100.0,"conf":false,"bld":true,"ter":"gentle","slp":8.5,"elv":99.3,"ez":1,"cor":false,"flg":true,"lhd":false,"fld":false,"wet":false,"oc":"NEWTON"}},{"type":"Feature","geometry":{"type":"Polygon","coordinates":[[[-71.20712,42.32973],[-71.20712,42.32974],[-71.20712,42.32976],[-71.20711,42.32989],[-71.20685,42.32994],[-71.20712,42.32973]]]},"properties":{"a":"CARTHAY CIR","v":"NEWTON HIGHLANDS","z":"MR1","zf":"MR1","lot":2178,"ac":0.05,"fr":75.1,"env":0,"ew":0.0,"eh":0.0,"lv":14000.0,"psf":6.43,"minlot":7000,"minfr":70.0,"conf":false,"bld":false,"ter":"gentle","slp":8.4,"elv":133.9,"ez":0,"cor":false,"flg":true,"lhd":false,"fld":false,"wet":false,"oc":"NEWTON HGLDS"}},{"type":"Feature","geometry":{"type":"Polygon","coordinates":[[[-71.20374,42.32058],[-71.20371,42.32052],[-71.2037,42.3205],[-71.20367,42.32045],[-71.20381,42.3204],[-71.20392,42.32036],[-71.204,42.32033],[-71.204,42.32035],[-71.20403,42.32038],[-71.20405,42.32042],[-71.20406,42.32043],[-71.20406,42.32043],[-71.20407,42.32044],[-71.20408,42.32045],[-71.20376,42.32065],[-71.20374,42.32058]]]},"properties":{"a":"BOYLSTON RD","v":"NEWTON HIGHLANDS","z":"MR1","zf":"MR1/MRT","lot":6212,"ac":0.143,"fr":31.3,"env":1792,"ew":59.9,"eh":29.9,"lv":41700.0,"psf":6.71,"minlot":7000,"minfr":70.0,"conf":false,"bld":true,"ter":"flat","slp":2.7,"elv":138.3,"ez":0,"cor":false,"flg":false,"lhd":false,"fld":false,"wet":false,"oc":"NEWTON"}},{"type":"Feature","geometry":{"type":"Polygon","coordinates":[[[-71.22631,42.35677],[-71.22633,42.35675],[-71.22634,42.35673],[-71.22637,42.35669],[-71.22638,42.35667],[-71.22642,42.35668],[-71.22652,42.3567],[-71.22673,42.35675],[-71.22672,42.35676],[-71.22671,42.3568],[-71.22669,42.35686],[-71.22666,42.35685],[-71.2266,42.35684],[-71.22637,42.35678],[-71.22636,42.35678],[-71.22635,42.35678],[-71.22631,42.35677]]]},"properties":{"a":"TALBOT ST","v":"WEST NEWTON","z":"SR3","zf":"SR3","lot":4282,"ac":0.098,"fr":37.2,"env":1026,"ew":66.3,"eh":15.5,"lv":23300.0,"psf":5.44,"minlot":10000,"minfr":80.0,"conf":false,"bld":true,"ter":"flat","slp":2.9,"elv":60.1,"ez":0,"cor":false,"flg":false,"lhd":false,"fld":false,"wet":false,"oc":"NEWTON"}},{"type":"Feature","geometry":{"type":"Polygon","coordinates":[[[-71.1801,42.33512],[-71.18032,42.33487],[-71.18036,42.33488],[-71.18039,42.33488],[-71.18043,42.33489],[-71.18057,42.33491],[-71.18058,42.33492],[-71.18071,42.33494],[-71.1806,42.33525],[-71.1806,42.33527],[-71.18053,42.33525],[-71.18051,42.33525],[-71.18049,42.33524],[-71.18048,42.33524],[-71.18047,42.33524],[-71.18045,42.33523],[-71.18043,42.33523],[-71.18039,42.33521],[-71.18034,42.3352],[-71.18029,42.33519],[-71.18024,42.33517],[-71.18022,42.33516],[-71.18021,42.33516],[-71.1802,42.33516],[-71.18019,42.33515],[-71.18018,42.33515],[-71.18015,42.33514],[-71.1801,42.33512]]]},"properties":{"a":"MONADNOCK RD","v":"CHESTNUT HILL","z":"SR1","zf":"SR1","lot":14497,"ac":0.333,"fr":89.1,"env":3578,"ew":80.1,"eh":44.7,"lv":132800.0,"psf":9.16,"minlot":25000,"minfr":125.0,"conf":false,"bld":true,"ter":"gentle","slp":5.1,"elv":245.4,"ez":0,"cor":false,"flg":false,"lhd":false,"fld":false,"wet":false,"oc":"CHESTNUT HILL"}},{"type":"Feature","geometry":{"type":"Polygon","coordinates":[[[-71.23192,42.35768],[-71.23202,42.35753],[-71.23203,42.35752],[-71.23204,42.3575],[-71.23208,42.35745],[-71.23214,42.35748],[-71.23215,42.35748],[-71.23216,42.35748],[-71.23201,42.35771],[-71.23192,42.35768]]]},"properties":{"a":"ADAMS AVE","v":"WEST NEWTON","z":"SR3","zf":"SR3","lot":2252,"ac":0.052,"fr":25.2,"env":247,"ew":15.9,"eh":15.5,"lv":12300.0,"psf":5.46,"minlot":10000,"minfr":80.0,"conf":false,"bld":false,"ter":"flat","slp":4.0,"elv":75.8,"ez":0,"cor":false,"flg":false,"lhd":false,"fld":false,"wet":false,"oc":"NEWTON"}},{"type":"Feature","geometry":{"type":"Polygon","coordinates":[[[-71.23652,42.36083],[-71.23634,42.36088],[-71.23635,42.36085],[-71.23638,42.36078],[-71.23652,42.36083]]]},"properties":{"a":"DERBY ST","v":"WEST NEWTON","z":"SR3","zf":"SR3","lot":484,"ac":0.011,"fr":41.9,"env":0,"ew":0.0,"eh":0.0,"lv":2600.0,"psf":5.38,"minlot":10000,"minfr":80.0,"conf":false,"bld":false,"ter":"flat","slp":1.8,"elv":106.4,"ez":0,"cor":false,"flg":false,"lhd":false,"fld":false,"wet":false,"oc":"WALTHAM"}},{"type":"Feature","geometry":{"type":"Polygon","coordinates":[[[-71.23948,42.32253],[-71.23947,42.32237],[-71.23972,42.32236],[-71.23974,42.32236],[-71.23976,42.32236],[-71.23979,42.32236],[-71.23977,42.32253],[-71.23973,42.32253],[-71.23972,42.32253],[-71.23948,42.32253]]]},"properties":{"a":"IRWIN RD","v":"WABAN","z":"SR2","zf":"SR2","lot":4857,"ac":0.112,"fr":61.0,"env":2543,"ew":50.1,"eh":50.8,"lv":2600.0,"psf":0.54,"minlot":15000,"minfr":100.0,"conf":false,"bld":false,"ter":"gentle","slp":5.6,"elv":70.7,"ez":0,"cor":false,"flg":false,"lhd":false,"fld":false,"wet":true,"oc":"WESTBOROUGH"}},{"type":"Feature","geometry":{"type":"Polygon","coordinates":[[[-71.22581,42.32105],[-71.22604,42.32102],[-71.22608,42.32122],[-71.22611,42.32139],[-71.22612,42.32142],[-71.22599,42.32143],[-71.22594,42.32144],[-71.22589,42.32144],[-71.22587,42.32133],[-71.22582,42.32111],[-71.22581,42.32105]]]},"properties":{"a":"KODAYA RD","v":"WABAN","z":"SR2","zf":"SR2","lot":8699,"ac":0.2,"fr":60.6,"env":4198,"ew":41.5,"eh":101.2,"lv":66300.0,"psf":7.62,"minlot":15000,"minfr":100.0,"conf":false,"bld":true,"ter":"flat","slp":2.4,"elv":92.0,"ez":0,"cor":false,"flg":false,"lhd":false,"fld":false,"wet":false,"oc":"WABAN"}},{"type":"Feature","geometry":{"type":"Polygon","coordinates":[[[-71.20735,42.30666],[-71.20741,42.30664],[-71.20761,42.30686],[-71.2076,42.30687],[-71.2076,42.30687],[-71.20759,42.30688],[-71.20758,42.30688],[-71.20756,42.30689],[-71.20755,42.3069],[-71.20754,42.3069],[-71.20754,42.30691],[-71.20753,42.30691],[-71.20751,42.30692],[-71.2075,42.30693],[-71.20749,42.30694],[-71.20748,42.30695],[-71.20747,42.30695],[-71.20747,42.30696],[-71.20746,42.30696],[-71.20746,42.30696],[-71.20745,42.30696],[-71.20744,42.30697],[-71.20743,42.30698],[-71.20735,42.30666]]]},"properties":{"a":"CHARLEMONT ST","v":"NEWTON UPPER FALLS","z":"SR3","zf":"SR3","lot":4500,"ac":0.103,"fr":99.0,"env":307,"ew":15.5,"eh":19.8,"lv":26300.0,"psf":5.84,"minlot":10000,"minfr":80.0,"conf":false,"bld":false,"ter":"moderate","slp":10.9,"elv":145.5,"ez":0,"cor":false,"flg":true,"lhd":false,"fld":false,"wet":false,"oc":"NEWTON"}},{"type":"Feature","geometry":{"type":"Polygon","coordinates":[[[-71.17301,42.3544],[-71.17313,42.35428],[-71.17313,42.35428],[-71.17317,42.35431],[-71.17306,42.35443],[-71.17301,42.3544],[-71.17301,42.3544]]]},"properties":{"a":"BURTON ST REAR","v":"NEWTON CORNER","z":"SR3","zf":"SR3","lot":849,"ac":0.019,"fr":14.3,"env":0,"ew":0.0,"eh":0.0,"lv":5900.0,"psf":6.95,"minlot":10000,"minfr":80.0,"conf":false,"bld":false,"ter":"gentle","slp":7.5,"elv":104.6,"ez":0,"cor":false,"flg":true,"lhd":false,"fld":false,"wet":false,"oc":"NEWTON"}},{"type":"Feature","geometry":{"type":"Polygon","coordinates":[[[-71.15921,42.33252],[-71.16001,42.33202],[-71.16012,42.33206],[-71.16018,42.33209],[-71.16022,42.33211],[-71.15935,42.33264],[-71.15921,42.33252]]]},"properties":{"a":"BEACON ST","v":"CHESTNUT HILL","z":"SR1","zf":"SR1","lot":17594,"ac":0.404,"fr":64.6,"env":494,"ew":24.8,"eh":19.9,"lv":140300.0,"psf":7.97,"minlot":25000,"minfr":125.0,"conf":false,"bld":false,"ter":"moderate","slp":14.7,"elv":163.6,"ez":1,"cor":false,"flg":false,"lhd":true,"fld":false,"wet":false,"oc":"CHESTNUT HILL"}},{"type":"Feature","geometry":{"type":"Polygon","coordinates":[[[-71.25068,42.34393],[-71.25087,42.34364],[-71.25089,42.34364],[-71.25101,42.34348],[-71.25121,42.34355],[-71.25092,42.34399],[-71.2509,42.34401],[-71.25068,42.34393]]]},"properties":{"a":"WOODLAND RD","v":"AUBURNDALE","z":"SR3","zf":"SR3","lot":11957,"ac":0.275,"fr":65.2,"env":2619,"ew":35.3,"eh":74.2,"lv":62600.0,"psf":5.24,"minlot":10000,"minfr":80.0,"conf":false,"bld":false,"ter":"gentle","slp":6.8,"elv":111.3,"ez":0,"cor":false,"flg":false,"lhd":true,"fld":false,"wet":false,"oc":"AUBURNDALE"}},{"type":"Feature","geometry":{"type":"Polygon","coordinates":[[[-71.20021,42.34554],[-71.20023,42.34554],[-71.20026,42.34573],[-71.20023,42.34574],[-71.20021,42.34554]]]},"properties":{"a":"HARVARD CIR","v":"NEWTONVILLE","z":"MR1","zf":"MR1","lot":666,"ac":0.015,"fr":72.5,"env":0,"ew":0.0,"eh":0.0,"lv":4600.0,"psf":6.9,"minlot":7000,"minfr":70.0,"conf":false,"bld":false,"ter":"moderate","slp":14.0,"elv":112.8,"ez":0,"cor":false,"flg":true,"lhd":false,"fld":false,"wet":false,"oc":"NEWTONVILLE"}},{"type":"Feature","geometry":{"type":"Polygon","coordinates":[[[-71.19267,42.33511],[-71.19267,42.3351],[-71.19267,42.3351],[-71.19267,42.33509],[-71.19267,42.33509],[-71.19266,42.33508],[-71.19266,42.33508],[-71.19266,42.33507],[-71.19265,42.33506],[-71.19265,42.33506],[-71.19265,42.33506],[-71.19264,42.33505],[-71.19263,42.33504],[-71.19263,42.33503],[-71.19262,42.33502],[-71.19262,42.33501],[-71.19262,42.335],[-71.19262,42.335],[-71.19262,42.33498],[-71.19262,42.33494],[-71.19267,42.33494],[-71.19268,42.33494],[-71.19273,42.33494],[-71.19289,42.33494],[-71.19289,42.33508],[-71.19288,42.3352],[-71.19284,42.33518],[-71.19282,42.33517],[-71.1928,42.33516],[-71.19267,42.33511]]]},"properties":{"a":"TRINITY TER","v":"NEWTON CENTRE","z":"SR2","zf":"SR2","lot":4975,"ac":0.114,"fr":15.6,"env":1126,"ew":19.8,"eh":56.9,"lv":40000.0,"psf":8.04,"minlot":15000,"minfr":100.0,"conf":false,"bld":true,"ter":"gentle","slp":9.0,"elv":161.6,"ez":1,"cor":false,"flg":false,"lhd":false,"fld":false,"wet":false,"oc":"NEWTON"}},{"type":"Feature","geometry":{"type":"Polygon","coordinates":[[[-71.19937,42.35722],[-71.19943,42.35718],[-71.19955,42.35709],[-71.19969,42.3572],[-71.19971,42.35721],[-71.19972,42.35722],[-71.19953,42.35735],[-71.19937,42.35722]]]},"properties":{"a":"JONES CT","v":"NONANTUM","z":"BU2","zf":"BU2","lot":4596,"ac":0.105,"fr":70.2,"env":504,"ew":24.9,"eh":20.3,"lv":22200.0,"psf":4.83,"minlot":null,"minfr":null,"conf":false,"bld":false,"ter":"flat","slp":3.3,"elv":46.1,"ez":0,"cor":false,"flg":false,"lhd":false,"fld":false,"wet":false,"oc":"NEWTON"}},{"type":"Feature","geometry":{"type":"Polygon","coordinates":[[[-71.18112,42.34142],[-71.18115,42.3413],[-71.18119,42.34113],[-71.18142,42.34113],[-71.18142,42.34144],[-71.18139,42.34144],[-71.18137,42.34144],[-71.18135,42.34144],[-71.18129,42.34143],[-71.18122,42.34143],[-71.18117,42.34142],[-71.18114,42.34142],[-71.18114,42.34142],[-71.18112,42.34142]]]},"properties":{"a":"LORNA RD","v":"CHESTNUT HILL","z":"SR2","zf":"SR2","lot":7492,"ac":0.172,"fr":49.2,"env":4503,"ew":60.5,"eh":74.4,"lv":81200.0,"psf":10.84,"minlot":15000,"minfr":100.0,"conf":false,"bld":true,"ter":"flat","slp":3.6,"elv":199.0,"ez":0,"cor":false,"flg":false,"lhd":false,"fld":false,"wet":false,"oc":"NEWTON CENTRE"}},{"type":"Feature","geometry":{"type":"Polygon","coordinates":[[[-71.24769,42.34556],[-71.24771,42.34554],[-71.24794,42.34564],[-71.24759,42.34568],[-71.24769,42.34556]]]},"properties":{"a":"CENTRAL ST","v":"AUBURNDALE","z":"SR3","zf":"SR3","lot":2727,"ac":0.063,"fr":94.7,"env":0,"ew":0.0,"eh":0.0,"lv":17200.0,"psf":6.31,"minlot":10000,"minfr":80.0,"conf":false,"bld":false,"ter":"gentle","slp":5.5,"elv":79.1,"ez":1,"cor":false,"flg":false,"lhd":false,"fld":false,"wet":false,"oc":"AUBURNDALE"}},{"type":"Feature","geometry":{"type":"Polygon","coordinates":[[[-71.23856,42.32298],[-71.23882,42.32296],[-71.23877,42.32321],[-71.23862,42.3232],[-71.23857,42.32321],[-71.23855,42.32321],[-71.2385,42.32321],[-71.23856,42.32298]]]},"properties":{"a":"ROKEBY RD","v":"WABAN","z":"SR2","zf":"SR2","lot":5994,"ac":0.138,"fr":40.8,"env":2579,"ew":56.4,"eh":45.7,"lv":28900.0,"psf":4.82,"minlot":15000,"minfr":100.0,"conf":false,"bld":true,"ter":"moderate","slp":12.5,"elv":102.6,"ez":0,"cor":false,"flg":true,"lhd":false,"fld":false,"wet":false,"oc":"WESTBOROUGH"}},{"type":"Feature","geometry":{"type":"Polygon","coordinates":[[[-71.17092,42.33924],[-71.17086,42.3392],[-71.17095,42.33912],[-71.17096,42.33911],[-71.17099,42.33908],[-71.17126,42.33927],[-71.17134,42.33932],[-71.17137,42.33934],[-71.17136,42.33935],[-71.17135,42.33935],[-71.17134,42.33936],[-71.17132,42.33937],[-71.1713,42.33938],[-71.17129,42.33939],[-71.17127,42.33941],[-71.17126,42.33941],[-71.17126,42.33941],[-71.17125,42.33942],[-71.17125,42.33942],[-71.17123,42.33944],[-71.17092,42.33924]]]},"properties":{"a":"WABAN HILL RD","v":"CHESTNUT HILL","z":"SR2","zf":"SR2","lot":7501,"ac":0.172,"fr":11.5,"env":221,"ew":14.9,"eh":14.9,"lv":79400.0,"psf":10.59,"minlot":15000,"minfr":100.0,"conf":false,"bld":false,"ter":"moderate","slp":10.1,"elv":220.1,"ez":0,"cor":false,"flg":true,"lhd":false,"fld":false,"wet":false,"oc":"NORTH EASTON"}},{"type":"Feature","geometry":{"type":"Polygon","coordinates":[[[-71.24182,42.32195],[-71.24197,42.32196],[-71.24193,42.32233],[-71.24178,42.32235],[-71.24182,42.32195]]]},"properties":{"a":"ROKEBY RD","v":"WABAN","z":"SR2","zf":"SR2","lot":5715,"ac":0.131,"fr":41.6,"env":2689,"ew":25.4,"eh":105.7,"lv":48900.0,"psf":8.56,"minlot":15000,"minfr":100.0,"conf":false,"bld":true,"ter":"gentle","slp":5.6,"elv":66.4,"ez":0,"cor":false,"flg":false,"lhd":false,"fld":false,"wet":false,"oc":"WABAN"}},{"type":"Feature","geometry":{"type":"Polygon","coordinates":[[[-71.22303,42.32805],[-71.22305,42.328],[-71.22321,42.32767],[-71.22325,42.32759],[-71.22338,42.32762],[-71.22342,42.32763],[-71.22344,42.32764],[-71.22336,42.3278],[-71.22331,42.32791],[-71.22323,42.32808],[-71.22303,42.32805]]]},"properties":{"a":"PINE RIDGE RD","v":"WABAN","z":"SR2","zf":"SR2","lot":9548,"ac":0.219,"fr":49.3,"env":2153,"ew":25.4,"eh":84.6,"lv":84900.0,"psf":8.89,"minlot":15000,"minfr":100.0,"conf":false,"bld":true,"ter":"moderate","slp":10.8,"elv":144.0,"ez":0,"cor":false,"flg":false,"lhd":false,"fld":false,"wet":false,"oc":"WABAN"}},{"type":"Feature","geometry":{"type":"Polygon","coordinates":[[[-71.23058,42.34447],[-71.23059,42.34438],[-71.2304,42.34412],[-71.23049,42.34407],[-71.23051,42.34409],[-71.23057,42.34413],[-71.23075,42.34429],[-71.23073,42.34432],[-71.23072,42.34434],[-71.23068,42.34438],[-71.23058,42.3445],[-71.23058,42.34447]]]},"properties":{"a":"PERKINS ST","v":"WEST NEWTON","z":"SR2","zf":"SR2","lot":4975,"ac":0.114,"fr":12.1,"env":795,"ew":20.1,"eh":39.5,"lv":31700.0,"psf":6.37,"minlot":15000,"minfr":100.0,"conf":false,"bld":false,"ter":"moderate","slp":10.2,"elv":115.1,"ez":0,"cor":false,"flg":true,"lhd":false,"fld":false,"wet":false,"oc":"NEWTON"}},{"type":"Feature","geometry":{"type":"Polygon","coordinates":[[[-71.19377,42.31669],[-71.19376,42.31667],[-71.19376,42.31666],[-71.19381,42.31664],[-71.19381,42.31664],[-71.19392,42.3166],[-71.19409,42.31654],[-71.19415,42.31653],[-71.19424,42.31655],[-71.19424,42.31656],[-71.19428,42.31657],[-71.19428,42.3166],[-71.19426,42.31669],[-71.19424,42.31676],[-71.1939,42.31671],[-71.1938,42.31669],[-71.19377,42.31669]]]},"properties":{"a":"PARKER ST OFF","v":"THOMPSONVILLE","z":"SR3","zf":"SR3","lot":7388,"ac":0.17,"fr":15.4,"env":1426,"ew":56.0,"eh":25.5,"lv":45900.0,"psf":6.21,"minlot":10000,"minfr":80.0,"conf":false,"bld":true,"ter":"gentle","slp":7.1,"elv":126.8,"ez":0,"cor":false,"flg":true,"lhd":false,"fld":false,"wet":false,"oc":"NEWTON CENTRE"}},{"type":"Feature","geometry":{"type":"Polygon","coordinates":[[[-71.18094,42.30485],[-71.18095,42.30484],[-71.18096,42.30483],[-71.18096,42.30483],[-71.18097,42.30482],[-71.18098,42.30481],[-71.18098,42.3048],[-71.18099,42.3048],[-71.18099,42.30479],[-71.18099,42.30479],[-71.18099,42.30478],[-71.18099,42.30477],[-71.181,42.30476],[-71.181,42.30475],[-71.181,42.30475],[-71.181,42.30474],[-71.18099,42.30473],[-71.18099,42.30473],[-71.18099,42.30472],[-71.18099,42.30472],[-71.18099,42.30471],[-71.18098,42.30471],[-71.18098,42.3047],[-71.18098,42.30469],[-71.18097,42.30469],[-71.18096,42.30468],[-71.18096,42.30468],[-71.18095,42.30467],[-71.18112,42.3047],[-71.18116,42.30471],[-71.18142,42.30477],[-71.18153,42.30487],[-71.18156,42.30505],[-71.18141,42.3051],[-71.18138,42.30511],[-71.18136,42.30512],[-71.18132,42.30513],[-71.18094,42.30485]]]},"properties":{"a":"JACOBS TER","v":"OAK HILL","z":"SR1","zf":"SR1","lot":16566,"ac":0.38,"fr":47.4,"env":3028,"ew":60.7,"eh":49.8,"lv":93300.0,"psf":5.63,"minlot":25000,"minfr":125.0,"conf":false,"bld":true,"ter":"moderate","slp":14.0,"elv":206.9,"ez":0,"cor":false,"flg":true,"lhd":false,"fld":false,"wet":false,"oc":"NEWTON CENTRE"}},{"type":"Feature","geometry":{"type":"Polygon","coordinates":[[[-71.20855,42.3629],[-71.2086,42.36277],[-71.20896,42.36284],[-71.20891,42.36297],[-71.20855,42.3629]]]},"properties":{"a":"BEMIS RD","v":"NONANTUM","z":"SR3","zf":"SR3","lot":5001,"ac":0.115,"fr":49.4,"env":1576,"ew":60.5,"eh":26.0,"lv":28800.0,"psf":5.76,"minlot":10000,"minfr":80.0,"conf":false,"bld":true,"ter":"flat","slp":2.5,"elv":51.2,"ez":0,"cor":false,"flg":false,"lhd":false,"fld":false,"wet":false,"oc":"NEWTONVILLE"}},{"type":"Feature","geometry":{"type":"Polygon","coordinates":[[[-71.25033,42.34885],[-71.25038,42.34884],[-71.25051,42.34883],[-71.25052,42.34883],[-71.25059,42.34882],[-71.25063,42.34907],[-71.25049,42.34908],[-71.25047,42.34908],[-71.25035,42.34908],[-71.25033,42.34885]]]},"properties":{"a":"REGINA TER","v":"AUBURNDALE","z":"SR3","zf":"SR3","lot":6120,"ac":0.141,"fr":66.9,"env":2586,"ew":64.2,"eh":40.3,"lv":39800.0,"psf":6.5,"minlot":10000,"minfr":80.0,"conf":false,"bld":true,"ter":"gentle","slp":7.6,"elv":71.4,"ez":0,"cor":false,"flg":false,"lhd":false,"fld":false,"wet":false,"oc":"AUBURNDALE"}},{"type":"Feature","geometry":{"type":"Polygon","coordinates":[[[-71.18877,42.3368],[-71.18869,42.3368],[-71.18871,42.33667],[-71.18888,42.33668],[-71.18887,42.33681],[-71.18883,42.33681],[-71.18881,42.33681],[-71.18879,42.3368],[-71.18877,42.3368]]]},"properties":{"a":"IRVING ST REAR","v":"NEWTON CENTRE","z":"MR1","zf":"MR1","lot":2426,"ac":0.056,"fr":47.8,"env":641,"ew":31.1,"eh":20.6,"lv":19400.0,"psf":8.0,"minlot":7000,"minfr":70.0,"conf":false,"bld":false,"ter":"gentle","slp":8.3,"elv":145.0,"ez":0,"cor":false,"flg":true,"lhd":false,"fld":false,"wet":false,"oc":"HOLDEN"}},{"type":"Feature","geometry":{"type":"Polygon","coordinates":[[[-71.23547,42.35216],[-71.23577,42.35212],[-71.23579,42.35236],[-71.23552,42.35237],[-71.23547,42.35216]]]},"properties":{"a":"STRATFORD RD","v":"WEST NEWTON","z":"SR3","zf":"SR3","lot":5789,"ac":0.133,"fr":81.1,"env":1936,"ew":55.8,"eh":34.7,"lv":31700.0,"psf":5.48,"minlot":10000,"minfr":80.0,"conf":false,"bld":false,"ter":"flat","slp":4.6,"elv":52.1,"ez":1,"cor":false,"flg":false,"lhd":false,"fld":true,"wet":false,"oc":"NEWTON"}},{"type":"Feature","geometry":{"type":"Polygon","coordinates":[[[-71.24445,42.34944],[-71.24453,42.34928],[-71.24454,42.34928],[-71.24454,42.34927],[-71.24458,42.34928],[-71.2447,42.3493],[-71.24486,42.34934],[-71.24482,42.34943],[-71.24481,42.34947],[-71.2448,42.3495],[-71.24479,42.34954],[-71.24445,42.34944]]]},"properties":{"a":"IONIA ST","v":"AUBURNDALE","z":"SR3","zf":"SR3","lot":6543,"ac":0.15,"fr":77.6,"env":2180,"ew":39.5,"eh":55.1,"lv":40500.0,"psf":6.19,"minlot":10000,"minfr":80.0,"conf":false,"bld":true,"ter":"gentle","slp":5.3,"elv":63.5,"ez":0,"cor":false,"flg":false,"lhd":false,"fld":false,"wet":false,"oc":"AUBURNDALE"}},{"type":"Feature","geometry":{"type":"Polygon","coordinates":[[[-71.20623,42.33655],[-71.20648,42.33645],[-71.20655,42.33642],[-71.20666,42.33658],[-71.20652,42.33674],[-71.20623,42.33655]]]},"properties":{"a":"ELLISON RD","v":"NEWTON CENTRE","z":"SR2","zf":"SR2","lot":6473,"ac":0.149,"fr":98.2,"env":1344,"ew":45.5,"eh":29.5,"lv":51900.0,"psf":8.02,"minlot":15000,"minfr":100.0,"conf":false,"bld":true,"ter":"gentle","slp":5.8,"elv":102.2,"ez":0,"cor":false,"flg":false,"lhd":false,"fld":false,"wet":false,"oc":"NEWTON"}},{"type":"Feature","geometry":{"type":"Polygon","coordinates":[[[-71.17499,42.34943],[-71.17495,42.34942],[-71.17495,42.34942],[-71.17505,42.34932],[-71.17505,42.34932],[-71.17521,42.3494],[-71.17526,42.34951],[-71.17525,42.34951],[-71.17521,42.3495],[-71.17512,42.34947],[-71.17499,42.34943]]]},"properties":{"a":"HOOD ST","v":"NEWTON CORNER","z":"MR1","zf":"MR1","lot":3001,"ac":0.069,"fr":52.8,"env":0,"ew":0.0,"eh":0.0,"lv":20600.0,"psf":6.86,"minlot":7000,"minfr":70.0,"conf":false,"bld":false,"ter":"steep","slp":16.3,"elv":165.3,"ez":0,"cor":false,"flg":false,"lhd":false,"fld":false,"wet":false,"oc":"NEWTON"}},{"type":"Feature","geometry":{"type":"Polygon","coordinates":[[[-71.1977,42.32303],[-71.19806,42.32324],[-71.19813,42.32328],[-71.19814,42.32329],[-71.19833,42.32339],[-71.19835,42.32341],[-71.19826,42.32357],[-71.19825,42.32356],[-71.19824,42.32356],[-71.19823,42.32355],[-71.19823,42.32354],[-71.19822,42.32354],[-71.19821,42.32353],[-71.1982,42.32352],[-71.19819,42.3235],[-71.19818,42.32349],[-71.19817,42.32348],[-71.19817,42.32347],[-71.19812,42.3234],[-71.19787,42.32317],[-71.19785,42.32316],[-71.1977,42.32303]]]},"properties":{"a":"HEREWARD RD","v":"NEWTON HIGHLANDS","z":"SR3","zf":"SR3","lot":5227,"ac":0.12,"fr":384.3,"env":0,"ew":0.0,"eh":0.0,"lv":35100.0,"psf":6.71,"minlot":10000,"minfr":80.0,"conf":false,"bld":false,"ter":"gentle","slp":6.9,"elv":157.6,"ez":1,"cor":true,"flg":false,"lhd":false,"fld":false,"wet":false,"oc":"NEWTON"}},{"type":"Feature","geometry":{"type":"Polygon","coordinates":[[[-71.18892,42.32103],[-71.18892,42.3211],[-71.18893,42.32125],[-71.18863,42.32126],[-71.18872,42.32109],[-71.18878,42.32107],[-71.18892,42.32103]]]},"properties":{"a":"CYPRESS ST REAR","v":"THOMPSONVILLE","z":"SR3","zf":"SR3","lot":4870,"ac":0.112,"fr":66.5,"env":711,"ew":20.4,"eh":34.8,"lv":32600.0,"psf":6.69,"minlot":10000,"minfr":80.0,"conf":false,"bld":false,"ter":"flat","slp":4.8,"elv":172.3,"ez":1,"cor":false,"flg":true,"lhd":false,"fld":false,"wet":false,"oc":"NEWTON"}},{"type":"Feature","geometry":{"type":"Polygon","coordinates":[[[-71.20128,42.31362],[-71.20125,42.31361],[-71.20116,42.31359],[-71.2011,42.31336],[-71.20107,42.31326],[-71.20144,42.31329],[-71.20142,42.31347],[-71.20139,42.31364],[-71.20128,42.31362]]]},"properties":{"a":"DEDHAM ST","v":"NEWTON HIGHLANDS","z":"SR3","zf":"SR3","lot":9901,"ac":0.227,"fr":86.5,"env":2524,"ew":29.9,"eh":84.5,"lv":59200.0,"psf":5.98,"minlot":10000,"minfr":80.0,"conf":false,"bld":true,"ter":"gentle","slp":6.3,"elv":111.7,"ez":2,"cor":false,"flg":true,"lhd":false,"fld":false,"wet":false,"oc":"NEWTON"}},{"type":"Feature","geometry":{"type":"Polygon","coordinates":[[[-71.25559,42.34633],[-71.2556,42.34632],[-71.25561,42.3463],[-71.25564,42.34625],[-71.25568,42.34616],[-71.25569,42.34613],[-71.2557,42.34612],[-71.25584,42.34616],[-71.25579,42.34626],[-71.25574,42.34635],[-71.25573,42.34637],[-71.25564,42.34634],[-71.25561,42.34634],[-71.25559,42.34633]]]},"properties":{"a":"PHILLIPS ST","v":"AUBURNDALE","z":"MR1","zf":"MR1","lot":3263,"ac":0.075,"fr":27.4,"env":934,"ew":20.9,"eh":44.7,"lv":19000.0,"psf":5.82,"minlot":7000,"minfr":70.0,"conf":false,"bld":true,"ter":"moderate","slp":11.4,"elv":52.4,"ez":0,"cor":false,"flg":false,"lhd":false,"fld":false,"wet":false,"oc":"AUBURNDALE"}},{"type":"Feature","geometry":{"type":"Polygon","coordinates":[[[-71.21847,42.36617],[-71.21849,42.36608],[-71.21865,42.36612],[-71.21847,42.36617]]]},"properties":{"a":"NORTH ST  NVL","v":"NONANTUM","z":"SR3","zf":"SR3","lot":762,"ac":0.018,"fr":33.1,"env":0,"ew":0.0,"eh":0.0,"lv":4000.0,"psf":5.25,"minlot":10000,"minfr":80.0,"conf":false,"bld":false,"ter":"flat","slp":0.6,"elv":26.9,"ez":0,"cor":false,"flg":false,"lhd":false,"fld":false,"wet":false,"oc":"WATERTOWN"}},{"type":"Feature","geometry":{"type":"Polygon","coordinates":[[[-71.23947,42.32225],[-71.23972,42.3222],[-71.23976,42.32219],[-71.23977,42.32219],[-71.23978,42.32219],[-71.23979,42.32219],[-71.2398,42.32221],[-71.2398,42.32222],[-71.2398,42.32222],[-71.2398,42.32223],[-71.2398,42.32223],[-71.23979,42.32236],[-71.23976,42.32236],[-71.23974,42.32236],[-71.23972,42.32236],[-71.23947,42.32237],[-71.23947,42.32225]]]},"properties":{"a":"QUINOBEQUIN RD","v":"WABAN","z":"SR2","zf":"SR2","lot":3829,"ac":0.088,"fr":118.1,"env":0,"ew":0.0,"eh":0.0,"lv":1900.0,"psf":0.5,"minlot":15000,"minfr":100.0,"conf":false,"bld":false,"ter":"gentle","slp":5.6,"elv":68.9,"ez":0,"cor":true,"flg":false,"lhd":false,"fld":false,"wet":true,"oc":"WESTBOROUGH"}},{"type":"Feature","geometry":{"type":"Polygon","coordinates":[[[-71.24198,42.3308],[-71.24208,42.33072],[-71.24212,42.33069],[-71.24222,42.33061],[-71.24241,42.33075],[-71.24219,42.33086],[-71.24216,42.33088],[-71.24213,42.33089],[-71.24211,42.3309],[-71.24198,42.3308]]]},"properties":{"a":"LONGWELL RD","v":"WABAN","z":"SR2","zf":"SR2","lot":6098,"ac":0.14,"fr":40.2,"env":507,"ew":20.3,"eh":25.0,"lv":32600.0,"psf":5.35,"minlot":15000,"minfr":100.0,"conf":false,"bld":false,"ter":"moderate","slp":13.0,"elv":128.8,"ez":0,"cor":false,"flg":true,"lhd":false,"fld":false,"wet":false,"oc":"WABAN"}},{"type":"Feature","geometry":{"type":"Polygon","coordinates":[[[-71.21656,42.31734],[-71.21666,42.31731],[-71.21666,42.31731],[-71.21672,42.31729],[-71.21685,42.31742],[-71.21684,42.31742],[-71.21674,42.31746],[-71.21665,42.31749],[-71.21665,42.31748],[-71.21657,42.31735],[-71.21656,42.31734]]]},"properties":{"a":"CIRCUIT AVE","v":"NEWTON UPPER FALLS","z":"SR3","zf":"SR3","lot":3306,"ac":0.076,"fr":50.9,"env":311,"ew":15.6,"eh":19.9,"lv":19300.0,"psf":5.84,"minlot":10000,"minfr":80.0,"conf":false,"bld":false,"ter":"gentle","slp":8.5,"elv":148.6,"ez":1,"cor":false,"flg":false,"lhd":false,"fld":false,"wet":false,"oc":"CANTON"}},{"type":"Feature","geometry":{"type":"Polygon","coordinates":[[[-71.22662,42.33557],[-71.22667,42.33546],[-71.22655,42.33542],[-71.22658,42.33537],[-71.22671,42.33518],[-71.22715,42.3353],[-71.22715,42.33531],[-71.22714,42.33531],[-71.22714,42.33532],[-71.22714,42.33534],[-71.22714,42.33535],[-71.22714,42.33536],[-71.22714,42.33537],[-71.22715,42.33538],[-71.22715,42.33538],[-71.22716,42.33539],[-71.22716,42.3354],[-71.22717,42.3354],[-71.22717,42.33541],[-71.22718,42.33541],[-71.22719,42.33542],[-71.22719,42.33542],[-71.2272,42.33543],[-71.22723,42.33543],[-71.22701,42.33556],[-71.22694,42.33566],[-71.22691,42.33565],[-71.22687,42.33564],[-71.22676,42.33561],[-71.22672,42.3356],[-71.22668,42.33559],[-71.22662,42.33557]]]},"properties":{"a":"DARTMOUTH ST","v":"WABAN","z":"SR1","zf":"SR1","lot":17851,"ac":0.41,"fr":74.7,"env":4154,"ew":64.5,"eh":64.4,"lv":111500.0,"psf":6.25,"minlot":25000,"minfr":125.0,"conf":false,"bld":true,"ter":"gentle","slp":5.2,"elv":136.2,"ez":0,"cor":false,"flg":true,"lhd":false,"fld":false,"wet":false,"oc":"NEWTON"}},{"type":"Feature","geometry":{"type":"Polygon","coordinates":[[[-71.23535,42.35948],[-71.23536,42.35942],[-71.23536,42.3594],[-71.23537,42.35936],[-71.23558,42.35944],[-71.23559,42.35945],[-71.2356,42.35945],[-71.23565,42.35947],[-71.23558,42.35957],[-71.23553,42.35955],[-71.2355,42.35954],[-71.23535,42.35948]]]},"properties":{"a":"TOLMAN ST","v":"WEST NEWTON","z":"SR3","zf":"SR3","lot":3145,"ac":0.072,"fr":35.6,"env":525,"ew":35.5,"eh":14.8,"lv":17200.0,"psf":5.47,"minlot":10000,"minfr":80.0,"conf":false,"bld":false,"ter":"flat","slp":4.0,"elv":112.1,"ez":0,"cor":false,"flg":false,"lhd":false,"fld":false,"wet":false,"oc":"NEWTON"}},{"type":"Feature","geometry":{"type":"Polygon","coordinates":[[[-71.23917,42.33742],[-71.23909,42.33739],[-71.23906,42.33737],[-71.23897,42.33734],[-71.23897,42.33733],[-71.23898,42.33732],[-71.239,42.33729],[-71.23917,42.33737],[-71.23922,42.33739],[-71.23926,42.33741],[-71.23924,42.33745],[-71.23922,42.33745],[-71.2392,42.33744],[-71.23917,42.33742]]]},"properties":{"a":"HOLMAN RD REAR","v":"AUBURNDALE","z":"SR3","zf":"SR3","lot":1224,"ac":0.028,"fr":13.0,"env":0,"ew":0.0,"eh":0.0,"lv":7800.0,"psf":6.37,"minlot":10000,"minfr":80.0,"conf":false,"bld":false,"ter":"steep","slp":15.8,"elv":123.2,"ez":0,"cor":false,"flg":true,"lhd":false,"fld":false,"wet":false,"oc":"NEWTON"}},{"type":"Feature","geometry":{"type":"Polygon","coordinates":[[[-71.20221,42.34877],[-71.20248,42.34875],[-71.2025,42.34889],[-71.20222,42.34891],[-71.20221,42.34877]]]},"properties":{"a":"DALE ST","v":"NEWTONVILLE","z":"MR1","zf":"MR1","lot":3755,"ac":0.086,"fr":50.3,"env":1808,"ew":49.9,"eh":36.2,"lv":25700.0,"psf":6.84,"minlot":7000,"minfr":70.0,"conf":false,"bld":true,"ter":"flat","slp":1.6,"elv":52.0,"ez":0,"cor":false,"flg":false,"lhd":false,"fld":false,"wet":false,"oc":"NEWTONVILLE"}},{"type":"Feature","geometry":{"type":"Polygon","coordinates":[[[-71.20618,42.36288],[-71.20589,42.36309],[-71.20578,42.363],[-71.20606,42.36279],[-71.20618,42.36288]]]},"properties":{"a":"ADAMS ST","v":"NONANTUM","z":"MR1","zf":"MR1","lot":5009,"ac":0.115,"fr":46.6,"env":740,"ew":29.6,"eh":25.0,"lv":26000.0,"psf":5.19,"minlot":7000,"minfr":70.0,"conf":false,"bld":false,"ter":"flat","slp":4.4,"elv":49.9,"ez":0,"cor":false,"flg":false,"lhd":false,"fld":false,"wet":false,"oc":"FAIRFIELD"}},{"type":"Feature","geometry":{"type":"Polygon","coordinates":[[[-71.2018,42.32047],[-71.20179,42.32043],[-71.20215,42.32039],[-71.20222,42.32063],[-71.20206,42.32064],[-71.20198,42.32064],[-71.20183,42.32065],[-71.2018,42.32047]]]},"properties":{"a":"WOODCLIFF RD","v":"NEWTON HIGHLANDS","z":"SR3","zf":"SR3","lot":8690,"ac":0.2,"fr":86.9,"env":3955,"ew":56.5,"eh":70.1,"lv":58000.0,"psf":6.67,"minlot":10000,"minfr":80.0,"conf":false,"bld":true,"ter":"moderate","slp":13.5,"elv":163.8,"ez":1,"cor":false,"flg":false,"lhd":false,"fld":false,"wet":false,"oc":"NEWTON HGLDS"}},{"type":"Feature","geometry":{"type":"Polygon","coordinates":[[[-71.23137,42.36235],[-71.23109,42.36243],[-71.2311,42.36239],[-71.23111,42.36235],[-71.23112,42.36233],[-71.23113,42.36232],[-71.23114,42.36232],[-71.23115,42.36231],[-71.23116,42.36231],[-71.23118,42.36231],[-71.23119,42.36232],[-71.23128,42.36233],[-71.23137,42.36235]]]},"properties":{"a":"PARMENTER RD","v":"WEST NEWTON","z":"SR3","zf":"SR3","lot":902,"ac":0.021,"fr":80.9,"env":0,"ew":0.0,"eh":0.0,"lv":4800.0,"psf":5.32,"minlot":10000,"minfr":80.0,"conf":false,"bld":false,"ter":"flat","slp":2.4,"elv":90.7,"ez":0,"cor":true,"flg":false,"lhd":false,"fld":false,"wet":false,"oc":"WALTHAM"}},{"type":"Feature","geometry":{"type":"Polygon","coordinates":[[[-71.20359,42.36161],[-71.20368,42.36158],[-71.20374,42.36156],[-71.20376,42.36155],[-71.20377,42.36156],[-71.20385,42.36168],[-71.20392,42.3618],[-71.20375,42.36186],[-71.20359,42.36161]]]},"properties":{"a":"SILVER LAKE AVE","v":"NONANTUM","z":"MR2","zf":"MR2","lot":5001,"ac":0.115,"fr":52.5,"env":1376,"ew":20.0,"eh":68.9,"lv":26000.0,"psf":5.2,"minlot":7000,"minfr":70.0,"conf":false,"bld":true,"ter":"flat","slp":3.4,"elv":48.5,"ez":0,"cor":false,"flg":false,"lhd":false,"fld":false,"wet":false,"oc":"NEWTON"}},{"type":"Feature","geometry":{"type":"Polygon","coordinates":[[[-71.16901,42.30694],[-71.1687,42.30667],[-71.16872,42.30665],[-71.16875,42.30667],[-71.16902,42.3069],[-71.16913,42.30699],[-71.1691,42.30701],[-71.1691,42.30701],[-71.16901,42.30694]]]},"properties":{"a":"KESSELER WAY","v":"OAK HILL","z":"SR3","zf":"SR3","lot":1642,"ac":0.038,"fr":10.2,"env":0,"ew":0.0,"eh":0.0,"lv":11800.0,"psf":7.19,"minlot":10000,"minfr":80.0,"conf":false,"bld":false,"ter":"flat","slp":3.2,"elv":158.3,"ez":0,"cor":false,"flg":true,"lhd":false,"fld":false,"wet":false,"oc":"CHESTNUT HILL"}},{"type":"Feature","geometry":{"type":"Polygon","coordinates":[[[-71.20683,42.31459],[-71.2072,42.31457],[-71.20721,42.31479],[-71.20685,42.3148],[-71.20683,42.31459]]]},"properties":{"a":"BRIERFIELD RD","v":"NEWTON HIGHLANDS","z":"SR3","zf":"SR3","lot":7950,"ac":0.182,"fr":97.7,"env":2081,"ew":101.8,"eh":20.4,"lv":35700.0,"psf":4.49,"minlot":10000,"minfr":80.0,"conf":false,"bld":true,"ter":"gentle","slp":8.6,"elv":118.8,"ez":1,"cor":false,"flg":true,"lhd":false,"fld":false,"wet":false,"oc":"NEWTON"}},{"type":"Feature","geometry":{"type":"Polygon","coordinates":[[[-71.21041,42.33686],[-71.21047,42.33671],[-71.21055,42.33673],[-71.21067,42.33677],[-71.21059,42.33691],[-71.21041,42.33686]]]},"properties":{"a":"CUMMINGS RD OFF","v":"NEWTON CENTRE","z":"SR2","zf":"SR2","lot":3019,"ac":0.069,"fr":54.7,"env":229,"ew":14.8,"eh":15.5,"lv":24400.0,"psf":8.08,"minlot":15000,"minfr":100.0,"conf":false,"bld":false,"ter":"flat","slp":4.2,"elv":104.5,"ez":1,"cor":false,"flg":true,"lhd":false,"fld":false,"wet":false,"oc":"NEEDHAM"}},{"type":"Feature","geometry":{"type":"Polygon","coordinates":[[[-71.22513,42.33056],[-71.22523,42.3305],[-71.22547,42.3307],[-71.22538,42.33077],[-71.22513,42.33056]]]},"properties":{"a":"CHESTNUT ST","v":"WABAN","z":"SR2","zf":"SR2","lot":2993,"ac":0.069,"fr":34.5,"env":414,"ew":20.3,"eh":20.4,"lv":21000.0,"psf":7.02,"minlot":15000,"minfr":100.0,"conf":false,"bld":false,"ter":"gentle","slp":7.7,"elv":132.2,"ez":0,"cor":false,"flg":false,"lhd":false,"fld":false,"wet":false,"oc":"WABAN"}},{"type":"Feature","geometry":{"type":"Polygon","coordinates":[[[-71.22233,42.36354],[-71.22243,42.36349],[-71.22259,42.36371],[-71.2225,42.36375],[-71.22233,42.36354]]]},"properties":{"a":"FULLER AVE","v":"WEST NEWTON","z":"SR3","zf":"SR3","lot":2701,"ac":0.062,"fr":31.2,"env":402,"ew":15.5,"eh":25.9,"lv":15500.0,"psf":5.74,"minlot":10000,"minfr":80.0,"conf":false,"bld":false,"ter":"flat","slp":4.7,"elv":28.9,"ez":0,"cor":false,"flg":false,"lhd":false,"fld":false,"wet":false,"oc":"WEST NEWTON"}},{"type":"Feature","geometry":{"type":"Polygon","coordinates":[[[-71.20535,42.36153],[-71.20542,42.36147],[-71.20546,42.36144],[-71.20547,42.36143],[-71.20574,42.36163],[-71.20572,42.36164],[-71.20567,42.36167],[-71.20561,42.36172],[-71.20535,42.36153]]]},"properties":{"a":"LINWOOD AVE","v":"NONANTUM","z":"MR2","zf":"MR2","lot":5001,"ac":0.115,"fr":40.8,"env":904,"ew":30.2,"eh":29.9,"lv":25900.0,"psf":5.18,"minlot":7000,"minfr":70.0,"conf":false,"bld":true,"ter":"flat","slp":2.2,"elv":45.6,"ez":0,"cor":false,"flg":false,"lhd":false,"fld":false,"wet":false,"oc":"NEWTON"}},{"type":"Feature","geometry":{"type":"Polygon","coordinates":[[[-71.1823,42.2958],[-71.18264,42.29599],[-71.18256,42.29608],[-71.18246,42.29618],[-71.18201,42.29602],[-71.182,42.296],[-71.18199,42.29598],[-71.18198,42.29596],[-71.18198,42.29594],[-71.18198,42.29591],[-71.18199,42.29589],[-71.182,42.29587],[-71.18202,42.29585],[-71.18206,42.29583],[-71.1821,42.29581],[-71.18215,42.2958],[-71.1822,42.29579],[-71.18225,42.29579],[-71.1823,42.2958]]]},"properties":{"a":"INDIAN RIDGE RD","v":"OAK HILL PARK","z":"SR3","zf":"SR3","lot":16008,"ac":0.367,"fr":26.6,"env":4823,"ew":94.8,"eh":50.9,"lv":56000.0,"psf":3.5,"minlot":10000,"minfr":80.0,"conf":false,"bld":true,"ter":"gentle","slp":5.1,"elv":115.3,"ez":1,"cor":false,"flg":false,"lhd":false,"fld":false,"wet":false,"oc":"DOVER"}},{"type":"Feature","geometry":{"type":"Polygon","coordinates":[[[-71.20841,42.32483],[-71.20837,42.32483],[-71.20836,42.32483],[-71.20836,42.32483],[-71.20832,42.32482],[-71.20829,42.32471],[-71.20857,42.32467],[-71.20867,42.32482],[-71.20861,42.32485],[-71.20855,42.32487],[-71.20848,42.3249],[-71.20845,42.32484],[-71.20841,42.32483]]]},"properties":{"a":"RAEBURN TER","v":"NEWTON HIGHLANDS","z":"SR2","zf":"SR2","lot":5628,"ac":0.129,"fr":62.8,"env":1267,"ew":35.0,"eh":36.2,"lv":36100.0,"psf":6.41,"minlot":15000,"minfr":100.0,"conf":false,"bld":true,"ter":"gentle","slp":9.2,"elv":140.6,"ez":0,"cor":false,"flg":false,"lhd":false,"fld":false,"wet":false,"oc":"NEWTON"}},{"type":"Feature","geometry":{"type":"Polygon","coordinates":[[[-71.20573,42.36239],[-71.206,42.3622],[-71.20608,42.36226],[-71.2061,42.36228],[-71.20613,42.3623],[-71.20609,42.36234],[-71.20595,42.36243],[-71.20586,42.36249],[-71.20573,42.36239]]]},"properties":{"a":"ADAMS ST","v":"NONANTUM","z":"MR1","zf":"MR1","lot":5001,"ac":0.115,"fr":51.4,"env":1049,"ew":34.6,"eh":30.3,"lv":25900.0,"psf":5.18,"minlot":7000,"minfr":70.0,"conf":false,"bld":true,"ter":"flat","slp":2.1,"elv":50.1,"ez":0,"cor":false,"flg":false,"lhd":false,"fld":false,"wet":false,"oc":"NEWTON"}},{"type":"Feature","geometry":{"type":"Polygon","coordinates":[[[-71.21638,42.35475],[-71.2164,42.35474],[-71.21651,42.3547],[-71.21663,42.35465],[-71.21665,42.35468],[-71.21667,42.35471],[-71.21667,42.35472],[-71.2167,42.35475],[-71.21646,42.35485],[-71.21645,42.35485],[-71.21643,42.35483],[-71.21641,42.3548],[-71.21638,42.35475]]]},"properties":{"a":"KENSINGTON ST","v":"NEWTONVILLE","z":"SR3","zf":"SR3","lot":3202,"ac":0.073,"fr":30.5,"env":740,"ew":35.7,"eh":20.7,"lv":18400.0,"psf":5.75,"minlot":10000,"minfr":80.0,"conf":false,"bld":false,"ter":"flat","slp":2.5,"elv":51.3,"ez":0,"cor":false,"flg":false,"lhd":false,"fld":false,"wet":false,"oc":"NEWTON"}},{"type":"Feature","geometry":{"type":"Polygon","coordinates":[[[-71.25045,42.33907],[-71.25042,42.33905],[-71.25041,42.33904],[-71.25031,42.33899],[-71.25053,42.3387],[-71.25054,42.33871],[-71.25054,42.33871],[-71.25056,42.33872],[-71.25057,42.33873],[-71.25058,42.33873],[-71.25059,42.33873],[-71.2506,42.33874],[-71.2506,42.33874],[-71.25062,42.33875],[-71.25064,42.33875],[-71.25064,42.33876],[-71.25064,42.33876],[-71.25065,42.33876],[-71.25067,42.33877],[-71.25068,42.33877],[-71.25071,42.33878],[-71.25059,42.33895],[-71.25051,42.33908],[-71.25045,42.33907]]]},"properties":{"a":"SEMINARY AVE","v":"AUBURNDALE","z":"SR1","zf":"SR1","lot":7518,"ac":0.173,"fr":69.7,"env":0,"ew":0.0,"eh":0.0,"lv":47500.0,"psf":6.32,"minlot":25000,"minfr":125.0,"conf":false,"bld":false,"ter":"gentle","slp":5.7,"elv":72.9,"ez":0,"cor":false,"flg":true,"lhd":false,"fld":false,"wet":false,"oc":"AUBURNDALE"}},{"type":"Feature","geometry":{"type":"Polygon","coordinates":[[[-71.23456,42.3614],[-71.23417,42.36152],[-71.23418,42.3615],[-71.23418,42.3615],[-71.23418,42.36149],[-71.23422,42.36138],[-71.23423,42.36134],[-71.23424,42.36135],[-71.23448,42.36139],[-71.23456,42.3614]]]},"properties":{"a":"TOLMAN ST","v":"WEST NEWTON","z":"SR3","zf":"SR3","lot":2574,"ac":0.059,"fr":23.3,"env":0,"ew":0.0,"eh":0.0,"lv":14100.0,"psf":5.48,"minlot":10000,"minfr":80.0,"conf":false,"bld":false,"ter":"flat","slp":1.1,"elv":111.1,"ez":0,"cor":false,"flg":true,"lhd":false,"fld":false,"wet":false,"oc":"WALTHAM"}},{"type":"Feature","geometry":{"type":"Polygon","coordinates":[[[-71.20318,42.34279],[-71.20322,42.34273],[-71.20344,42.34279],[-71.20341,42.34285],[-71.20318,42.34279]]]},"properties":{"a":"UPLAND RD  NVL","v":"NEWTONVILLE","z":"SR2","zf":"SR2","lot":1712,"ac":0.039,"fr":25.7,"env":311,"ew":20.2,"eh":15.4,"lv":13800.0,"psf":8.06,"minlot":15000,"minfr":100.0,"conf":false,"bld":false,"ter":"gentle","slp":8.5,"elv":121.2,"ez":0,"cor":false,"flg":false,"lhd":false,"fld":false,"wet":false,"oc":"NEWTON"}},{"type":"Feature","geometry":{"type":"Polygon","coordinates":[[[-71.18945,42.33583],[-71.18947,42.33574],[-71.18947,42.33574],[-71.18947,42.33572],[-71.18949,42.33565],[-71.18996,42.3357],[-71.18993,42.33587],[-71.18989,42.33587],[-71.18981,42.33586],[-71.18945,42.33583]]]},"properties":{"a":"CHESTNUT TER","v":"NEWTON CENTRE","z":"SR2","zf":"SR2","lot":8324,"ac":0.191,"fr":64.4,"env":2940,"ew":74.2,"eh":39.6,"lv":67100.0,"psf":8.06,"minlot":15000,"minfr":100.0,"conf":false,"bld":true,"ter":"moderate","slp":14.7,"elv":151.0,"ez":0,"cor":false,"flg":false,"lhd":false,"fld":false,"wet":false,"oc":"NEWTON"}},{"type":"Feature","geometry":{"type":"Polygon","coordinates":[[[-71.21568,42.35453],[-71.21595,42.35442],[-71.21602,42.35452],[-71.21575,42.35462],[-71.21568,42.35453]]]},"properties":{"a":"KENSINGTON ST","v":"NEWTONVILLE","z":"SR3","zf":"SR3","lot":3202,"ac":0.073,"fr":38.5,"env":633,"ew":40.8,"eh":15.5,"lv":18400.0,"psf":5.75,"minlot":10000,"minfr":80.0,"conf":false,"bld":false,"ter":"flat","slp":3.1,"elv":54.9,"ez":0,"cor":false,"flg":false,"lhd":false,"fld":false,"wet":false,"oc":"WESTON"}},{"type":"Feature","geometry":{"type":"Polygon","coordinates":[[[-71.17753,42.35586],[-71.17752,42.35586],[-71.1775,42.35585],[-71.17749,42.35584],[-71.17749,42.35584],[-71.17747,42.35583],[-71.17747,42.35581],[-71.17748,42.35574],[-71.17748,42.35568],[-71.17743,42.35566],[-71.17755,42.35549],[-71.17779,42.35558],[-71.1778,42.35559],[-71.17805,42.35569],[-71.17803,42.35572],[-71.17803,42.35573],[-71.17801,42.35577],[-71.178,42.35579],[-71.17792,42.35601],[-71.1778,42.35597],[-71.17772,42.35594],[-71.17755,42.35587],[-71.17753,42.35586]]]},"properties":{"a":"LINDER TER","v":"NEWTON CORNER","z":"SR3","zf":"SR3","lot":18339,"ac":0.421,"fr":10.6,"env":7191,"ew":83.9,"eh":85.8,"lv":254600.0,"psf":13.88,"minlot":10000,"minfr":80.0,"conf":false,"bld":true,"ter":"flat","slp":2.6,"elv":84.5,"ez":0,"cor":false,"flg":true,"lhd":false,"fld":false,"wet":false,"oc":"NEWTON"}},{"type":"Feature","geometry":{"type":"Polygon","coordinates":[[[-71.21868,42.30783],[-71.21857,42.30781],[-71.2186,42.30773],[-71.21882,42.30777],[-71.21879,42.30785],[-71.21868,42.30783]]]},"properties":{"a":"ABBOTT ST","v":"NEWTON UPPER FALLS","z":"MR1","zf":"MR1","lot":1742,"ac":0.04,"fr":28.3,"env":561,"ew":35.0,"eh":16.0,"lv":9500.0,"psf":5.45,"minlot":7000,"minfr":70.0,"conf":false,"bld":false,"ter":"flat","slp":3.9,"elv":106.8,"ez":0,"cor":false,"flg":false,"lhd":false,"fld":false,"wet":false,"oc":"NEWTON"}},{"type":"Feature","geometry":{"type":"Polygon","coordinates":[[[-71.22152,42.32606],[-71.22155,42.326],[-71.22158,42.32595],[-71.22162,42.32587],[-71.22163,42.32584],[-71.22163,42.32584],[-71.22172,42.32566],[-71.22183,42.32544],[-71.22193,42.32547],[-71.22202,42.32549],[-71.22212,42.32552],[-71.22222,42.32555],[-71.22216,42.32567],[-71.22212,42.32574],[-71.22211,42.32576],[-71.22209,42.32581],[-71.22196,42.32577],[-71.2219,42.32576],[-71.22183,42.32574],[-71.22183,42.32575],[-71.22182,42.32575],[-71.2218,42.32579],[-71.22178,42.32578],[-71.22178,42.32578],[-71.22162,42.32609],[-71.22161,42.32609],[-71.2216,42.32608],[-71.22156,42.32607],[-71.22152,42.32606]]]},"properties":{"a":"PLAINFIELD ST","v":"WABAN","z":"SR2","zf":"SR2","lot":15991,"ac":0.367,"fr":12.9,"env":5129,"ew":79.9,"eh":64.2,"lv":99800.0,"psf":6.24,"minlot":15000,"minfr":100.0,"conf":false,"bld":true,"ter":"gentle","slp":7.1,"elv":132.5,"ez":0,"cor":false,"flg":false,"lhd":false,"fld":false,"wet":false,"oc":"WABAN"}},{"type":"Feature","geometry":{"type":"Polygon","coordinates":[[[-71.18533,42.33045],[-71.18533,42.33038],[-71.18536,42.33038],[-71.18566,42.33042],[-71.18569,42.33042],[-71.18596,42.33046],[-71.18596,42.33052],[-71.18565,42.33049],[-71.18556,42.33048],[-71.18553,42.33047],[-71.18538,42.33046],[-71.18537,42.33046],[-71.18536,42.33046],[-71.18535,42.33046],[-71.18533,42.33045]]]},"properties":{"a":"GLEN AVE","v":"NEWTON CENTRE","z":"SR1","zf":"SR1","lot":3999,"ac":0.092,"fr":22.3,"env":0,"ew":0.0,"eh":0.0,"lv":21600.0,"psf":5.4,"minlot":25000,"minfr":125.0,"conf":false,"bld":false,"ter":"moderate","slp":12.5,"elv":144.6,"ez":3,"cor":false,"flg":false,"lhd":false,"fld":true,"wet":false,"oc":"NEWTON"}},{"type":"Feature","geometry":{"type":"Polygon","coordinates":[[[-71.21555,42.31369],[-71.21566,42.31358],[-71.21571,42.31353],[-71.21574,42.31351],[-71.21576,42.31349],[-71.21579,42.31351],[-71.21591,42.31359],[-71.21593,42.31361],[-71.21595,42.31362],[-71.216,42.31365],[-71.21602,42.31366],[-71.21602,42.31367],[-71.21603,42.31367],[-71.21605,42.31368],[-71.21605,42.31369],[-71.21607,42.3137],[-71.21595,42.31378],[-71.21587,42.31384],[-71.21583,42.31387],[-71.21562,42.31374],[-71.21559,42.31372],[-71.21555,42.31369]]]},"properties":{"a":"COLUMBIA AVE  NUF","v":"NEWTON UPPER FALLS","z":"MR1","zf":"MR1","lot":9300,"ac":0.213,"fr":102.3,"env":2022,"ew":45.3,"eh":44.6,"lv":54000.0,"psf":5.81,"minlot":7000,"minfr":70.0,"conf":true,"bld":true,"ter":"gentle","slp":8.7,"elv":145.5,"ez":1,"cor":false,"flg":false,"lhd":false,"fld":false,"wet":false,"oc":"NEWTON"}},{"type":"Feature","geometry":{"type":"Polygon","coordinates":[[[-71.22596,42.32157],[-71.22605,42.32156],[-71.22608,42.32156],[-71.22614,42.32156],[-71.22617,42.32175],[-71.22622,42.32196],[-71.22604,42.32197],[-71.22601,42.32182],[-71.22596,42.32157]]]},"properties":{"a":"KODAYA RD","v":"WABAN","z":"SR2","zf":"SR2","lot":6782,"ac":0.156,"fr":47.7,"env":1198,"ew":15.0,"eh":80.0,"lv":51700.0,"psf":7.62,"minlot":15000,"minfr":100.0,"conf":false,"bld":true,"ter":"flat","slp":3.7,"elv":90.9,"ez":1,"cor":false,"flg":false,"lhd":false,"fld":false,"wet":false,"oc":"WABAN"}},{"type":"Feature","geometry":{"type":"Polygon","coordinates":[[[-71.16817,42.3256],[-71.16805,42.32535],[-71.16777,42.32543],[-71.16755,42.32541],[-71.16741,42.32544],[-71.1674,42.32543],[-71.16739,42.32541],[-71.16755,42.32536],[-71.16774,42.32538],[-71.16867,42.32514],[-71.16868,42.32514],[-71.1687,42.32515],[-71.16873,42.32517],[-71.16878,42.32522],[-71.16883,42.32525],[-71.16886,42.32528],[-71.16892,42.32531],[-71.16897,42.32535],[-71.169,42.32538],[-71.16817,42.3256]]]},"properties":{"a":"LONGWOOD RD","v":"CHESTNUT HILL","z":"SR1","zf":"SR1","lot":28000,"ac":0.643,"fr":40.4,"env":3931,"ew":113.5,"eh":34.6,"lv":227100.0,"psf":8.11,"minlot":25000,"minfr":125.0,"conf":false,"bld":false,"ter":"moderate","slp":12.2,"elv":183.1,"ez":0,"cor":false,"flg":true,"lhd":true,"fld":false,"wet":false,"oc":"NEWTON"}},{"type":"Feature","geometry":{"type":"Polygon","coordinates":[[[-71.16734,42.32532],[-71.1674,42.32531],[-71.16743,42.32481],[-71.16771,42.32482],[-71.1678,42.32512],[-71.16759,42.32532],[-71.16737,42.32538],[-71.16734,42.32532]]]},"properties":{"a":"LONGWOOD RD","v":"CHESTNUT HILL","z":"SR1","zf":"SR1","lot":17999,"ac":0.413,"fr":22.9,"env":6516,"ew":54.6,"eh":119.3,"lv":161700.0,"psf":8.98,"minlot":25000,"minfr":125.0,"conf":false,"bld":false,"ter":"moderate","slp":12.2,"elv":186.5,"ez":0,"cor":false,"flg":false,"lhd":true,"fld":false,"wet":false,"oc":"NEWTON"}},{"type":"Feature","geometry":{"type":"Polygon","coordinates":[[[-71.22342,42.3157],[-71.22349,42.3157],[-71.22351,42.31581],[-71.22348,42.31581],[-71.22342,42.31581],[-71.22342,42.31578],[-71.22342,42.31572],[-71.22342,42.3157]]]},"properties":{"a":"CHILTON PL","v":"NEWTON UPPER FALLS","z":"SR3","zf":"SR3","lot":1050,"ac":0.024,"fr":18.9,"env":0,"ew":0.0,"eh":0.0,"lv":6200.0,"psf":5.91,"minlot":10000,"minfr":80.0,"conf":false,"bld":false,"ter":"moderate","slp":11.1,"elv":177.3,"ez":0,"cor":false,"flg":true,"lhd":true,"fld":false,"wet":false,"oc":"NEWTON"}},{"type":"Feature","geometry":{"type":"Polygon","coordinates":[[[-71.21222,42.34716],[-71.21238,42.34713],[-71.21248,42.34746],[-71.21232,42.34749],[-71.21222,42.34716]]]},"properties":{"a":"OTIS ST","v":"NEWTONVILLE","z":"SR2","zf":"SR2","lot":5401,"ac":0.124,"fr":45.4,"env":1631,"ew":20.3,"eh":80.3,"lv":42400.0,"psf":7.85,"minlot":15000,"minfr":100.0,"conf":false,"bld":true,"ter":"moderate","slp":10.2,"elv":91.0,"ez":1,"cor":false,"flg":false,"lhd":false,"fld":false,"wet":false,"oc":"NEWTON"}},{"type":"Feature","geometry":{"type":"Polygon","coordinates":[[[-71.17257,42.35486],[-71.17257,42.35486],[-71.17264,42.35479],[-71.17264,42.35479],[-71.17268,42.35482],[-71.17261,42.35489],[-71.17257,42.35486]]]},"properties":{"a":"HUNNEWELL AVE","v":"NEWTON CORNER","z":"SR3","zf":"SR3","lot":523,"ac":0.012,"fr":15.5,"env":0,"ew":0.0,"eh":0.0,"lv":3600.0,"psf":6.89,"minlot":10000,"minfr":80.0,"conf":false,"bld":false,"ter":"flat","slp":4.1,"elv":98.0,"ez":0,"cor":false,"flg":true,"lhd":false,"fld":false,"wet":false,"oc":"BRIGHTON"}},{"type":"Feature","geometry":{"type":"Polygon","coordinates":[[[-71.23957,42.35867],[-71.23959,42.35855],[-71.23997,42.35856],[-71.23994,42.3587],[-71.23957,42.35867]]]},"properties":{"a":"LEXINGTON ST","v":"AUBURNDALE","z":"SR3","zf":"SR3","lot":5049,"ac":0.116,"fr":43.2,"env":2318,"ew":54.4,"eh":42.6,"lv":20700.0,"psf":4.1,"minlot":10000,"minfr":80.0,"conf":false,"bld":true,"ter":"moderate","slp":11.1,"elv":58.1,"ez":0,"cor":false,"flg":false,"lhd":false,"fld":false,"wet":false,"oc":"NEWTON"}},{"type":"Feature","geometry":{"type":"Polygon","coordinates":[[[-71.22245,42.35095],[-71.22261,42.35089],[-71.22264,42.35088],[-71.22264,42.35088],[-71.22284,42.35114],[-71.22302,42.35138],[-71.22301,42.35138],[-71.22286,42.35138],[-71.22279,42.35132],[-71.2227,42.35121],[-71.22246,42.35096],[-71.22245,42.35095]]]},"properties":{"a":"WATERTOWN ST","v":"WEST NEWTON","z":"SR3","zf":"SR3","lot":9866,"ac":0.227,"fr":49.4,"env":1110,"ew":24.9,"eh":44.6,"lv":46800.0,"psf":4.74,"minlot":10000,"minfr":80.0,"conf":false,"bld":true,"ter":"flat","slp":2.2,"elv":53.6,"ez":0,"cor":false,"flg":false,"lhd":false,"fld":false,"wet":false,"oc":"NEWTON"}},{"type":"Feature","geometry":{"type":"Polygon","coordinates":[[[-71.21047,42.3531],[-71.21045,42.35309],[-71.21044,42.35309],[-71.21042,42.35309],[-71.21044,42.35303],[-71.21044,42.35301],[-71.21046,42.35299],[-71.21047,42.35296],[-71.21103,42.35308],[-71.211,42.35322],[-71.21047,42.3531]]]},"properties":{"a":"BROOKS AVE","v":"NEWTONVILLE","z":"MR1","zf":"MR1","lot":7924,"ac":0.182,"fr":49.1,"env":1745,"ew":70.5,"eh":24.7,"lv":45700.0,"psf":5.77,"minlot":7000,"minfr":70.0,"conf":false,"bld":true,"ter":"flat","slp":2.7,"elv":62.0,"ez":0,"cor":false,"flg":false,"lhd":false,"fld":false,"wet":false,"oc":"NEWTONVILLE"}},{"type":"Feature","geometry":{"type":"Polygon","coordinates":[[[-71.18797,42.33572],[-71.18804,42.33529],[-71.18806,42.33529],[-71.1881,42.3353],[-71.18818,42.3353],[-71.18818,42.33537],[-71.18817,42.33564],[-71.18817,42.33571],[-71.18816,42.33573],[-71.18797,42.33572]]]},"properties":{"a":"DEVON RD","v":"NEWTON CENTRE","z":"SR2","zf":"SR2","lot":7000,"ac":0.161,"fr":32.5,"env":4800,"ew":41.7,"eh":115.2,"lv":56400.0,"psf":8.06,"minlot":15000,"minfr":100.0,"conf":false,"bld":true,"ter":"gentle","slp":9.4,"elv":164.1,"ez":0,"cor":false,"flg":false,"lhd":false,"fld":false,"wet":false,"oc":"NEWTON"}},{"type":"Feature","geometry":{"type":"Polygon","coordinates":[[[-71.25687,42.35139],[-71.25688,42.35136],[-71.25688,42.35134],[-71.25689,42.35132],[-71.25689,42.35131],[-71.2569,42.35128],[-71.25692,42.35118],[-71.25712,42.35121],[-71.25709,42.35132],[-71.25707,42.35142],[-71.25706,42.35142],[-71.25703,42.35142],[-71.25699,42.35141],[-71.25687,42.35139]]]},"properties":{"a":"ISLINGTON RD","v":"AUBURNDALE","z":"SR3","zf":"SR3","lot":4160,"ac":0.096,"fr":43.3,"env":1305,"ew":36.3,"eh":35.9,"lv":27600.0,"psf":6.63,"minlot":10000,"minfr":80.0,"conf":false,"bld":true,"ter":"flat","slp":2.8,"elv":41.4,"ez":0,"cor":false,"flg":false,"lhd":false,"fld":false,"wet":false,"oc":"AUBURNDALE"}},{"type":"Feature","geometry":{"type":"Polygon","coordinates":[[[-71.20017,42.34554],[-71.20021,42.34554],[-71.20023,42.34574],[-71.2002,42.34574],[-71.20017,42.34554]]]},"properties":{"a":"HARVARD CIR","v":"NEWTONVILLE","z":"MR1","zf":"MR1","lot":666,"ac":0.015,"fr":72.4,"env":0,"ew":0.0,"eh":0.0,"lv":4600.0,"psf":6.9,"minlot":7000,"minfr":70.0,"conf":false,"bld":false,"ter":"moderate","slp":14.0,"elv":112.5,"ez":0,"cor":false,"flg":true,"lhd":false,"fld":false,"wet":false,"oc":"NEWTONVILLE"}},{"type":"Feature","geometry":{"type":"Polygon","coordinates":[[[-71.20801,42.30801],[-71.20795,42.30799],[-71.20812,42.30766],[-71.20828,42.3077],[-71.20811,42.30803],[-71.20801,42.30801]]]},"properties":{"a":"CARL ST","v":"NEWTON UPPER FALLS","z":"SR3","zf":"SR3","lot":6408,"ac":0.147,"fr":46.7,"env":1399,"ew":25.1,"eh":55.9,"lv":37500.0,"psf":5.85,"minlot":10000,"minfr":80.0,"conf":false,"bld":true,"ter":"gentle","slp":5.8,"elv":144.3,"ez":0,"cor":false,"flg":false,"lhd":false,"fld":false,"wet":false,"oc":"NEWTON"}},{"type":"Feature","geometry":{"type":"Polygon","coordinates":[[[-71.20925,42.31308],[-71.20926,42.31298],[-71.20926,42.31298],[-71.20926,42.31297],[-71.20926,42.31296],[-71.20926,42.31296],[-71.20926,42.31295],[-71.20926,42.31293],[-71.20926,42.31292],[-71.20926,42.31292],[-71.20926,42.31288],[-71.20926,42.3128],[-71.20926,42.31275],[-71.20926,42.3127],[-71.20927,42.31271],[-71.20927,42.31271],[-71.20928,42.31272],[-71.20929,42.31273],[-71.2093,42.31274],[-71.20931,42.31275],[-71.20931,42.31275],[-71.20932,42.31276],[-71.20933,42.31276],[-71.20934,42.31278],[-71.20934,42.31278],[-71.20935,42.31279],[-71.20935,42.31279],[-71.20935,42.3128],[-71.20936,42.3128],[-71.20937,42.31282],[-71.20938,42.31283],[-71.20938,42.31284],[-71.20939,42.31284],[-71.20939,42.31284],[-71.20939,42.31285],[-71.20939,42.31285],[-71.2094,42.31286],[-71.2094,42.31287],[-71.20941,42.31288],[-71.20942,42.31289],[-71.20942,42.3129],[-71.20943,42.31291],[-71.20947,42.31299],[-71.20948,42.31299],[-71.2095,42.31304],[-71.20952,42.31307],[-71.20953,42.3131],[-71.20944,42.31309],[-71.20934,42.31309],[-71.20925,42.31308]]]},"properties":{"a":"WINCHESTER ST","v":"NEWTON HIGHLANDS","z":"MR1","zf":"MR1","lot":6647,"ac":0.153,"fr":151.0,"env":1409,"ew":25.4,"eh":55.5,"lv":41100.0,"psf":6.18,"minlot":7000,"minfr":70.0,"conf":false,"bld":true,"ter":"flat","slp":5.0,"elv":115.2,"ez":0,"cor":true,"flg":false,"lhd":false,"fld":false,"wet":false,"oc":"NEWTON"}},{"type":"Feature","geometry":{"type":"Polygon","coordinates":[[[-71.23338,42.32276],[-71.2334,42.32272],[-71.23347,42.32259],[-71.23348,42.32259],[-71.23351,42.32258],[-71.23354,42.32258],[-71.23356,42.32258],[-71.23356,42.32258],[-71.23357,42.32258],[-71.23358,42.32258],[-71.23359,42.32258],[-71.2336,42.32258],[-71.2336,42.32257],[-71.23361,42.32257],[-71.23362,42.32257],[-71.23362,42.32257],[-71.23365,42.32257],[-71.23366,42.32257],[-71.23367,42.32257],[-71.23369,42.32257],[-71.23371,42.32257],[-71.23371,42.32257],[-71.23372,42.32257],[-71.23373,42.32257],[-71.23375,42.32257],[-71.23377,42.32257],[-71.23379,42.32257],[-71.23379,42.32257],[-71.2338,42.32257],[-71.23382,42.32258],[-71.23383,42.32258],[-71.23384,42.32259],[-71.23384,42.32259],[-71.23385,42.3226],[-71.23386,42.32261],[-71.23386,42.32262],[-71.23387,42.32263],[-71.23386,42.32265],[-71.23386,42.32266],[-71.23386,42.32266],[-71.23386,42.32267],[-71.23383,42.32271],[-71.23382,42.32272],[-71.2338,42.32276],[-71.23373,42.32286],[-71.23357,42.32281],[-71.23346,42.32278],[-71.23338,42.32276]]]},"properties":{"a":"GOULD RD","v":"WABAN","z":"SR2","zf":"SR2","lot":9331,"ac":0.214,"fr":72.8,"env":2777,"ew":55.6,"eh":50.0,"lv":79100.0,"psf":8.48,"minlot":15000,"minfr":100.0,"conf":false,"bld":true,"ter":"flat","slp":3.6,"elv":71.1,"ez":0,"cor":false,"flg":false,"lhd":false,"fld":false,"wet":false,"oc":"WABAN"}},{"type":"Feature","geometry":{"type":"Polygon","coordinates":[[[-71.18891,42.32081],[-71.1891,42.32086],[-71.18914,42.32087],[-71.18917,42.32088],[-71.18927,42.3209],[-71.18922,42.32093],[-71.18892,42.32103],[-71.18878,42.32107],[-71.18891,42.32081]]]},"properties":{"a":"JACKSON ST REAR","v":"THOMPSONVILLE","z":"SR3","zf":"SR3","lot":5545,"ac":0.127,"fr":27.5,"env":902,"ew":35.7,"eh":25.2,"lv":37000.0,"psf":6.67,"minlot":10000,"minfr":80.0,"conf":false,"bld":true,"ter":"flat","slp":3.9,"elv":173.3,"ez":1,"cor":false,"flg":true,"lhd":false,"fld":false,"wet":false,"oc":"NEWTON CENTRE"}},{"type":"Feature","geometry":{"type":"Polygon","coordinates":[[[-71.20731,42.31575],[-71.20733,42.31554],[-71.20754,42.31555],[-71.20755,42.31555],[-71.20764,42.31556],[-71.20762,42.31576],[-71.20731,42.31575]]]},"properties":{"a":"BRIERFIELD RD","v":"NEWTON HIGHLANDS","z":"SR3","zf":"SR3","lot":6347,"ac":0.146,"fr":76.4,"env":3014,"ew":49.3,"eh":61.1,"lv":39400.0,"psf":6.21,"minlot":10000,"minfr":80.0,"conf":false,"bld":true,"ter":"gentle","slp":7.1,"elv":117.4,"ez":0,"cor":false,"flg":false,"lhd":false,"fld":false,"wet":false,"oc":"NEWTON"}},{"type":"Feature","geometry":{"type":"Polygon","coordinates":[[[-71.1777,42.32152],[-71.17776,42.32154],[-71.178,42.32161],[-71.178,42.32161],[-71.17792,42.32177],[-71.1778,42.32178],[-71.17755,42.32179],[-71.1777,42.32152]]]},"properties":{"a":"MOODY ST","v":"THOMPSONVILLE","z":"SR3","zf":"SR3","lot":7575,"ac":0.174,"fr":71.6,"env":1953,"ew":65.7,"eh":29.7,"lv":60300.0,"psf":7.96,"minlot":10000,"minfr":80.0,"conf":false,"bld":true,"ter":"flat","slp":3.3,"elv":214.3,"ez":0,"cor":false,"flg":true,"lhd":false,"fld":false,"wet":false,"oc":"NEWTON"}},{"type":"Feature","geometry":{"type":"Polygon","coordinates":[[[-71.23988,42.32283],[-71.23988,42.32281],[-71.23989,42.3228],[-71.2399,42.32279],[-71.23991,42.32278],[-71.23993,42.32277],[-71.23994,42.32276],[-71.23996,42.32276],[-71.23998,42.32275],[-71.24004,42.32276],[-71.24023,42.32296],[-71.24039,42.32325],[-71.24036,42.32325],[-71.23979,42.32323],[-71.23988,42.32283]]]},"properties":{"a":"IRWIN RD","v":"WABAN","z":"SR2","zf":"SR2","lot":19528,"ac":0.448,"fr":17.2,"env":9477,"ew":85.9,"eh":110.3,"lv":129400.0,"psf":6.63,"minlot":15000,"minfr":100.0,"conf":false,"bld":true,"ter":"steep","slp":15.0,"elv":94.0,"ez":0,"cor":false,"flg":false,"lhd":false,"fld":false,"wet":false,"oc":"WABAN"}},{"type":"Feature","geometry":{"type":"Polygon","coordinates":[[[-71.2385,42.3594],[-71.23853,42.35935],[-71.23872,42.35942],[-71.23869,42.35948],[-71.2385,42.3594]]]},"properties":{"a":"MILTON AVE","v":"WEST NEWTON","z":"SR3","zf":"SR3","lot":1398,"ac":0.032,"fr":115.6,"env":0,"ew":0.0,"eh":0.0,"lv":7700.0,"psf":5.51,"minlot":10000,"minfr":80.0,"conf":false,"bld":false,"ter":"gentle","slp":6.5,"elv":91.3,"ez":0,"cor":false,"flg":false,"lhd":false,"fld":false,"wet":false,"oc":"NEWTON"}},{"type":"Feature","geometry":{"type":"Polygon","coordinates":[[[-71.20682,42.31438],[-71.20719,42.31437],[-71.2072,42.31457],[-71.20683,42.31459],[-71.20683,42.31452],[-71.20682,42.31438]]]},"properties":{"a":"BRIERFIELD RD","v":"NEWTON HIGHLANDS","z":"SR3","zf":"SR3","lot":7510,"ac":0.172,"fr":100.4,"env":3765,"ew":102.9,"eh":36.6,"lv":46600.0,"psf":6.21,"minlot":10000,"minfr":80.0,"conf":false,"bld":true,"ter":"gentle","slp":8.4,"elv":119.0,"ez":0,"cor":false,"flg":true,"lhd":false,"fld":false,"wet":false,"oc":"NEWTON HGLDS"}},{"type":"Feature","geometry":{"type":"Polygon","coordinates":[[[-71.20377,42.32531],[-71.2039,42.32517],[-71.20426,42.32537],[-71.20421,42.32541],[-71.20417,42.32546],[-71.20413,42.3255],[-71.20377,42.32531]]]},"properties":{"a":"NORMAN RD","v":"NEWTON HIGHLANDS","z":"SR2","zf":"SR2","lot":7166,"ac":0.165,"fr":60.2,"env":1518,"ew":50.6,"eh":30.0,"lv":218700.0,"psf":30.52,"minlot":15000,"minfr":100.0,"conf":false,"bld":true,"ter":"flat","slp":3.5,"elv":159.6,"ez":0,"cor":false,"flg":false,"lhd":false,"fld":false,"wet":false,"oc":"BOSTON"}},{"type":"Feature","geometry":{"type":"Polygon","coordinates":[[[-71.2333,42.34451],[-71.23346,42.34439],[-71.23354,42.34445],[-71.23358,42.34448],[-71.23366,42.34455],[-71.23359,42.3446],[-71.23357,42.34461],[-71.2335,42.34467],[-71.2333,42.34451]]]},"properties":{"a":"ARDMORE RD","v":"WEST NEWTON","z":"MR1","zf":"MR1","lot":4857,"ac":0.112,"fr":60.8,"env":1209,"ew":34.5,"eh":35.0,"lv":30800.0,"psf":6.34,"minlot":7000,"minfr":70.0,"conf":false,"bld":true,"ter":"flat","slp":3.6,"elv":58.2,"ez":1,"cor":false,"flg":false,"lhd":false,"fld":false,"wet":false,"oc":"WEST NEWTON"}},{"type":"Feature","geometry":{"type":"Polygon","coordinates":[[[-71.22671,42.33518],[-71.22688,42.33494],[-71.22733,42.33507],[-71.22722,42.33524],[-71.2272,42.33525],[-71.2272,42.33526],[-71.22719,42.33526],[-71.22719,42.33526],[-71.22718,42.33527],[-71.22717,42.33528],[-71.22716,42.33529],[-71.22715,42.33529],[-71.22715,42.3353],[-71.22671,42.33518]]]},"properties":{"a":"DARTMOUTH ST","v":"WABAN","z":"SR1","zf":"SR1","lot":12894,"ac":0.296,"fr":68.4,"env":3322,"ew":54.5,"eh":61.0,"lv":89000.0,"psf":6.9,"minlot":25000,"minfr":125.0,"conf":false,"bld":true,"ter":"gentle","slp":5.2,"elv":137.9,"ez":0,"cor":false,"flg":true,"lhd":false,"fld":false,"wet":false,"oc":"WEST NEWTON"}},{"type":"Feature","geometry":{"type":"Polygon","coordinates":[[[-71.17265,42.30811],[-71.17266,42.30806],[-71.17266,42.30803],[-71.17268,42.30791],[-71.17307,42.30797],[-71.17307,42.308],[-71.17306,42.30809],[-71.17306,42.30811],[-71.17306,42.30813],[-71.17306,42.30813],[-71.17295,42.30813],[-71.17293,42.30813],[-71.17281,42.30812],[-71.17268,42.30811],[-71.17266,42.30811],[-71.17265,42.30811]]]},"properties":{"a":"ROLLING LANE","v":"THOMPSONVILLE","z":"SR3","zf":"SR3","lot":7370,"ac":0.169,"fr":75.6,"env":3541,"ew":76.7,"eh":46.2,"lv":53100.0,"psf":7.2,"minlot":10000,"minfr":80.0,"conf":false,"bld":true,"ter":"gentle","slp":8.2,"elv":180.2,"ez":0,"cor":false,"flg":false,"lhd":false,"fld":false,"wet":false,"oc":"CHESTNUT HILL"}},{"type":"Feature","geometry":{"type":"Polygon","coordinates":[[[-71.16288,42.32589],[-71.16319,42.32566],[-71.16325,42.32573],[-71.16289,42.3259],[-71.16288,42.32589]]]},"properties":{"a":"DUNSTER RD","v":"CHESTNUT HILL","z":"SR1","zf":"SR1","lot":1660,"ac":0.038,"fr":28.3,"env":0,"ew":0.0,"eh":0.0,"lv":18000.0,"psf":10.85,"minlot":25000,"minfr":125.0,"conf":false,"bld":false,"ter":"flat","slp":1.8,"elv":166.1,"ez":0,"cor":false,"flg":false,"lhd":false,"fld":false,"wet":false,"oc":"CHESTNUT HILL"}},{"type":"Feature","geometry":{"type":"Polygon","coordinates":[[[-71.18627,42.32582],[-71.1865,42.32565],[-71.18662,42.32574],[-71.18658,42.32579],[-71.18655,42.32584],[-71.18655,42.32584],[-71.18664,42.32593],[-71.18663,42.32594],[-71.18658,42.32596],[-71.18651,42.326],[-71.18627,42.32582]]]},"properties":{"a":"WESTMINSTER RD","v":"THOMPSONVILLE","z":"SR2","zf":"SR2","lot":7044,"ac":0.162,"fr":89.6,"env":1149,"ew":25.5,"eh":45.1,"lv":47100.0,"psf":6.69,"minlot":15000,"minfr":100.0,"conf":false,"bld":true,"ter":"flat","slp":4.8,"elv":221.0,"ez":0,"cor":false,"flg":true,"lhd":false,"fld":false,"wet":false,"oc":"NEWTON"}},{"type":"Feature","geometry":{"type":"Polygon","coordinates":[[[-71.22742,42.34749],[-71.22757,42.34746],[-71.22762,42.34745],[-71.22764,42.34744],[-71.22767,42.34748],[-71.22772,42.34759],[-71.22777,42.34766],[-71.22751,42.34772],[-71.22747,42.34761],[-71.22742,42.34749]]]},"properties":{"a":"HUNTER ST","v":"WEST NEWTON","z":"MR2","zf":"MR2","lot":5828,"ac":0.134,"fr":56.8,"env":2183,"ew":54.2,"eh":40.3,"lv":37000.0,"psf":6.35,"minlot":7000,"minfr":70.0,"conf":false,"bld":true,"ter":"steep","slp":15.2,"elv":66.6,"ez":0,"cor":false,"flg":false,"lhd":false,"fld":false,"wet":false,"oc":"NEWTON"}},{"type":"Feature","geometry":{"type":"Polygon","coordinates":[[[-71.23948,42.32253],[-71.23972,42.32253],[-71.23973,42.32253],[-71.23977,42.32253],[-71.23977,42.32259],[-71.23976,42.32267],[-71.23973,42.32272],[-71.23973,42.32272],[-71.23959,42.32278],[-71.23956,42.32279],[-71.2395,42.3226],[-71.23949,42.32258],[-71.23948,42.32253]]]},"properties":{"a":"IRWIN RD","v":"WABAN","z":"SR2","zf":"SR2","lot":5759,"ac":0.132,"fr":70.4,"env":1882,"ew":25.1,"eh":74.9,"lv":3000.0,"psf":0.52,"minlot":15000,"minfr":100.0,"conf":false,"bld":true,"ter":"gentle","slp":5.6,"elv":72.6,"ez":0,"cor":false,"flg":false,"lhd":false,"fld":false,"wet":false,"oc":"WESTBOROUGH"}},{"type":"Feature","geometry":{"type":"Polygon","coordinates":[[[-71.17041,42.30806],[-71.17039,42.30804],[-71.17067,42.30796],[-71.1707,42.30795],[-71.17071,42.30794],[-71.17072,42.30797],[-71.17073,42.308],[-71.17078,42.30808],[-71.17064,42.30823],[-71.17041,42.30806]]]},"properties":{"a":"AUDUBON DR","v":"THOMPSONVILLE","z":"SR3","zf":"SR3","lot":5345,"ac":0.123,"fr":11.4,"env":1029,"ew":25.0,"eh":41.2,"lv":38500.0,"psf":7.2,"minlot":10000,"minfr":80.0,"conf":false,"bld":true,"ter":"flat","slp":3.4,"elv":163.7,"ez":0,"cor":false,"flg":true,"lhd":false,"fld":false,"wet":false,"oc":"BROOKLINE"}},{"type":"Feature","geometry":{"type":"Polygon","coordinates":[[[-71.25354,42.34012],[-71.2536,42.33996],[-71.25403,42.34012],[-71.25409,42.34015],[-71.25414,42.34017],[-71.25409,42.34026],[-71.25408,42.34027],[-71.25407,42.3403],[-71.25354,42.34012]]]},"properties":{"a":"OAKWOOD RD  AUB","v":"AUBURNDALE","z":"SR3","zf":"SR3","lot":8773,"ac":0.201,"fr":59.1,"env":1518,"ew":49.4,"eh":30.7,"lv":55100.0,"psf":6.28,"minlot":10000,"minfr":80.0,"conf":false,"bld":true,"ter":"moderate","slp":10.6,"elv":84.9,"ez":0,"cor":false,"flg":false,"lhd":false,"fld":false,"wet":false,"oc":"AUBURNDALE"}},{"type":"Feature","geometry":{"type":"Polygon","coordinates":[[[-71.18117,42.30846],[-71.18122,42.30844],[-71.18128,42.30853],[-71.18132,42.30859],[-71.18143,42.30875],[-71.18141,42.30876],[-71.18141,42.30876],[-71.1814,42.30876],[-71.18138,42.30874],[-71.18137,42.30873],[-71.18137,42.30872],[-71.18136,42.30871],[-71.18135,42.30869],[-71.18134,42.30867],[-71.18134,42.30867],[-71.18134,42.30866],[-71.18133,42.30866],[-71.18133,42.30866],[-71.18132,42.30864],[-71.18131,42.30863],[-71.18131,42.30863],[-71.1813,42.30862],[-71.18129,42.3086],[-71.18127,42.30858],[-71.18127,42.30858],[-71.18125,42.30855],[-71.18123,42.30853],[-71.18123,42.30852],[-71.18122,42.30852],[-71.18122,42.30851],[-71.18121,42.3085],[-71.1812,42.30849],[-71.1812,42.30849],[-71.18118,42.30847],[-71.18117,42.30846]]]},"properties":{"a":"DUDLEY RD","v":"OAK HILL","z":"SR2","zf":"SR2","lot":1529,"ac":0.035,"fr":150.7,"env":0,"ew":0.0,"eh":0.0,"lv":12700.0,"psf":8.31,"minlot":15000,"minfr":100.0,"conf":false,"bld":false,"ter":"flat","slp":2.1,"elv":143.0,"ez":0,"cor":false,"flg":false,"lhd":false,"fld":false,"wet":false,"oc":"NEWTON"}},{"type":"Feature","geometry":{"type":"Polygon","coordinates":[[[-71.23772,42.35668],[-71.23789,42.35652],[-71.23813,42.35633],[-71.23814,42.35631],[-71.23799,42.35585],[-71.23843,42.35518],[-71.2386,42.35522],[-71.23865,42.35524],[-71.23869,42.35525],[-71.23872,42.35512],[-71.23873,42.35507],[-71.23875,42.35503],[-71.23888,42.35463],[-71.23894,42.3546],[-71.23894,42.3546],[-71.23906,42.35463],[-71.23904,42.35502],[-71.23903,42.35507],[-71.23901,42.35581],[-71.23849,42.35618],[-71.23816,42.35637],[-71.23786,42.35662],[-71.23778,42.35669],[-71.23777,42.3567],[-71.23776,42.3567],[-71.23775,42.35669],[-71.23772,42.35668]]]},"properties":{"a":"RIVER ST OFF","v":"WEST NEWTON","z":"SR3","zf":"SR3","lot":91541,"ac":2.102,"fr":32.3,"env":18594,"ew":133.5,"eh":139.3,"lv":238500.0,"psf":2.61,"minlot":10000,"minfr":80.0,"conf":false,"bld":true,"ter":"flat","slp":3.3,"elv":59.7,"ez":0,"cor":false,"flg":true,"lhd":false,"fld":false,"wet":false,"oc":"NEWTON"}},{"type":"Feature","geometry":{"type":"Polygon","coordinates":[[[-71.20032,42.34573],[-71.20029,42.34573],[-71.20027,42.34553],[-71.20029,42.34553],[-71.20032,42.34573]]]},"properties":{"a":"HARVARD CIR","v":"NEWTONVILLE","z":"MR1","zf":"MR1","lot":666,"ac":0.015,"fr":72.8,"env":0,"ew":0.0,"eh":0.0,"lv":4600.0,"psf":6.9,"minlot":7000,"minfr":70.0,"conf":false,"bld":false,"ter":"steep","slp":15.7,"elv":113.6,"ez":0,"cor":false,"flg":true,"lhd":false,"fld":false,"wet":false,"oc":"NEWTON"}},{"type":"Feature","geometry":{"type":"Polygon","coordinates":[[[-71.19186,42.3217],[-71.19197,42.3216],[-71.19198,42.32159],[-71.19202,42.32156],[-71.19208,42.32151],[-71.19214,42.32154],[-71.19192,42.32173],[-71.19189,42.32171],[-71.19187,42.3217],[-71.19186,42.3217]]]},"properties":{"a":"DANIEL ST","v":"THOMPSONVILLE","z":"SR3","zf":"SR3","lot":1799,"ac":0.041,"fr":19.3,"env":0,"ew":0.0,"eh":0.0,"lv":12000.0,"psf":6.67,"minlot":10000,"minfr":80.0,"conf":false,"bld":false,"ter":"moderate","slp":12.4,"elv":169.0,"ez":0,"cor":false,"flg":false,"lhd":false,"fld":false,"wet":false,"oc":"NEWTON"}},{"type":"Feature","geometry":{"type":"Polygon","coordinates":[[[-71.20252,42.34685],[-71.20254,42.34685],[-71.20255,42.34685],[-71.20255,42.34684],[-71.20256,42.34687],[-71.20256,42.3469],[-71.20257,42.34695],[-71.20253,42.34695],[-71.20253,42.34691],[-71.20252,42.34685]]]},"properties":{"a":"FREDERICK ST","v":"NEWTONVILLE","z":"MR1","zf":"MR1","lot":370,"ac":0.009,"fr":23.3,"env":0,"ew":0.0,"eh":0.0,"lv":2500.0,"psf":6.75,"minlot":7000,"minfr":70.0,"conf":false,"bld":false,"ter":"flat","slp":3.6,"elv":56.8,"ez":0,"cor":false,"flg":true,"lhd":false,"fld":false,"wet":false,"oc":"NEWTON"}},{"type":"Feature","geometry":{"type":"Polygon","coordinates":[[[-71.20007,42.34415],[-71.20009,42.34415],[-71.20015,42.34413],[-71.20022,42.34412],[-71.20026,42.34411],[-71.20041,42.34439],[-71.2002,42.34444],[-71.20017,42.34438],[-71.20011,42.34424],[-71.20007,42.34415]]]},"properties":{"a":"UPLAND RD  NVL","v":"NEWTONVILLE","z":"SR2","zf":"SR2","lot":6673,"ac":0.153,"fr":47.4,"env":2006,"ew":35.6,"eh":56.3,"lv":53600.0,"psf":8.03,"minlot":15000,"minfr":100.0,"conf":false,"bld":true,"ter":"moderate","slp":10.4,"elv":132.7,"ez":0,"cor":false,"flg":false,"lhd":false,"fld":false,"wet":false,"oc":"NEWTON"}},{"type":"Feature","geometry":{"type":"Polygon","coordinates":[[[-71.2126,42.31836],[-71.21267,42.31828],[-71.21273,42.31831],[-71.21277,42.31833],[-71.21286,42.31838],[-71.21281,42.31839],[-71.21281,42.3184],[-71.21282,42.31847],[-71.21282,42.31847],[-71.2128,42.31847],[-71.2126,42.31836]]]},"properties":{"a":"ELLIOT ST","v":"NEWTON HIGHLANDS","z":"MR2","zf":"MR2/MRT","lot":2287,"ac":0.053,"fr":34.4,"env":425,"ew":20.3,"eh":20.9,"lv":13400.0,"psf":5.86,"minlot":7000,"minfr":70.0,"conf":false,"bld":false,"ter":"gentle","slp":6.1,"elv":132.1,"ez":0,"cor":false,"flg":false,"lhd":false,"fld":false,"wet":false,"oc":"NEWTON"}},{"type":"Feature","geometry":{"type":"Polygon","coordinates":[[[-71.21322,42.34518],[-71.21369,42.34513],[-71.21373,42.34532],[-71.21325,42.34537],[-71.21322,42.34518]]]},"properties":{"a":"WALDEN ST","v":"NEWTONVILLE","z":"SR2","zf":"SR2","lot":8769,"ac":0.201,"fr":71.3,"env":4390,"ew":84.3,"eh":52.1,"lv":60300.0,"psf":6.88,"minlot":15000,"minfr":100.0,"conf":false,"bld":true,"ter":"moderate","slp":14.1,"elv":119.3,"ez":0,"cor":false,"flg":false,"lhd":false,"fld":false,"wet":false,"oc":"NEWTON"}},{"type":"Feature","geometry":{"type":"Polygon","coordinates":[[[-71.22584,42.3259],[-71.22592,42.32576],[-71.2263,42.32586],[-71.22628,42.32598],[-71.22628,42.32598],[-71.22628,42.32599],[-71.22628,42.326],[-71.22627,42.326],[-71.22626,42.32601],[-71.22626,42.32601],[-71.22625,42.32602],[-71.22624,42.32602],[-71.22623,42.32602],[-71.22622,42.32602],[-71.22621,42.32602],[-71.22608,42.32599],[-71.226,42.32597],[-71.22591,42.32593],[-71.22584,42.3259]]]},"properties":{"a":"WOODWARD ST","v":"WABAN","z":"SR2","zf":"SR2","lot":7963,"ac":0.183,"fr":155.1,"env":0,"ew":0.0,"eh":0.0,"lv":56000.0,"psf":7.03,"minlot":15000,"minfr":100.0,"conf":false,"bld":false,"ter":"gentle","slp":7.9,"elv":126.5,"ez":0,"cor":true,"flg":false,"lhd":false,"fld":false,"wet":false,"oc":"WABAN"}},{"type":"Feature","geometry":{"type":"Polygon","coordinates":[[[-71.22648,42.33932],[-71.22651,42.33925],[-71.22653,42.33922],[-71.22656,42.33915],[-71.2269,42.33923],[-71.22689,42.33924],[-71.22689,42.33925],[-71.22689,42.33925],[-71.22687,42.3393],[-71.22684,42.33936],[-71.22683,42.33939],[-71.22682,42.33939],[-71.22676,42.33938],[-71.22648,42.33932]]]},"properties":{"a":"COMMONWEALTH AVE OFF","v":"WEST NEWTON","z":"SR1","zf":"SR1","lot":6068,"ac":0.139,"fr":96.7,"env":0,"ew":0.0,"eh":0.0,"lv":47600.0,"psf":7.84,"minlot":25000,"minfr":125.0,"conf":false,"bld":false,"ter":"flat","slp":4.6,"elv":162.1,"ez":0,"cor":false,"flg":true,"lhd":false,"fld":false,"wet":false,"oc":"NEWTON"}},{"type":"Feature","geometry":{"type":"Polygon","coordinates":[[[-71.2041,42.32268],[-71.20413,42.32267],[-71.20414,42.32266],[-71.20416,42.32265],[-71.20416,42.32265],[-71.20415,42.32264],[-71.20414,42.32263],[-71.20419,42.32261],[-71.20421,42.3226],[-71.20422,42.3226],[-71.20434,42.32266],[-71.20427,42.3227],[-71.20421,42.32273],[-71.20418,42.32275],[-71.2041,42.32268]]]},"properties":{"a":"HYDE ST REAR","v":"NEWTON HIGHLANDS","z":"MR1","zf":"MR1/MRT","lot":1760,"ac":0.04,"fr":38.8,"env":0,"ew":0.0,"eh":0.0,"lv":11200.0,"psf":6.36,"minlot":7000,"minfr":70.0,"conf":false,"bld":false,"ter":"moderate","slp":14.5,"elv":160.8,"ez":0,"cor":false,"flg":true,"lhd":false,"fld":false,"wet":false,"oc":"NEWTON"}},{"type":"Feature","geometry":{"type":"Polygon","coordinates":[[[-71.2155,42.35498],[-71.21557,42.35508],[-71.21532,42.35518],[-71.21525,42.35509],[-71.2155,42.35498]]]},"properties":{"a":"WILDWOOD AVE","v":"NEWTONVILLE","z":"SR3","zf":"SR3","lot":3202,"ac":0.073,"fr":39.5,"env":619,"ew":30.3,"eh":20.4,"lv":18400.0,"psf":5.75,"minlot":10000,"minfr":80.0,"conf":false,"bld":false,"ter":"gentle","slp":7.1,"elv":45.0,"ez":0,"cor":false,"flg":false,"lhd":false,"fld":false,"wet":false,"oc":"NEWTONVILLE"}},{"type":"Feature","geometry":{"type":"Polygon","coordinates":[[[-71.25084,42.35097],[-71.25101,42.35093],[-71.25111,42.3512],[-71.25095,42.35124],[-71.25084,42.35097]]]},"properties":{"a":"CHASKE AVE","v":"AUBURNDALE","z":"SR3","zf":"SR3","lot":5001,"ac":0.115,"fr":50.5,"env":1558,"ew":31.5,"eh":49.4,"lv":32400.0,"psf":6.48,"minlot":10000,"minfr":80.0,"conf":false,"bld":true,"ter":"gentle","slp":8.4,"elv":66.0,"ez":0,"cor":false,"flg":false,"lhd":false,"fld":false,"wet":false,"oc":"AUBURNDALE"}},{"type":"Feature","geometry":{"type":"Polygon","coordinates":[[[-71.18958,42.35695],[-71.18969,42.35692],[-71.1897,42.35693],[-71.18971,42.35693],[-71.18961,42.35696],[-71.18959,42.35697],[-71.18958,42.35695]]]},"properties":{"a":"AVON PL","v":"NEWTON CORNER","z":"MR2","zf":"MR2","lot":279,"ac":0.006,"fr":60.0,"env":0,"ew":0.0,"eh":0.0,"lv":1300.0,"psf":4.66,"minlot":7000,"minfr":70.0,"conf":false,"bld":false,"ter":"flat","slp":2.3,"elv":54.2,"ez":0,"cor":false,"flg":false,"lhd":false,"fld":false,"wet":false,"oc":"NEWTON"}},{"type":"Feature","geometry":{"type":"Polygon","coordinates":[[[-71.19364,42.36118],[-71.19366,42.36117],[-71.19375,42.36112],[-71.19385,42.36107],[-71.19393,42.3612],[-71.19395,42.36123],[-71.19397,42.36125],[-71.19397,42.36125],[-71.19364,42.36118]]]},"properties":{"a":"POND ST","v":"NONANTUM","z":"MR2","zf":"MR2","lot":2426,"ac":0.056,"fr":62.6,"env":239,"ew":15.4,"eh":15.5,"lv":12700.0,"psf":5.23,"minlot":7000,"minfr":70.0,"conf":false,"bld":false,"ter":"flat","slp":5.0,"elv":44.0,"ez":0,"cor":false,"flg":false,"lhd":false,"fld":false,"wet":false,"oc":"BRIGHTON"}},{"type":"Feature","geometry":{"type":"Polygon","coordinates":[[[-71.22528,42.36064],[-71.22534,42.36061],[-71.22541,42.36056],[-71.22542,42.36055],[-71.22543,42.36055],[-71.22544,42.36055],[-71.22545,42.36055],[-71.22546,42.36054],[-71.22548,42.36054],[-71.22549,42.36055],[-71.2255,42.36055],[-71.22551,42.36055],[-71.22552,42.36056],[-71.22553,42.36057],[-71.22554,42.36058],[-71.22554,42.36059],[-71.22554,42.3606],[-71.22554,42.36061],[-71.22554,42.36066],[-71.22555,42.36072],[-71.22556,42.36078],[-71.22547,42.36075],[-71.22547,42.36071],[-71.22544,42.36069],[-71.22528,42.36064]]]},"properties":{"a":"FORDHAM RD","v":"WEST NEWTON","z":"SR3","zf":"SR3","lot":3899,"ac":0.089,"fr":109.7,"env":0,"ew":0.0,"eh":0.0,"lv":21300.0,"psf":5.46,"minlot":10000,"minfr":80.0,"conf":false,"bld":false,"ter":"flat","slp":4.1,"elv":70.6,"ez":0,"cor":true,"flg":false,"lhd":false,"fld":false,"wet":false,"oc":"NEWTON"}},{"type":"Feature","geometry":{"type":"Polygon","coordinates":[[[-71.22443,42.35042],[-71.22451,42.3504],[-71.22453,42.3504],[-71.22477,42.35033],[-71.22477,42.35042],[-71.22477,42.35043],[-71.22449,42.35042],[-71.22444,42.35042],[-71.22443,42.35042]]]},"properties":{"a":"EDEN AVE","v":"WEST NEWTON","z":"SR3","zf":"SR3","lot":1468,"ac":0.034,"fr":33.0,"env":0,"ew":0.0,"eh":0.0,"lv":8000.0,"psf":5.45,"minlot":10000,"minfr":80.0,"conf":false,"bld":false,"ter":"flat","slp":2.5,"elv":42.9,"ez":1,"cor":false,"flg":false,"lhd":false,"fld":false,"wet":false,"oc":"WEST NEWTON"}},{"type":"Feature","geometry":{"type":"Polygon","coordinates":[[[-71.20123,42.34889],[-71.20152,42.34887],[-71.20152,42.34888],[-71.20123,42.3489],[-71.20123,42.34889]]]},"properties":{"a":"HARVARD ST","v":"NEWTONVILLE","z":"MR1","zf":"MR1","lot":279,"ac":0.006,"fr":78.7,"env":0,"ew":0.0,"eh":0.0,"lv":2000.0,"psf":7.17,"minlot":7000,"minfr":70.0,"conf":false,"bld":false,"ter":"flat","slp":1.4,"elv":50.1,"ez":0,"cor":false,"flg":true,"lhd":false,"fld":false,"wet":false,"oc":"NEWTON"}},{"type":"Feature","geometry":{"type":"Polygon","coordinates":[[[-71.23202,42.35477],[-71.232,42.35476],[-71.23199,42.35476],[-71.23198,42.35476],[-71.23207,42.3547],[-71.23211,42.35472],[-71.23264,42.35481],[-71.23264,42.35481],[-71.23257,42.35488],[-71.23252,42.35487],[-71.23245,42.35485],[-71.23202,42.35477]]]},"properties":{"a":"MAGUE AVE","v":"WEST NEWTON","z":"SR3","zf":"SR3","lot":3851,"ac":0.088,"fr":28.5,"env":0,"ew":0.0,"eh":0.0,"lv":21100.0,"psf":5.48,"minlot":10000,"minfr":80.0,"conf":false,"bld":false,"ter":"flat","slp":2.4,"elv":58.1,"ez":0,"cor":false,"flg":false,"lhd":false,"fld":false,"wet":false,"oc":"NEWTON"}},{"type":"Feature","geometry":{"type":"Polygon","coordinates":[[[-71.24403,42.35224],[-71.2439,42.35219],[-71.24385,42.35218],[-71.2438,42.35216],[-71.24385,42.35208],[-71.2439,42.352],[-71.24395,42.35191],[-71.24416,42.35198],[-71.24437,42.35204],[-71.24443,42.35206],[-71.24444,42.35206],[-71.24446,42.35207],[-71.24439,42.35219],[-71.24437,42.35223],[-71.24431,42.35232],[-71.24403,42.35224]]]},"properties":{"a":"ORRIS ST","v":"AUBURNDALE","z":"SR3","zf":"SR3","lot":15150,"ac":0.348,"fr":81.8,"env":3360,"ew":83.8,"eh":40.1,"lv":71900.0,"psf":4.75,"minlot":10000,"minfr":80.0,"conf":true,"bld":true,"ter":"steep","slp":17.1,"elv":52.1,"ez":0,"cor":false,"flg":true,"lhd":false,"fld":false,"wet":false,"oc":"AUBURNDALE"}},{"type":"Feature","geometry":{"type":"Polygon","coordinates":[[[-71.1871,42.33944],[-71.18712,42.33941],[-71.18715,42.33937],[-71.18748,42.3395],[-71.18746,42.33953],[-71.18745,42.33954],[-71.18743,42.33957],[-71.18725,42.3395],[-71.18722,42.33948],[-71.1871,42.33944]]]},"properties":{"a":"EAST BOULEVARD RD","v":"NEWTON CENTRE","z":"SR2","zf":"SR2","lot":3045,"ac":0.07,"fr":23.9,"env":320,"ew":20.4,"eh":15.7,"lv":21900.0,"psf":7.19,"minlot":15000,"minfr":100.0,"conf":false,"bld":false,"ter":"moderate","slp":11.5,"elv":155.4,"ez":0,"cor":false,"flg":false,"lhd":false,"fld":false,"wet":false,"oc":"NEWTON CENTRE"}},{"type":"Feature","geometry":{"type":"Polygon","coordinates":[[[-71.23821,42.34341],[-71.2382,42.34341],[-71.23812,42.34336],[-71.23799,42.34329],[-71.23804,42.34324],[-71.23809,42.34319],[-71.23812,42.34316],[-71.23842,42.34334],[-71.23843,42.34335],[-71.23845,42.34336],[-71.23846,42.34337],[-71.23845,42.34338],[-71.23836,42.34346],[-71.23835,42.34347],[-71.23834,42.34348],[-71.23834,42.34349],[-71.2383,42.34347],[-71.23823,42.34343],[-71.23821,42.34341]]]},"properties":{"a":"WINDERMERE RD","v":"AUBURNDALE","z":"SR2","zf":"SR2","lot":6896,"ac":0.158,"fr":38.1,"env":1263,"ew":50.7,"eh":24.9,"lv":43400.0,"psf":6.29,"minlot":15000,"minfr":100.0,"conf":false,"bld":true,"ter":"flat","slp":2.6,"elv":68.0,"ez":0,"cor":false,"flg":false,"lhd":false,"fld":false,"wet":false,"oc":"AUBURNDALE"}},{"type":"Feature","geometry":{"type":"Polygon","coordinates":[[[-71.18165,42.34898],[-71.18159,42.34923],[-71.18137,42.34918],[-71.18135,42.34918],[-71.18115,42.34914],[-71.18119,42.34903],[-71.18121,42.34895],[-71.18123,42.34891],[-71.18165,42.34898]]]},"properties":{"a":"WATERSTON RD","v":"NEWTON CORNER","z":"SR1","zf":"SR1","lot":10929,"ac":0.251,"fr":90.7,"env":3024,"ew":54.5,"eh":55.5,"lv":94500.0,"psf":8.65,"minlot":25000,"minfr":125.0,"conf":false,"bld":true,"ter":"gentle","slp":6.4,"elv":136.1,"ez":0,"cor":false,"flg":false,"lhd":false,"fld":false,"wet":false,"oc":"NEWTON"}},{"type":"Feature","geometry":{"type":"Polygon","coordinates":[[[-71.20838,42.34737],[-71.20857,42.34734],[-71.20864,42.34754],[-71.20868,42.34766],[-71.20868,42.34767],[-71.20868,42.34767],[-71.20852,42.3477],[-71.20849,42.3477],[-71.20849,42.3477],[-71.20845,42.34758],[-71.20838,42.34737]]]},"properties":{"a":"OTIS ST","v":"NEWTONVILLE","z":"SR2","zf":"SR2","lot":6264,"ac":0.144,"fr":45.4,"env":1898,"ew":25.0,"eh":76.0,"lv":43100.0,"psf":6.88,"minlot":15000,"minfr":100.0,"conf":false,"bld":true,"ter":"flat","slp":0.6,"elv":57.4,"ez":0,"cor":false,"flg":false,"lhd":false,"fld":false,"wet":false,"oc":"NEWTON"}},{"type":"Feature","geometry":{"type":"Polygon","coordinates":[[[-71.22627,42.33287],[-71.22631,42.33287],[-71.22634,42.33286],[-71.22636,42.33286],[-71.22643,42.33324],[-71.22634,42.33324],[-71.22627,42.33288],[-71.22627,42.33287]]]},"properties":{"a":"CAROLINE PK","v":"WABAN","z":"SR2","zf":"SR2","lot":3115,"ac":0.071,"fr":20.7,"env":762,"ew":15.3,"eh":49.7,"lv":23800.0,"psf":7.64,"minlot":15000,"minfr":100.0,"conf":false,"bld":false,"ter":"gentle","slp":7.6,"elv":138.2,"ez":0,"cor":false,"flg":false,"lhd":false,"fld":false,"wet":false,"oc":"WABAN"}},{"type":"Feature","geometry":{"type":"Polygon","coordinates":[[[-71.19187,42.35137],[-71.19183,42.35136],[-71.19179,42.35135],[-71.19157,42.35127],[-71.19166,42.35114],[-71.19174,42.35117],[-71.19177,42.35118],[-71.19181,42.3512],[-71.19188,42.35123],[-71.19188,42.35124],[-71.19197,42.35128],[-71.19191,42.35139],[-71.19188,42.35138],[-71.19188,42.35138],[-71.19187,42.35137]]]},"properties":{"a":"CLAREMONT ST REAR","v":"NEWTON CORNER","z":"SR2","zf":"SR2","lot":4661,"ac":0.107,"fr":43.9,"env":1137,"ew":44.9,"eh":25.3,"lv":32100.0,"psf":6.89,"minlot":15000,"minfr":100.0,"conf":false,"bld":true,"ter":"gentle","slp":9.5,"elv":172.8,"ez":0,"cor":false,"flg":true,"lhd":false,"fld":false,"wet":false,"oc":"NEWTON"}},{"type":"Feature","geometry":{"type":"Polygon","coordinates":[[[-71.20735,42.31436],[-71.20733,42.31422],[-71.20737,42.31421],[-71.20746,42.3142],[-71.20767,42.31418],[-71.20768,42.31437],[-71.20735,42.31436]]]},"properties":{"a":"BRIERFIELD RD","v":"NEWTON HIGHLANDS","z":"SR3","zf":"SR3","lot":5650,"ac":0.13,"fr":11.3,"env":1394,"ew":55.8,"eh":25.0,"lv":35100.0,"psf":6.21,"minlot":10000,"minfr":80.0,"conf":false,"bld":true,"ter":"gentle","slp":7.1,"elv":109.8,"ez":0,"cor":false,"flg":true,"lhd":false,"fld":false,"wet":false,"oc":"NEWTON"}},{"type":"Feature","geometry":{"type":"Polygon","coordinates":[[[-71.22023,42.32346],[-71.22028,42.32338],[-71.22043,42.32308],[-71.2206,42.32315],[-71.22041,42.32351],[-71.22023,42.32346]]]},"properties":{"a":"WOODWARD ST","v":"WABAN","z":"SR2","zf":"SR2","lot":7392,"ac":0.17,"fr":51.2,"env":1288,"ew":19.7,"eh":65.3,"lv":47300.0,"psf":6.4,"minlot":15000,"minfr":100.0,"conf":false,"bld":true,"ter":"flat","slp":2.0,"elv":151.0,"ez":0,"cor":false,"flg":false,"lhd":false,"fld":false,"wet":false,"oc":"WABAN"}},{"type":"Feature","geometry":{"type":"Polygon","coordinates":[[[-71.22679,42.31992],[-71.22676,42.31978],[-71.22713,42.31974],[-71.22718,42.32002],[-71.22689,42.32005],[-71.22686,42.31991],[-71.22679,42.31992]]]},"properties":{"a":"NEW ST","v":"WABAN","z":"SR2","zf":"SR2","lot":11735,"ac":0.269,"fr":49.2,"env":3992,"ew":49.4,"eh":80.8,"lv":90900.0,"psf":7.75,"minlot":15000,"minfr":100.0,"conf":false,"bld":true,"ter":"gentle","slp":5.5,"elv":89.8,"ez":0,"cor":false,"flg":true,"lhd":false,"fld":false,"wet":false,"oc":"NAPLES"}},{"type":"Feature","geometry":{"type":"Polygon","coordinates":[[[-71.22791,42.33826],[-71.22777,42.3382],[-71.22774,42.33818],[-71.2276,42.33813],[-71.22758,42.33812],[-71.22757,42.33811],[-71.22754,42.3381],[-71.22796,42.33791],[-71.22797,42.33791],[-71.22797,42.33791],[-71.22798,42.33792],[-71.22798,42.33792],[-71.228,42.33793],[-71.22801,42.33793],[-71.22802,42.33794],[-71.22803,42.33794],[-71.22805,42.33794],[-71.22806,42.33794],[-71.22808,42.33794],[-71.22809,42.33794],[-71.22811,42.33794],[-71.22813,42.33794],[-71.22815,42.33794],[-71.22816,42.33794],[-71.22818,42.33794],[-71.2282,42.33794],[-71.22821,42.33794],[-71.22823,42.33794],[-71.22823,42.33794],[-71.22825,42.33794],[-71.22825,42.33794],[-71.22826,42.33794],[-71.22826,42.33794],[-71.22828,42.33794],[-71.22808,42.33833],[-71.22791,42.33826]]]},"properties":{"a":"ELIZABETH CIR","v":"WABAN","z":"SR1","zf":"SR1","lot":15799,"ac":0.363,"fr":151.3,"env":3041,"ew":55.5,"eh":54.8,"lv":102200.0,"psf":6.47,"minlot":25000,"minfr":125.0,"conf":false,"bld":true,"ter":"flat","slp":4.2,"elv":154.5,"ez":1,"cor":false,"flg":true,"lhd":false,"fld":false,"wet":false,"oc":"WEST NEWTON"}},{"type":"Feature","geometry":{"type":"Polygon","coordinates":[[[-71.23877,42.35251],[-71.2387,42.35243],[-71.23899,42.35226],[-71.23909,42.35235],[-71.23879,42.35252],[-71.23877,42.35251]]]},"properties":{"a":"KENYON ST","v":"AUBURNDALE","z":"SR3","zf":"SR3","lot":3999,"ac":0.092,"fr":39.8,"env":625,"ew":24.9,"eh":25.1,"lv":24800.0,"psf":6.2,"minlot":10000,"minfr":80.0,"conf":false,"bld":false,"ter":"gentle","slp":7.9,"elv":53.6,"ez":0,"cor":false,"flg":false,"lhd":false,"fld":false,"wet":false,"oc":"NEWTON"}},{"type":"Feature","geometry":{"type":"Polygon","coordinates":[[[-71.22244,42.31654],[-71.22239,42.31642],[-71.22266,42.31636],[-71.22273,42.31652],[-71.22245,42.31657],[-71.22244,42.31654]]]},"properties":{"a":"LUCILLE PL","v":"NEWTON UPPER FALLS","z":"SR3","zf":"SR3","lot":4116,"ac":0.095,"fr":59.4,"env":1056,"ew":35.3,"eh":29.9,"lv":24200.0,"psf":5.88,"minlot":10000,"minfr":80.0,"conf":false,"bld":true,"ter":"moderate","slp":11.1,"elv":192.2,"ez":0,"cor":false,"flg":false,"lhd":false,"fld":false,"wet":false,"oc":"NEWTON"}},{"type":"Feature","geometry":{"type":"Polygon","coordinates":[[[-71.23373,42.35339],[-71.23396,42.35336],[-71.23403,42.3536],[-71.23382,42.35366],[-71.23373,42.35339]]]},"properties":{"a":"SMITH CT","v":"WEST NEWTON","z":"SR3","zf":"SR3","lot":4848,"ac":0.111,"fr":62.5,"env":2353,"ew":45.9,"eh":51.3,"lv":26600.0,"psf":5.49,"minlot":10000,"minfr":80.0,"conf":false,"bld":true,"ter":"flat","slp":4.3,"elv":55.9,"ez":0,"cor":false,"flg":false,"lhd":false,"fld":false,"wet":false,"oc":"WEST NEWTON"}},{"type":"Feature","geometry":{"type":"Polygon","coordinates":[[[-71.22634,42.31806],[-71.22645,42.31805],[-71.22649,42.31805],[-71.22658,42.31804],[-71.22658,42.31806],[-71.22658,42.31808],[-71.22658,42.31809],[-71.22659,42.31812],[-71.22659,42.31815],[-71.2266,42.31817],[-71.2266,42.31818],[-71.22661,42.3182],[-71.22657,42.31821],[-71.2265,42.31821],[-71.22639,42.31822],[-71.22637,42.31823],[-71.22634,42.31806]]]},"properties":{"a":"QUINOBEQUIN RD","v":"NEWTON UPPER FALLS","z":"SR2","zf":"SR2","lot":3899,"ac":0.089,"fr":20.5,"env":1039,"ew":26.3,"eh":39.4,"lv":30800.0,"psf":7.9,"minlot":15000,"minfr":100.0,"conf":false,"bld":true,"ter":"gentle","slp":9.8,"elv":93.3,"ez":0,"cor":false,"flg":false,"lhd":false,"fld":false,"wet":false,"oc":"WABAN"}},{"type":"Feature","geometry":{"type":"Polygon","coordinates":[[[-71.17027,42.32053],[-71.17049,42.32038],[-71.17042,42.32056],[-71.17036,42.32055],[-71.17035,42.32055],[-71.17027,42.32053]]]},"properties":{"a":"GLENLAND RD","v":"THOMPSONVILLE","z":"MR3","zf":"MR3","lot":1398,"ac":0.032,"fr":69.3,"env":0,"ew":0.0,"eh":0.0,"lv":8600.0,"psf":6.15,"minlot":6000,"minfr":60.0,"conf":false,"bld":false,"ter":"flat","slp":1.6,"elv":169.2,"ez":0,"cor":false,"flg":true,"lhd":false,"fld":false,"wet":false,"oc":"WELLESLEY"}},{"type":"Feature","geometry":{"type":"Polygon","coordinates":[[[-71.21572,42.31752],[-71.21603,42.31744],[-71.21608,42.31754],[-71.21577,42.31763],[-71.21572,42.31752]]]},"properties":{"a":"MARGARET RD","v":"NEWTON UPPER FALLS","z":"MR2","zf":"MR2","lot":3598,"ac":0.083,"fr":39.9,"env":818,"ew":41.4,"eh":19.8,"lv":21100.0,"psf":5.86,"minlot":7000,"minfr":70.0,"conf":false,"bld":true,"ter":"gentle","slp":7.5,"elv":132.2,"ez":0,"cor":false,"flg":false,"lhd":false,"fld":false,"wet":false,"oc":"NEWTON"}},{"type":"Feature","geometry":{"type":"Polygon","coordinates":[[[-71.18663,42.34567],[-71.18618,42.34559],[-71.1862,42.34552],[-71.1867,42.34562],[-71.18678,42.34539],[-71.18714,42.34545],[-71.18705,42.34574],[-71.18663,42.34567]]]},"properties":{"a":"JAMESON RD","v":"NEWTON CORNER","z":"SR2","zf":"SR2","lot":14262,"ac":0.327,"fr":25.1,"env":5966,"ew":74.8,"eh":79.8,"lv":83000.0,"psf":5.82,"minlot":15000,"minfr":100.0,"conf":false,"bld":true,"ter":"flat","slp":4.9,"elv":170.3,"ez":0,"cor":false,"flg":false,"lhd":false,"fld":false,"wet":false,"oc":"NEWTON"}},{"type":"Feature","geometry":{"type":"Polygon","coordinates":[[[-71.1873,42.32991],[-71.18735,42.32992],[-71.18752,42.32993],[-71.18756,42.32993],[-71.18752,42.3303],[-71.18742,42.3303],[-71.18734,42.3303],[-71.18726,42.3303],[-71.1873,42.32991]]]},"properties":{"a":"WARREN ST","v":"NEWTON CENTRE","z":"MR1","zf":"MR1/MRT","lot":9226,"ac":0.212,"fr":15.5,"env":6545,"ew":59.2,"eh":110.6,"lv":73100.0,"psf":7.92,"minlot":7000,"minfr":70.0,"conf":false,"bld":true,"ter":"gentle","slp":8.6,"elv":150.9,"ez":0,"cor":false,"flg":true,"lhd":false,"fld":false,"wet":false,"oc":"NEWTON"}},{"type":"Feature","geometry":{"type":"Polygon","coordinates":[[[-71.18657,42.33762],[-71.18657,42.33763],[-71.18657,42.33766],[-71.18657,42.33768],[-71.18657,42.33771],[-71.18657,42.33774],[-71.18657,42.33776],[-71.18657,42.33778],[-71.18657,42.33779],[-71.18616,42.33774],[-71.18616,42.33773],[-71.18618,42.33765],[-71.18621,42.33755],[-71.18657,42.33762]]]},"properties":{"a":"EASTBOURNE RD","v":"NEWTON CENTRE","z":"SR2","zf":"SR2","lot":6573,"ac":0.151,"fr":100.6,"env":842,"ew":56.4,"eh":14.9,"lv":52800.0,"psf":8.03,"minlot":15000,"minfr":100.0,"conf":false,"bld":true,"ter":"gentle","slp":6.7,"elv":147.2,"ez":1,"cor":false,"flg":true,"lhd":false,"fld":false,"wet":false,"oc":"NEWTON"}},{"type":"Feature","geometry":{"type":"Polygon","coordinates":[[[-71.22151,42.32251],[-71.22168,42.3224],[-71.22171,42.32238],[-71.22173,42.32236],[-71.22177,42.3224],[-71.22186,42.32247],[-71.22212,42.32268],[-71.22188,42.32281],[-71.22151,42.32251]]]},"properties":{"a":"FAIRLEE RD","v":"WABAN","z":"SR2","zf":"SR2","lot":12049,"ac":0.277,"fr":80.9,"env":2802,"ew":55.3,"eh":50.7,"lv":76200.0,"psf":6.32,"minlot":15000,"minfr":100.0,"conf":false,"bld":true,"ter":"gentle","slp":6.5,"elv":146.0,"ez":0,"cor":false,"flg":true,"lhd":false,"fld":false,"wet":false,"oc":"WABAN"}},{"type":"Feature","geometry":{"type":"Polygon","coordinates":[[[-71.23461,42.35461],[-71.23496,42.35431],[-71.23484,42.35423],[-71.23511,42.354],[-71.23518,42.35404],[-71.23524,42.35408],[-71.23521,42.35411],[-71.23504,42.35425],[-71.23463,42.35462],[-71.23461,42.35461]]]},"properties":{"a":"RIVER ST REAR","v":"WEST NEWTON","z":"SR3","zf":"SR3","lot":5780,"ac":0.133,"fr":143.9,"env":0,"ew":0.0,"eh":0.0,"lv":27100.0,"psf":4.69,"minlot":10000,"minfr":80.0,"conf":false,"bld":false,"ter":"gentle","slp":5.8,"elv":51.1,"ez":2,"cor":false,"flg":true,"lhd":false,"fld":false,"wet":false,"oc":"WEST NEWTON"}},{"type":"Feature","geometry":{"type":"Polygon","coordinates":[[[-71.24026,42.32351],[-71.24036,42.32325],[-71.24039,42.32325],[-71.2407,42.3233],[-71.24061,42.32355],[-71.2406,42.32358],[-71.24026,42.32351]]]},"properties":{"a":"IRVING RD","v":"WABAN","z":"SR2","zf":"SR2","lot":10149,"ac":0.233,"fr":12.2,"env":3282,"ew":41.1,"eh":79.9,"lv":83200.0,"psf":8.2,"minlot":15000,"minfr":100.0,"conf":false,"bld":true,"ter":"steep","slp":15.5,"elv":121.3,"ez":0,"cor":false,"flg":false,"lhd":false,"fld":false,"wet":false,"oc":"WABAN"}},{"type":"Feature","geometry":{"type":"Polygon","coordinates":[[[-71.257,42.32802],[-71.25699,42.32801],[-71.25699,42.328],[-71.25699,42.32799],[-71.25698,42.32798],[-71.25698,42.32797],[-71.25697,42.32796],[-71.25696,42.32795],[-71.25696,42.32766],[-71.25696,42.32755],[-71.25701,42.32755],[-71.25705,42.32755],[-71.25707,42.32755],[-71.25708,42.32756],[-71.25708,42.32756],[-71.25709,42.32758],[-71.25714,42.32765],[-71.2572,42.32773],[-71.25722,42.32775],[-71.25726,42.3279],[-71.25729,42.328],[-71.2573,42.32803],[-71.257,42.32802]]]},"properties":{"a":"COLGATE CIR","v":"NEWTON LOWER FALLS","z":"SR3","zf":"SR3","lot":11395,"ac":0.262,"fr":11.0,"env":3127,"ew":29.6,"eh":105.5,"lv":55700.0,"psf":4.89,"minlot":10000,"minfr":80.0,"conf":false,"bld":true,"ter":"gentle","slp":7.1,"elv":100.4,"ez":0,"cor":false,"flg":true,"lhd":false,"fld":false,"wet":false,"oc":"NEWTON"}},{"type":"Feature","geometry":{"type":"Polygon","coordinates":[[[-71.20071,42.35766],[-71.20067,42.35762],[-71.20081,42.35753],[-71.20096,42.35743],[-71.20098,42.35745],[-71.20103,42.3575],[-71.20105,42.35751],[-71.20096,42.35757],[-71.20089,42.35761],[-71.20082,42.35765],[-71.20076,42.35769],[-71.20071,42.35766]]]},"properties":{"a":"HAWTHORN ST","v":"NONANTUM","z":"MR2","zf":"MR2","lot":3986,"ac":0.091,"fr":22.9,"env":507,"ew":25.2,"eh":20.1,"lv":20800.0,"psf":5.22,"minlot":7000,"minfr":70.0,"conf":false,"bld":false,"ter":"flat","slp":3.3,"elv":45.5,"ez":1,"cor":false,"flg":false,"lhd":false,"fld":false,"wet":false,"oc":"NEWTON"}},{"type":"Feature","geometry":{"type":"Polygon","coordinates":[[[-71.23948,42.3559],[-71.23939,42.35605],[-71.2395,42.35604],[-71.23929,42.35621],[-71.23941,42.35626],[-71.23922,42.35646],[-71.23916,42.35644],[-71.23905,42.35629],[-71.23891,42.35642],[-71.23849,42.35618],[-71.23901,42.35581],[-71.23923,42.35565],[-71.23948,42.3559]]]},"properties":{"a":"RIVER ST OFF","v":"AUBURNDALE","z":"SR3","zf":"SR3","lot":40598,"ac":0.932,"fr":18.5,"env":12112,"ew":79.1,"eh":153.2,"lv":149300.0,"psf":3.68,"minlot":10000,"minfr":80.0,"conf":false,"bld":true,"ter":"flat","slp":3.9,"elv":59.2,"ez":0,"cor":false,"flg":true,"lhd":false,"fld":false,"wet":false,"oc":"WATERTOWN"}},{"type":"Feature","geometry":{"type":"Polygon","coordinates":[[[-71.20736,42.31456],[-71.20735,42.31443],[-71.20735,42.31437],[-71.20735,42.31436],[-71.20768,42.31437],[-71.20769,42.31457],[-71.20736,42.31456]]]},"properties":{"a":"BRIERFIELD RD","v":"NEWTON HIGHLANDS","z":"SR3","zf":"SR3","lot":6382,"ac":0.146,"fr":19.5,"env":4037,"ew":62.1,"eh":65.0,"lv":39600.0,"psf":6.21,"minlot":10000,"minfr":80.0,"conf":false,"bld":true,"ter":"gentle","slp":8.4,"elv":107.8,"ez":0,"cor":false,"flg":true,"lhd":false,"fld":false,"wet":false,"oc":"NEWTON CENTRE"}},{"type":"Feature","geometry":{"type":"Polygon","coordinates":[[[-71.20354,42.32019],[-71.20357,42.32018],[-71.20359,42.32017],[-71.20375,42.32011],[-71.20384,42.32009],[-71.2039,42.32018],[-71.20391,42.3202],[-71.20392,42.32021],[-71.20361,42.32032],[-71.20354,42.32019]]]},"properties":{"a":"BOYLSTON RD","v":"NEWTON HIGHLANDS","z":"MR1","zf":"MR1/MRT","lot":4552,"ac":0.104,"fr":38.7,"env":1147,"ew":45.6,"eh":25.2,"lv":30300.0,"psf":6.66,"minlot":7000,"minfr":70.0,"conf":false,"bld":true,"ter":"flat","slp":2.5,"elv":133.4,"ez":0,"cor":false,"flg":false,"lhd":false,"fld":false,"wet":false,"oc":"NEWTON"}},{"type":"Feature","geometry":{"type":"Polygon","coordinates":[[[-71.18259,42.36006],[-71.18262,42.36006],[-71.18264,42.36006],[-71.18266,42.36006],[-71.18249,42.36027],[-71.18249,42.36026],[-71.1825,42.36025],[-71.18251,42.36023],[-71.18251,42.36022],[-71.18252,42.3602],[-71.18256,42.36011],[-71.18259,42.36006]]]},"properties":{"a":"MAPLE ST  NNC","v":"NEWTON CORNER","z":"MR2","zf":"MR2","lot":902,"ac":0.021,"fr":21.4,"env":0,"ew":0.0,"eh":0.0,"lv":4600.0,"psf":5.1,"minlot":7000,"minfr":70.0,"conf":false,"bld":false,"ter":"gentle","slp":5.6,"elv":18.9,"ez":0,"cor":false,"flg":true,"lhd":false,"fld":false,"wet":false,"oc":"WATERTOWN"}},{"type":"Feature","geometry":{"type":"Polygon","coordinates":[[[-71.18129,42.31805],[-71.18113,42.31846],[-71.18101,42.31841],[-71.18108,42.31831],[-71.18119,42.31808],[-71.18129,42.31805]]]},"properties":{"a":"FLORENCE ST REAR","v":"THOMPSONVILLE","z":"MR1","zf":"MR1","lot":4286,"ac":0.098,"fr":36.4,"env":519,"ew":14.8,"eh":35.0,"lv":26500.0,"psf":6.18,"minlot":7000,"minfr":70.0,"conf":false,"bld":false,"ter":"moderate","slp":10.3,"elv":184.9,"ez":1,"cor":false,"flg":true,"lhd":false,"fld":false,"wet":false,"oc":"NEWTON"}},{"type":"Feature","geometry":{"type":"Polygon","coordinates":[[[-71.21657,42.32248],[-71.21662,42.32239],[-71.21663,42.32237],[-71.21665,42.32233],[-71.21713,42.32247],[-71.21707,42.32258],[-71.21706,42.32261],[-71.21705,42.32262],[-71.21657,42.32248]]]},"properties":{"a":"BRADFORD RD","v":"NEWTON HIGHLANDS","z":"SR2","zf":"SR2","lot":8398,"ac":0.193,"fr":53.4,"env":2242,"ew":73.9,"eh":30.3,"lv":53900.0,"psf":6.42,"minlot":15000,"minfr":100.0,"conf":false,"bld":true,"ter":"flat","slp":1.6,"elv":152.0,"ez":0,"cor":false,"flg":false,"lhd":false,"fld":false,"wet":false,"oc":"NEWTON"}},{"type":"Feature","geometry":{"type":"Polygon","coordinates":[[[-71.22421,42.35086],[-71.22423,42.35074],[-71.22433,42.35076],[-71.2243,42.35087],[-71.22421,42.35086]]]},"properties":{"a":"DAVIS AVE","v":"WEST NEWTON","z":"SR3","zf":"SR3","lot":1159,"ac":0.027,"fr":42.4,"env":0,"ew":0.0,"eh":0.0,"lv":6200.0,"psf":5.35,"minlot":10000,"minfr":80.0,"conf":false,"bld":false,"ter":"flat","slp":3.0,"elv":47.4,"ez":0,"cor":false,"flg":true,"lhd":false,"fld":false,"wet":false,"oc":"WEST NEWTON"}},{"type":"Feature","geometry":{"type":"Polygon","coordinates":[[[-71.22693,42.35949],[-71.22694,42.35934],[-71.22696,42.35932],[-71.22698,42.35932],[-71.22698,42.35932],[-71.22699,42.35932],[-71.22704,42.35933],[-71.22709,42.35934],[-71.22728,42.35939],[-71.22727,42.3594],[-71.22726,42.35942],[-71.22719,42.35956],[-71.22711,42.35954],[-71.22706,42.35953],[-71.22693,42.35949]]]},"properties":{"a":"CHERRY ST","v":"WEST NEWTON","z":"SR3","zf":"SR3","lot":5706,"ac":0.131,"fr":138.3,"env":0,"ew":0.0,"eh":0.0,"lv":28800.0,"psf":5.05,"minlot":10000,"minfr":80.0,"conf":false,"bld":false,"ter":"gentle","slp":6.1,"elv":93.4,"ez":0,"cor":true,"flg":false,"lhd":false,"fld":false,"wet":false,"oc":"NEWTON"}},{"type":"Feature","geometry":{"type":"Polygon","coordinates":[[[-71.19217,42.3584],[-71.19221,42.35833],[-71.19223,42.35834],[-71.19231,42.35836],[-71.19228,42.35843],[-71.19217,42.3584]]]},"properties":{"a":"WABAN ST","v":"NEWTON CORNER","z":"MR1","zf":"MR1","lot":788,"ac":0.018,"fr":31.0,"env":0,"ew":0.0,"eh":0.0,"lv":4100.0,"psf":5.2,"minlot":7000,"minfr":70.0,"conf":false,"bld":false,"ter":"gentle","slp":9.1,"elv":63.0,"ez":1,"cor":false,"flg":true,"lhd":false,"fld":false,"wet":false,"oc":"NEWTON"}},{"type":"Feature","geometry":{"type":"Polygon","coordinates":[[[-71.20156,42.35593],[-71.20153,42.35591],[-71.20202,42.35562],[-71.20207,42.35566],[-71.20232,42.35584],[-71.20223,42.35592],[-71.20213,42.35601],[-71.20208,42.35606],[-71.20156,42.35593]]]},"properties":{"a":"SHAMROCK ST","v":"NONANTUM","z":"MR2","zf":"MR2","lot":17459,"ac":0.401,"fr":10.4,"env":6953,"ew":93.6,"eh":74.3,"lv":86100.0,"psf":4.93,"minlot":7000,"minfr":70.0,"conf":false,"bld":true,"ter":"gentle","slp":5.6,"elv":42.6,"ez":1,"cor":false,"flg":true,"lhd":false,"fld":false,"wet":false,"oc":"NEWTONVILLE"}},{"type":"Feature","geometry":{"type":"Polygon","coordinates":[[[-71.1876,42.35896],[-71.18772,42.35899],[-71.18777,42.35901],[-71.18781,42.35902],[-71.18784,42.35903],[-71.18785,42.35903],[-71.18794,42.35906],[-71.18804,42.35909],[-71.18813,42.35912],[-71.18827,42.35915],[-71.18826,42.35918],[-71.18825,42.35918],[-71.18824,42.35918],[-71.18823,42.35918],[-71.1881,42.35919],[-71.18781,42.3592],[-71.18769,42.3592],[-71.18768,42.35908],[-71.18768,42.35905],[-71.18768,42.35902],[-71.18768,42.35901],[-71.18768,42.35901],[-71.18767,42.359],[-71.18765,42.35899],[-71.18764,42.35898],[-71.1876,42.35896]]]},"properties":{"a":"CARLETON ST REAR","v":"NEWTON CORNER","z":"MR2","zf":"MR2","lot":6560,"ac":0.151,"fr":38.2,"env":1387,"ew":35.1,"eh":39.6,"lv":34000.0,"psf":5.18,"minlot":7000,"minfr":70.0,"conf":false,"bld":true,"ter":"flat","slp":1.7,"elv":48.3,"ez":1,"cor":false,"flg":true,"lhd":false,"fld":false,"wet":false,"oc":"LOS ANGELES"}},{"type":"Feature","geometry":{"type":"Polygon","coordinates":[[[-71.2448,42.35248],[-71.24456,42.3524],[-71.24455,42.3524],[-71.24454,42.3524],[-71.24449,42.35238],[-71.24431,42.35232],[-71.24437,42.35223],[-71.24439,42.35219],[-71.24446,42.35207],[-71.24451,42.35209],[-71.24453,42.35209],[-71.24457,42.3521],[-71.24464,42.35212],[-71.24473,42.35215],[-71.24478,42.35217],[-71.24499,42.35223],[-71.24484,42.35249],[-71.24484,42.35249],[-71.2448,42.35248]]]},"properties":{"a":"LEXINGTON ST REAR","v":"AUBURNDALE","z":"SR3","zf":"SR3","lot":15381,"ac":0.353,"fr":53.0,"env":2941,"ew":74.1,"eh":39.7,"lv":72700.0,"psf":4.73,"minlot":10000,"minfr":80.0,"conf":false,"bld":true,"ter":"steep","slp":17.1,"elv":57.1,"ez":0,"cor":false,"flg":true,"lhd":false,"fld":false,"wet":false,"oc":"AUBURNDALE"}},{"type":"Feature","geometry":{"type":"Polygon","coordinates":[[[-71.24889,42.34548],[-71.24893,42.34541],[-71.24896,42.34536],[-71.24924,42.34545],[-71.24937,42.3455],[-71.24941,42.34551],[-71.24942,42.34551],[-71.24943,42.34551],[-71.24942,42.34551],[-71.24939,42.34552],[-71.24925,42.34553],[-71.249,42.34556],[-71.24896,42.34556],[-71.24895,42.34556],[-71.24894,42.34555],[-71.24893,42.34555],[-71.24892,42.34554],[-71.24891,42.34554],[-71.2489,42.34553],[-71.24889,42.34552],[-71.24889,42.34551],[-71.24889,42.3455],[-71.24889,42.34549],[-71.24889,42.34548]]]},"properties":{"a":"CENTRAL ST","v":"AUBURNDALE","z":"SR3","zf":"SR3","lot":5532,"ac":0.127,"fr":176.0,"env":0,"ew":0.0,"eh":0.0,"lv":28200.0,"psf":5.1,"minlot":10000,"minfr":80.0,"conf":false,"bld":false,"ter":"gentle","slp":8.6,"elv":90.4,"ez":0,"cor":true,"flg":false,"lhd":true,"fld":false,"wet":false,"oc":"AUBURNDALE"}},{"type":"Feature","geometry":{"type":"Polygon","coordinates":[[[-71.23753,42.32376],[-71.23753,42.32374],[-71.23755,42.32372],[-71.23755,42.32405],[-71.23751,42.32407],[-71.2375,42.32407],[-71.23749,42.32407],[-71.23753,42.32376]]]},"properties":{"a":"WABAN AVE","v":"WABAN","z":"SR2","zf":"SR2","lot":1503,"ac":0.035,"fr":12.3,"env":360,"ew":17.6,"eh":20.4,"lv":12900.0,"psf":8.58,"minlot":15000,"minfr":100.0,"conf":false,"bld":false,"ter":"flat","slp":1.8,"elv":144.7,"ez":0,"cor":false,"flg":false,"lhd":false,"fld":false,"wet":false,"oc":"BOSTON"}},{"type":"Feature","geometry":{"type":"Polygon","coordinates":[[[-71.17591,42.35354],[-71.17596,42.35349],[-71.17598,42.35347],[-71.17599,42.35345],[-71.17604,42.35347],[-71.17606,42.35348],[-71.17608,42.35349],[-71.17608,42.35349],[-71.176,42.35358],[-71.17599,42.35358],[-71.17598,42.35357],[-71.17591,42.35354]]]},"properties":{"a":"PLAYSTEAD RD REAR","v":"NEWTON CORNER","z":"SR3","zf":"SR3","lot":1006,"ac":0.023,"fr":15.2,"env":0,"ew":0.0,"eh":0.0,"lv":6900.0,"psf":6.86,"minlot":10000,"minfr":80.0,"conf":false,"bld":false,"ter":"moderate","slp":13.1,"elv":89.0,"ez":0,"cor":false,"flg":true,"lhd":false,"fld":false,"wet":false,"oc":"NEWTON"}},{"type":"Feature","geometry":{"type":"Polygon","coordinates":[[[-71.20615,42.30733],[-71.20618,42.30737],[-71.2062,42.3074],[-71.20623,42.30745],[-71.20621,42.30744],[-71.2062,42.30744],[-71.20619,42.30744],[-71.20619,42.30744],[-71.20618,42.30743],[-71.20618,42.30743],[-71.20616,42.30743],[-71.20615,42.30743],[-71.20614,42.30743],[-71.20613,42.30743],[-71.20612,42.30743],[-71.20611,42.30743],[-71.20611,42.30743],[-71.2061,42.30743],[-71.20609,42.30744],[-71.20574,42.30755],[-71.20571,42.30751],[-71.2057,42.30749],[-71.20569,42.30747],[-71.20615,42.30733]]]},"properties":{"a":"WINCHESTER ST","v":"NEWTON HIGHLANDS","z":"SR3","zf":"SR3","lot":3071,"ac":0.07,"fr":42.0,"env":383,"ew":25.1,"eh":15.2,"lv":17600.0,"psf":5.73,"minlot":10000,"minfr":80.0,"conf":false,"bld":false,"ter":"gentle","slp":6.4,"elv":148.1,"ez":0,"cor":false,"flg":false,"lhd":false,"fld":false,"wet":false,"oc":"CHARLOTTE"}},{"type":"Feature","geometry":{"type":"Polygon","coordinates":[[[-71.17477,42.3506],[-71.17485,42.35035],[-71.17493,42.35035],[-71.1748,42.35061],[-71.17477,42.3506]]]},"properties":{"a":"NONANTUM ST","v":"NEWTON CORNER","z":"MR1","zf":"MR1","lot":645,"ac":0.015,"fr":21.3,"env":0,"ew":0.0,"eh":0.0,"lv":4400.0,"psf":6.83,"minlot":7000,"minfr":70.0,"conf":false,"bld":false,"ter":"moderate","slp":11.5,"elv":113.1,"ez":0,"cor":false,"flg":false,"lhd":false,"fld":false,"wet":false,"oc":"NEWTON"}},{"type":"Feature","geometry":{"type":"Polygon","coordinates":[[[-71.24844,42.32876],[-71.24845,42.32875],[-71.24846,42.32874],[-71.24854,42.32869],[-71.24867,42.3286],[-71.24894,42.32882],[-71.24865,42.32898],[-71.24856,42.32887],[-71.24847,42.32878],[-71.24844,42.32876]]]},"properties":{"a":"NESHOBE RD","v":"NEWTON LOWER FALLS","z":"SR2","zf":"SR2","lot":9313,"ac":0.214,"fr":98.4,"env":1672,"ew":29.8,"eh":56.1,"lv":93900.0,"psf":10.08,"minlot":15000,"minfr":100.0,"conf":false,"bld":true,"ter":"moderate","slp":12.4,"elv":150.3,"ez":0,"cor":false,"flg":false,"lhd":false,"fld":false,"wet":false,"oc":"WABAN"}},{"type":"Feature","geometry":{"type":"Polygon","coordinates":[[[-71.22298,42.35643],[-71.22302,42.35632],[-71.22303,42.35629],[-71.22304,42.35627],[-71.22338,42.35633],[-71.22335,42.35643],[-71.22334,42.35645],[-71.22333,42.35648],[-71.22298,42.35643]]]},"properties":{"a":"WALTHAM ST","v":"WEST NEWTON","z":"SR3","zf":"SR3","lot":6116,"ac":0.14,"fr":50.9,"env":2111,"ew":51.1,"eh":41.3,"lv":32400.0,"psf":5.3,"minlot":10000,"minfr":80.0,"conf":false,"bld":true,"ter":"flat","slp":1.9,"elv":69.9,"ez":0,"cor":false,"flg":false,"lhd":false,"fld":false,"wet":false,"oc":"NEWTON"}},{"type":"Feature","geometry":{"type":"Polygon","coordinates":[[[-71.17337,42.35403],[-71.17349,42.35391],[-71.17349,42.35391],[-71.17353,42.35393],[-71.17341,42.35406],[-71.17337,42.35403],[-71.17337,42.35403],[-71.17337,42.35403]]]},"properties":{"a":"BURTON ST REAR","v":"NEWTON CORNER","z":"SR3","zf":"SR3","lot":858,"ac":0.02,"fr":13.9,"env":0,"ew":0.0,"eh":0.0,"lv":6000.0,"psf":6.99,"minlot":10000,"minfr":80.0,"conf":false,"bld":false,"ter":"gentle","slp":7.5,"elv":113.0,"ez":0,"cor":false,"flg":true,"lhd":false,"fld":false,"wet":false,"oc":"WABAN"}},{"type":"Feature","geometry":{"type":"Polygon","coordinates":[[[-71.17235,42.35509],[-71.17246,42.35497],[-71.17246,42.35497],[-71.17251,42.35499],[-71.1724,42.35511],[-71.17235,42.35509],[-71.17235,42.35509]]]},"properties":{"a":"HUNNEWELL AVE OFF","v":"NEWTON CORNER","z":"SR3","zf":"SR3","lot":815,"ac":0.019,"fr":14.8,"env":0,"ew":0.0,"eh":0.0,"lv":5700.0,"psf":7.0,"minlot":10000,"minfr":80.0,"conf":false,"bld":false,"ter":"flat","slp":4.1,"elv":101.4,"ez":0,"cor":false,"flg":true,"lhd":false,"fld":false,"wet":false,"oc":"BRIGHTON"}},{"type":"Feature","geometry":{"type":"Polygon","coordinates":[[[-71.20148,42.34326],[-71.20149,42.34326],[-71.20151,42.34327],[-71.20158,42.34329],[-71.20157,42.34333],[-71.20146,42.34331],[-71.20148,42.34326]]]},"properties":{"a":"UPLAND RD  NVL","v":"NEWTONVILLE","z":"SR2","zf":"SR2","lot":436,"ac":0.01,"fr":21.2,"env":0,"ew":0.0,"eh":0.0,"lv":3500.0,"psf":8.03,"minlot":15000,"minfr":100.0,"conf":false,"bld":false,"ter":"steep","slp":21.9,"elv":135.9,"ez":1,"cor":false,"flg":true,"lhd":false,"fld":false,"wet":false,"oc":"NEWTON"}},{"type":"Feature","geometry":{"type":"Polygon","coordinates":[[[-71.20288,42.36141],[-71.2029,42.3614],[-71.20297,42.36137],[-71.20298,42.36137],[-71.20301,42.36136],[-71.20316,42.36158],[-71.20322,42.36166],[-71.20326,42.36173],[-71.20313,42.36178],[-71.2031,42.36173],[-71.20306,42.36168],[-71.20303,42.36164],[-71.20299,42.36157],[-71.20293,42.36148],[-71.20288,42.36141]]]},"properties":{"a":"CHANDLER ST","v":"NONANTUM","z":"MR2","zf":"MR2","lot":5998,"ac":0.138,"fr":21.9,"env":806,"ew":19.8,"eh":40.6,"lv":31200.0,"psf":5.2,"minlot":7000,"minfr":70.0,"conf":false,"bld":true,"ter":"flat","slp":3.4,"elv":47.3,"ez":1,"cor":false,"flg":false,"lhd":false,"fld":false,"wet":false,"oc":"LEXINGTON"}},{"type":"Feature","geometry":{"type":"Polygon","coordinates":[[[-71.2344,42.35316],[-71.23421,42.35304],[-71.23452,42.35299],[-71.23453,42.35303],[-71.23453,42.35304],[-71.23456,42.35309],[-71.23457,42.3531],[-71.23455,42.35311],[-71.23448,42.35316],[-71.23442,42.35319],[-71.2344,42.35316]]]},"properties":{"a":"HAROLD TER","v":"WEST NEWTON","z":"SR3","zf":"SR3","lot":3250,"ac":0.075,"fr":34.3,"env":661,"ew":25.7,"eh":25.7,"lv":20200.0,"psf":6.22,"minlot":10000,"minfr":80.0,"conf":false,"bld":false,"ter":"flat","slp":4.8,"elv":57.0,"ez":1,"cor":false,"flg":false,"lhd":false,"fld":false,"wet":false,"oc":"NEWTON"}},{"type":"Feature","geometry":{"type":"Polygon","coordinates":[[[-71.253,42.34095],[-71.25307,42.34068],[-71.25314,42.3407],[-71.25321,42.34072],[-71.25324,42.34073],[-71.25322,42.34087],[-71.25322,42.34088],[-71.25321,42.3409],[-71.25321,42.34091],[-71.25321,42.34092],[-71.2532,42.34093],[-71.2532,42.34094],[-71.25318,42.34099],[-71.25318,42.341],[-71.25317,42.341],[-71.25316,42.341],[-71.25314,42.341],[-71.25313,42.341],[-71.253,42.34095]]]},"properties":{"a":"VIRGINIA RD","v":"AUBURNDALE","z":"SR3","zf":"SR3","lot":5214,"ac":0.12,"fr":107.7,"env":0,"ew":0.0,"eh":0.0,"lv":32900.0,"psf":6.31,"minlot":10000,"minfr":80.0,"conf":false,"bld":false,"ter":"moderate","slp":10.7,"elv":125.6,"ez":0,"cor":true,"flg":false,"lhd":false,"fld":false,"wet":false,"oc":"AUBURNDALE"}},{"type":"Feature","geometry":{"type":"Polygon","coordinates":[[[-71.17472,42.35078],[-71.17477,42.3506],[-71.1748,42.35061],[-71.1749,42.35065],[-71.17476,42.35079],[-71.17475,42.35079],[-71.17474,42.35078],[-71.17472,42.35078]]]},"properties":{"a":"RICKER TER REAR","v":"NEWTON CORNER","z":"MR1","zf":"MR1","lot":1316,"ac":0.03,"fr":64.5,"env":0,"ew":0.0,"eh":0.0,"lv":9100.0,"psf":6.92,"minlot":7000,"minfr":70.0,"conf":false,"bld":false,"ter":"moderate","slp":11.5,"elv":103.9,"ez":0,"cor":false,"flg":true,"lhd":false,"fld":false,"wet":false,"oc":"BRIGHTON"}},{"type":"Feature","geometry":{"type":"Polygon","coordinates":[[[-71.20737,42.31475],[-71.20736,42.31462],[-71.20736,42.31458],[-71.20736,42.31456],[-71.20769,42.31457],[-71.20769,42.31466],[-71.20769,42.31468],[-71.20768,42.31476],[-71.20768,42.31476],[-71.20765,42.31476],[-71.20737,42.31475]]]},"properties":{"a":"BRIERFIELD RD","v":"NEWTON HIGHLANDS","z":"SR3","zf":"SR3","lot":5942,"ac":0.136,"fr":27.5,"env":3341,"ew":54.9,"eh":60.9,"lv":36900.0,"psf":6.21,"minlot":10000,"minfr":80.0,"conf":false,"bld":true,"ter":"gentle","slp":8.6,"elv":106.0,"ez":0,"cor":false,"flg":true,"lhd":false,"fld":false,"wet":false,"oc":"NEWTON"}},{"type":"Feature","geometry":{"type":"Polygon","coordinates":[[[-71.217,42.32168],[-71.21713,42.32162],[-71.21717,42.3216],[-71.21723,42.32158],[-71.21723,42.32158],[-71.21726,42.32156],[-71.21728,42.32155],[-71.21747,42.32147],[-71.21749,42.3215],[-71.21749,42.3215],[-71.2175,42.32151],[-71.21707,42.32171],[-71.21706,42.32171],[-71.21702,42.32169],[-71.217,42.32168]]]},"properties":{"a":"WOODWARD ST","v":"NEWTON HIGHLANDS","z":"SR2","zf":"SR2","lot":2901,"ac":0.067,"fr":11.3,"env":0,"ew":0.0,"eh":0.0,"lv":17200.0,"psf":5.93,"minlot":15000,"minfr":100.0,"conf":false,"bld":false,"ter":"flat","slp":1.6,"elv":152.0,"ez":0,"cor":false,"flg":false,"lhd":false,"fld":false,"wet":false,"oc":"NEWTON"}},{"type":"Feature","geometry":{"type":"Polygon","coordinates":[[[-71.22219,42.31598],[-71.22219,42.31581],[-71.22227,42.31598],[-71.22232,42.31607],[-71.22235,42.31612],[-71.22227,42.31614],[-71.22219,42.31598]]]},"properties":{"a":"ROCKLAND PL","v":"NEWTON UPPER FALLS","z":"SR3","zf":"SR3","lot":2100,"ac":0.048,"fr":60.8,"env":0,"ew":0.0,"eh":0.0,"lv":12300.0,"psf":5.86,"minlot":10000,"minfr":80.0,"conf":false,"bld":false,"ter":"gentle","slp":8.7,"elv":194.8,"ez":0,"cor":false,"flg":true,"lhd":false,"fld":false,"wet":false,"oc":"NEWTON"}},{"type":"Feature","geometry":{"type":"Polygon","coordinates":[[[-71.24278,42.35173],[-71.24283,42.35164],[-71.2429,42.35152],[-71.24294,42.35145],[-71.24313,42.35151],[-71.24311,42.35154],[-71.24308,42.3516],[-71.24297,42.3518],[-71.2429,42.35178],[-71.24284,42.35175],[-71.24278,42.35173]]]},"properties":{"a":"WASHBURN AVE","v":"AUBURNDALE","z":"SR3","zf":"SR3","lot":6277,"ac":0.144,"fr":54.8,"env":1515,"ew":24.7,"eh":61.2,"lv":38700.0,"psf":6.17,"minlot":10000,"minfr":80.0,"conf":false,"bld":true,"ter":"steep","slp":17.1,"elv":53.5,"ez":0,"cor":false,"flg":false,"lhd":false,"fld":false,"wet":false,"oc":"AUBURNDALE"}},{"type":"Feature","geometry":{"type":"Polygon","coordinates":[[[-71.24315,42.35107],[-71.24313,42.35107],[-71.24309,42.35105],[-71.24306,42.35104],[-71.24308,42.351],[-71.24317,42.35084],[-71.24322,42.35076],[-71.24336,42.3508],[-71.24338,42.35081],[-71.24336,42.35085],[-71.24332,42.35092],[-71.24326,42.35103],[-71.24322,42.3511],[-71.24315,42.35107]]]},"properties":{"a":"NEWELL RD","v":"AUBURNDALE","z":"SR3","zf":"SR3","lot":5388,"ac":0.124,"fr":41.4,"env":1273,"ew":25.8,"eh":49.4,"lv":33200.0,"psf":6.16,"minlot":10000,"minfr":80.0,"conf":false,"bld":true,"ter":"gentle","slp":7.3,"elv":61.9,"ez":0,"cor":false,"flg":false,"lhd":false,"fld":false,"wet":false,"oc":"AUBURNDALE"}},{"type":"Feature","geometry":{"type":"Polygon","coordinates":[[[-71.20144,42.31329],[-71.20107,42.31326],[-71.20109,42.31316],[-71.20111,42.31308],[-71.20151,42.3131],[-71.2015,42.31329],[-71.20144,42.31329]]]},"properties":{"a":"DEDHAM ST","v":"NEWTON HIGHLANDS","z":"SR3","zf":"SR3","lot":7741,"ac":0.178,"fr":71.0,"env":3352,"ew":64.6,"eh":51.9,"lv":48100.0,"psf":6.21,"minlot":10000,"minfr":80.0,"conf":false,"bld":true,"ter":"gentle","slp":6.3,"elv":119.7,"ez":1,"cor":false,"flg":true,"lhd":false,"fld":false,"wet":false,"oc":"NEWTON"}},{"type":"Feature","geometry":{"type":"Polygon","coordinates":[[[-71.19783,42.35151],[-71.19789,42.3515],[-71.19791,42.3515],[-71.19791,42.3515],[-71.19791,42.35151],[-71.19792,42.35151],[-71.19783,42.35153],[-71.19783,42.35152],[-71.19783,42.35151]]]},"properties":{"a":"MUNROE ST REAR","v":"NEWTONVILLE","z":"MR1","zf":"MR1","lot":135,"ac":0.003,"fr":16.7,"env":0,"ew":0.0,"eh":0.0,"lv":900.0,"psf":6.66,"minlot":7000,"minfr":70.0,"conf":false,"bld":false,"ter":"moderate","slp":12.9,"elv":46.0,"ez":0,"cor":false,"flg":true,"lhd":false,"fld":false,"wet":false,"oc":"SOUTHLAKE"}},{"type":"Feature","geometry":{"type":"Polygon","coordinates":[[[-71.16728,42.32553],[-71.16722,42.32555],[-71.16716,42.32558],[-71.1671,42.32561],[-71.16704,42.32565],[-71.167,42.32563],[-71.16702,42.32561],[-71.16705,42.32556],[-71.16707,42.32551],[-71.16708,42.32546],[-71.16709,42.32541],[-71.16711,42.32518],[-71.16713,42.32521],[-71.16714,42.32524],[-71.16718,42.32532],[-71.16722,42.3254],[-71.16724,42.32544],[-71.16727,42.32548],[-71.16731,42.32552],[-71.16728,42.32553]]]},"properties":{"a":"LONGWOOD RD","v":"CHESTNUT HILL","z":"SR1","zf":"SR1","lot":4983,"ac":0.114,"fr":136.3,"env":0,"ew":0.0,"eh":0.0,"lv":54000.0,"psf":10.84,"minlot":25000,"minfr":125.0,"conf":false,"bld":false,"ter":"moderate","slp":12.2,"elv":187.8,"ez":0,"cor":false,"flg":false,"lhd":true,"fld":false,"wet":false,"oc":"BOSTON"}},{"type":"Feature","geometry":{"type":"Polygon","coordinates":[[[-71.21631,42.33896],[-71.21614,42.33879],[-71.2161,42.33875],[-71.21623,42.33874],[-71.21643,42.33874],[-71.21648,42.33873],[-71.21655,42.33903],[-71.21649,42.33905],[-71.21646,42.33905],[-71.21641,42.33906],[-71.21641,42.33906],[-71.21638,42.33904],[-71.21636,42.33901],[-71.21631,42.33896]]]},"properties":{"a":"WAUWINET RD","v":"WEST NEWTON","z":"SR2","zf":"SR2","lot":8089,"ac":0.186,"fr":110.3,"env":1516,"ew":30.4,"eh":49.9,"lv":63800.0,"psf":7.89,"minlot":15000,"minfr":100.0,"conf":false,"bld":true,"ter":"gentle","slp":6.6,"elv":170.9,"ez":0,"cor":false,"flg":true,"lhd":false,"fld":false,"wet":false,"oc":"NEWTON"}},{"type":"Feature","geometry":{"type":"Polygon","coordinates":[[[-71.22232,42.35484],[-71.22238,42.3547],[-71.22239,42.35468],[-71.22239,42.35468],[-71.22243,42.35468],[-71.22255,42.35469],[-71.22259,42.35469],[-71.22259,42.3547],[-71.22259,42.35472],[-71.22259,42.35491],[-71.22232,42.35484]]]},"properties":{"a":"ELIOT AVE REAR","v":"WEST NEWTON","z":"SR3","zf":"SR3","lot":4391,"ac":0.101,"fr":68.5,"env":1182,"ew":26.2,"eh":45.1,"lv":25300.0,"psf":5.76,"minlot":10000,"minfr":80.0,"conf":false,"bld":true,"ter":"flat","slp":2.0,"elv":65.9,"ez":0,"cor":false,"flg":true,"lhd":false,"fld":false,"wet":false,"oc":"NEWTON"}},{"type":"Feature","geometry":{"type":"Polygon","coordinates":[[[-71.19019,42.31766],[-71.19019,42.31764],[-71.19019,42.31761],[-71.19019,42.3176],[-71.19016,42.31749],[-71.19015,42.31745],[-71.19013,42.31739],[-71.19008,42.31738],[-71.19006,42.31738],[-71.19005,42.31737],[-71.19006,42.31737],[-71.19006,42.31737],[-71.19007,42.31737],[-71.19008,42.31737],[-71.19014,42.31736],[-71.19015,42.31736],[-71.19015,42.31736],[-71.19016,42.31736],[-71.19017,42.31736],[-71.19018,42.31736],[-71.1902,42.31736],[-71.19022,42.31736],[-71.19023,42.31735],[-71.19025,42.31735],[-71.19027,42.31734],[-71.19029,42.31734],[-71.19031,42.31733],[-71.19031,42.31733],[-71.19032,42.31733],[-71.19032,42.31733],[-71.19034,42.31732],[-71.19035,42.31732],[-71.19036,42.31732],[-71.19036,42.31731],[-71.19037,42.31731],[-71.19039,42.3173],[-71.19041,42.31729],[-71.19042,42.31728],[-71.19043,42.31728],[-71.19044,42.31728],[-71.19045,42.31727],[-71.19045,42.31727],[-71.19046,42.31726],[-71.19047,42.31726],[-71.19048,42.31725],[-71.19049,42.31724],[-71.19049,42.31724],[-71.19049,42.31725],[-71.19049,42.31726],[-71.19049,42.31726],[-71.19048,42.31727],[-71.19048,42.31728],[-71.19048,42.31729],[-71.19048,42.3173],[-71.19047,42.31731],[-71.19047,42.31731],[-71.19047,42.31731],[-71.19047,42.31732],[-71.19048,42.31733],[-71.19048,42.31734],[-71.19048,42.31734],[-71.19048,42.31735],[-71.19048,42.31736],[-71.19049,42.31737],[-71.1905,42.31738],[-71.1905,42.31739],[-71.1905,42.31739],[-71.1905,42.31739],[-71.19051,42.3174],[-71.19051,42.31741],[-71.19052,42.31741],[-71.19053,42.31742],[-71.19054,42.31743],[-71.19055,42.31744],[-71.19056,42.31744],[-71.19057,42.31745],[-71.19058,42.31746],[-71.19059,42.31747],[-71.1906,42.31747],[-71.1906,42.31748],[-71.1906,42.31748],[-71.19061,42.31749],[-71.19062,42.31749],[-71.19062,42.3175],[-71.19062,42.3175],[-71.19063,42.31751],[-71.19064,42.31753],[-71.19065,42.31754],[-71.19093,42.31744],[-71.19096,42.31752],[-71.191,42.31763],[-71.19102,42.3177],[-71.19104,42.31776],[-71.19029,42.31788],[-71.19019,42.31766]]]},"properties":{"a":"HAGEN RD","v":"THOMPSONVILLE","z":"SR2","zf":"SR2","lot":32221,"ac":0.74,"fr":15.4,"env":4252,"ew":44.9,"eh":94.7,"lv":139300.0,"psf":4.32,"minlot":15000,"minfr":100.0,"conf":false,"bld":true,"ter":"gentle","slp":5.1,"elv":120.8,"ez":3,"cor":false,"flg":false,"lhd":false,"fld":false,"wet":false,"oc":"NEWTON"}},{"type":"Feature","geometry":{"type":"Polygon","coordinates":[[[-71.22722,42.33524],[-71.22733,42.33507],[-71.22735,42.33527],[-71.22735,42.33526],[-71.22734,42.33526],[-71.22733,42.33526],[-71.22732,42.33525],[-71.22732,42.33525],[-71.22731,42.33525],[-71.2273,42.33525],[-71.22729,42.33525],[-71.22728,42.33525],[-71.22727,42.33524],[-71.22725,42.33524],[-71.22722,42.33524]]]},"properties":{"a":"DARTMOUTH ST","v":"WABAN","z":"SR1","zf":"SR1","lot":989,"ac":0.023,"fr":71.2,"env":0,"ew":0.0,"eh":0.0,"lv":7800.0,"psf":7.89,"minlot":25000,"minfr":125.0,"conf":false,"bld":false,"ter":"gentle","slp":6.5,"elv":128.9,"ez":1,"cor":false,"flg":true,"lhd":false,"fld":false,"wet":false,"oc":"WEST NEWTON"}},{"type":"Feature","geometry":{"type":"Polygon","coordinates":[[[-71.18137,42.31996],[-71.18142,42.31983],[-71.18174,42.31989],[-71.1817,42.32002],[-71.18137,42.31996]]]},"properties":{"a":"JOHN ST","v":"THOMPSONVILLE","z":"MR1","zf":"MR1","lot":5171,"ac":0.119,"fr":48.3,"env":1654,"ew":55.5,"eh":29.8,"lv":34700.0,"psf":6.71,"minlot":7000,"minfr":70.0,"conf":false,"bld":true,"ter":"gentle","slp":8.8,"elv":215.2,"ez":0,"cor":false,"flg":false,"lhd":false,"fld":false,"wet":false,"oc":"NEWTON"}},{"type":"Feature","geometry":{"type":"Polygon","coordinates":[[[-71.17049,42.32038],[-71.17059,42.3203],[-71.1706,42.3203],[-71.1705,42.32058],[-71.17048,42.32058],[-71.17042,42.32056],[-71.17049,42.32038]]]},"properties":{"a":"GLENLAND RD","v":"THOMPSONVILLE","z":"MR3","zf":"MR3","lot":1991,"ac":0.046,"fr":40.6,"env":227,"ew":14.9,"eh":15.2,"lv":12300.0,"psf":6.18,"minlot":6000,"minfr":60.0,"conf":false,"bld":false,"ter":"flat","slp":1.6,"elv":168.9,"ez":0,"cor":false,"flg":true,"lhd":false,"fld":false,"wet":false,"oc":"WELLESLEY"}},{"type":"Feature","geometry":{"type":"Polygon","coordinates":[[[-71.1836,42.35811],[-71.18366,42.35805],[-71.18368,42.35806],[-71.18372,42.35807],[-71.18388,42.35814],[-71.18386,42.35815],[-71.18384,42.35816],[-71.18381,42.35818],[-71.18378,42.35819],[-71.18374,42.35821],[-71.18364,42.35826],[-71.18355,42.3583],[-71.18351,42.35832],[-71.18348,42.35834],[-71.18345,42.3583],[-71.1836,42.35811]]]},"properties":{"a":"HERMON TER","v":"NEWTON CORNER","z":"MR2","zf":"MR2","lot":4787,"ac":0.11,"fr":152.4,"env":464,"ew":15.3,"eh":30.2,"lv":25000.0,"psf":5.22,"minlot":7000,"minfr":70.0,"conf":false,"bld":false,"ter":"flat","slp":4.7,"elv":51.5,"ez":0,"cor":false,"flg":false,"lhd":false,"fld":false,"wet":false,"oc":"NEWTON"}},{"type":"Feature","geometry":{"type":"Polygon","coordinates":[[[-71.20457,42.31703],[-71.20458,42.31702],[-71.20468,42.31691],[-71.20469,42.31689],[-71.20487,42.31703],[-71.20481,42.31706],[-71.20475,42.3171],[-71.20471,42.31713],[-71.20469,42.31712],[-71.20467,42.3171],[-71.20457,42.31703]]]},"properties":{"a":"WADE ST","v":"NEWTON HIGHLANDS","z":"SR3","zf":"SR3","lot":3428,"ac":0.079,"fr":36.9,"env":225,"ew":15.0,"eh":15.0,"lv":19600.0,"psf":5.72,"minlot":10000,"minfr":80.0,"conf":false,"bld":false,"ter":"gentle","slp":6.5,"elv":143.0,"ez":0,"cor":false,"flg":false,"lhd":false,"fld":false,"wet":false,"oc":"NEWTON"}},{"type":"Feature","geometry":{"type":"Polygon","coordinates":[[[-71.2169,42.31929],[-71.21691,42.31928],[-71.21691,42.31928],[-71.21692,42.31928],[-71.21709,42.31936],[-71.2169,42.3196],[-71.21689,42.31961],[-71.21687,42.31959],[-71.2168,42.31956],[-71.2167,42.31951],[-71.21669,42.31951],[-71.21668,42.3195],[-71.21668,42.31949],[-71.21668,42.31948],[-71.21669,42.31946],[-71.2167,42.31946],[-71.2167,42.31945],[-71.2167,42.31945],[-71.21671,42.31945],[-71.21671,42.31944],[-71.21672,42.31944],[-71.21673,42.31943],[-71.21674,42.31942],[-71.21675,42.31941],[-71.21675,42.31941],[-71.21677,42.3194],[-71.21678,42.31939],[-71.2168,42.31938],[-71.2168,42.31938],[-71.2168,42.31938],[-71.21682,42.31937],[-71.21683,42.31935],[-71.21685,42.31934],[-71.21687,42.31932],[-71.21689,42.31931],[-71.2169,42.31929]]]},"properties":{"a":"HARRISON ST","v":"NEWTON HIGHLANDS","z":"SR2","zf":"SR2","lot":6743,"ac":0.155,"fr":54.0,"env":1632,"ew":41.0,"eh":39.8,"lv":35100.0,"psf":5.21,"minlot":15000,"minfr":100.0,"conf":false,"bld":true,"ter":"flat","slp":3.8,"elv":146.6,"ez":2,"cor":false,"flg":false,"lhd":false,"fld":false,"wet":false,"oc":"NEWTON"}},{"type":"Feature","geometry":{"type":"Polygon","coordinates":[[[-71.1752,42.30287],[-71.17521,42.30286],[-71.17521,42.30284],[-71.17521,42.30283],[-71.17576,42.30288],[-71.17571,42.30299],[-71.1752,42.30287]]]},"properties":{"a":"SCOTNEY RD","v":"OAK HILL","z":"SR2","zf":"SR2","lot":4796,"ac":0.11,"fr":146.0,"env":0,"ew":0.0,"eh":0.0,"lv":34500.0,"psf":7.19,"minlot":15000,"minfr":100.0,"conf":false,"bld":false,"ter":"gentle","slp":6.5,"elv":163.6,"ez":0,"cor":false,"flg":true,"lhd":false,"fld":false,"wet":false,"oc":"NEWTON CENTRE"}},{"type":"Feature","geometry":{"type":"Polygon","coordinates":[[[-71.24186,42.35066],[-71.24196,42.35049],[-71.24196,42.35049],[-71.24197,42.35048],[-71.24203,42.35038],[-71.24209,42.3504],[-71.24214,42.35041],[-71.24217,42.35042],[-71.24221,42.35043],[-71.24217,42.3505],[-71.24214,42.35054],[-71.24207,42.35067],[-71.24204,42.35072],[-71.24202,42.35071],[-71.242,42.35071],[-71.24186,42.35066]]]},"properties":{"a":"NEWELL RD","v":"AUBURNDALE","z":"SR3","zf":"SR3","lot":5719,"ac":0.131,"fr":44.6,"env":773,"ew":15.5,"eh":49.8,"lv":35300.0,"psf":6.17,"minlot":10000,"minfr":80.0,"conf":false,"bld":false,"ter":"gentle","slp":6.5,"elv":53.6,"ez":2,"cor":false,"flg":false,"lhd":false,"fld":false,"wet":false,"oc":"AUBURNDALE"}},{"type":"Feature","geometry":{"type":"Polygon","coordinates":[[[-71.22001,42.33252],[-71.22001,42.33252],[-71.22022,42.33251],[-71.22059,42.3325],[-71.22059,42.33254],[-71.22,42.33254],[-71.22001,42.33252]]]},"properties":{"a":"FERNCROFT RD","v":"WABAN","z":"SR2","zf":"SR2","lot":1734,"ac":0.04,"fr":13.3,"env":0,"ew":0.0,"eh":0.0,"lv":13200.0,"psf":7.61,"minlot":15000,"minfr":100.0,"conf":false,"bld":false,"ter":"flat","slp":3.6,"elv":109.1,"ez":0,"cor":false,"flg":false,"lhd":false,"fld":false,"wet":false,"oc":"WABAN"}},{"type":"Feature","geometry":{"type":"Polygon","coordinates":[[[-71.21783,42.32387],[-71.21792,42.32371],[-71.21798,42.32359],[-71.21818,42.32365],[-71.21816,42.32369],[-71.21813,42.32376],[-71.21805,42.32391],[-71.21803,42.32392],[-71.21802,42.32392],[-71.21801,42.32392],[-71.218,42.32392],[-71.21799,42.32392],[-71.21793,42.3239],[-71.2179,42.32389],[-71.21787,42.32388],[-71.21783,42.32387]]]},"properties":{"a":"ENDICOTT ST","v":"NEWTON HIGHLANDS","z":"SR2","zf":"SR2","lot":6569,"ac":0.151,"fr":130.4,"env":375,"ew":14.9,"eh":25.1,"lv":42200.0,"psf":6.42,"minlot":15000,"minfr":100.0,"conf":false,"bld":false,"ter":"gentle","slp":6.4,"elv":153.0,"ez":0,"cor":false,"flg":false,"lhd":false,"fld":false,"wet":false,"oc":"NEWTON"}},{"type":"Feature","geometry":{"type":"Polygon","coordinates":[[[-71.20665,42.36269],[-71.20669,42.36266],[-71.20689,42.36252],[-71.20691,42.36251],[-71.20701,42.36258],[-71.20694,42.36263],[-71.2069,42.36266],[-71.20688,42.36267],[-71.20675,42.36277],[-71.20665,42.36269]]]},"properties":{"a":"WOODROW AVE","v":"NONANTUM","z":"MR1","zf":"MR1","lot":3999,"ac":0.092,"fr":37.5,"env":406,"ew":20.3,"eh":20.0,"lv":20800.0,"psf":5.2,"minlot":7000,"minfr":70.0,"conf":false,"bld":false,"ter":"flat","slp":2.1,"elv":50.9,"ez":0,"cor":false,"flg":false,"lhd":false,"fld":false,"wet":false,"oc":"NEWTON"}},{"type":"Feature","geometry":{"type":"Polygon","coordinates":[[[-71.20736,42.31494],[-71.20737,42.31475],[-71.20765,42.31476],[-71.20768,42.31476],[-71.20768,42.31476],[-71.20768,42.31495],[-71.20743,42.31494],[-71.20738,42.31494],[-71.20736,42.31494]]]},"properties":{"a":"BRIERFIELD RD","v":"NEWTON HIGHLANDS","z":"SR3","zf":"SR3","lot":6050,"ac":0.139,"fr":12.3,"env":2627,"ew":87.0,"eh":30.2,"lv":37500.0,"psf":6.2,"minlot":10000,"minfr":80.0,"conf":false,"bld":true,"ter":"gentle","slp":7.1,"elv":110.5,"ez":0,"cor":false,"flg":true,"lhd":false,"fld":false,"wet":false,"oc":"NEWTON"}},{"type":"Feature","geometry":{"type":"Polygon","coordinates":[[[-71.23825,42.35296],[-71.23834,42.35293],[-71.23844,42.35308],[-71.23845,42.35309],[-71.23845,42.3531],[-71.23845,42.3531],[-71.23845,42.35311],[-71.23845,42.35312],[-71.23844,42.35313],[-71.23844,42.35313],[-71.23843,42.35314],[-71.23842,42.35314],[-71.23841,42.35314],[-71.2384,42.35315],[-71.23839,42.35315],[-71.23806,42.35308],[-71.23804,42.35305],[-71.23825,42.35296]]]},"properties":{"a":"SHIRLEY ST","v":"AUBURNDALE","z":"SR3","zf":"SR3","lot":4822,"ac":0.111,"fr":63.2,"env":704,"ew":35.5,"eh":19.8,"lv":29700.0,"psf":6.16,"minlot":10000,"minfr":80.0,"conf":false,"bld":false,"ter":"gentle","slp":7.9,"elv":47.3,"ez":0,"cor":false,"flg":false,"lhd":false,"fld":false,"wet":false,"oc":"NEWTON"}},{"type":"Feature","geometry":{"type":"Polygon","coordinates":[[[-71.2473,42.34559],[-71.24731,42.34559],[-71.24731,42.34558],[-71.24748,42.34567],[-71.2475,42.34566],[-71.24756,42.34568],[-71.24738,42.3457],[-71.24736,42.3457],[-71.24735,42.3457],[-71.24734,42.34569],[-71.24732,42.34569],[-71.24731,42.34568],[-71.2473,42.34568],[-71.24729,42.34567],[-71.24729,42.34566],[-71.24728,42.34565],[-71.24728,42.34564],[-71.24728,42.34563],[-71.24728,42.34562],[-71.24729,42.34561],[-71.24729,42.3456],[-71.2473,42.34559]]]},"properties":{"a":"CENTRAL ST","v":"AUBURNDALE","z":"SR3","zf":"SR3","lot":1660,"ac":0.038,"fr":66.6,"env":0,"ew":0.0,"eh":0.0,"lv":8400.0,"psf":5.06,"minlot":10000,"minfr":80.0,"conf":false,"bld":false,"ter":"gentle","slp":8.6,"elv":80.0,"ez":0,"cor":false,"flg":false,"lhd":false,"fld":false,"wet":false,"oc":"AUBURNDALE"}},{"type":"Feature","geometry":{"type":"Polygon","coordinates":[[[-71.22742,42.32665],[-71.22745,42.32663],[-71.22747,42.32663],[-71.22748,42.32662],[-71.22753,42.32659],[-71.22754,42.32659],[-71.22756,42.32657],[-71.22774,42.32651],[-71.22803,42.3264],[-71.22827,42.32632],[-71.22828,42.32632],[-71.22829,42.32632],[-71.2283,42.32632],[-71.22832,42.32633],[-71.22835,42.32634],[-71.22837,42.32635],[-71.2284,42.32636],[-71.22842,42.32637],[-71.22832,42.3264],[-71.22824,42.32643],[-71.22811,42.32647],[-71.2282,42.32656],[-71.22798,42.32664],[-71.22765,42.32677],[-71.22761,42.32678],[-71.22758,42.32679],[-71.22756,42.3268],[-71.2275,42.32674],[-71.2275,42.32674],[-71.22742,42.32665]]]},"properties":{"a":"WOODWARD ST","v":"WABAN","z":"SR2","zf":"SR2","lot":15608,"ac":0.358,"fr":29.4,"env":0,"ew":0.0,"eh":0.0,"lv":97700.0,"psf":6.26,"minlot":15000,"minfr":100.0,"conf":false,"bld":false,"ter":"gentle","slp":9.1,"elv":126.3,"ez":1,"cor":false,"flg":true,"lhd":false,"fld":false,"wet":false,"oc":"NEWTON"}},{"type":"Feature","geometry":{"type":"Polygon","coordinates":[[[-71.17409,42.3571],[-71.1741,42.35709],[-71.17411,42.35707],[-71.17411,42.35706],[-71.17452,42.35718],[-71.17451,42.35724],[-71.17426,42.35716],[-71.17418,42.35713],[-71.17409,42.3571]]]},"properties":{"a":"GRASMERE ST","v":"NEWTON CORNER","z":"SR3","zf":"SR3","lot":1812,"ac":0.042,"fr":19.3,"env":0,"ew":0.0,"eh":0.0,"lv":11600.0,"psf":6.4,"minlot":10000,"minfr":80.0,"conf":false,"bld":false,"ter":"gentle","slp":7.3,"elv":55.9,"ez":1,"cor":false,"flg":false,"lhd":false,"fld":false,"wet":false,"oc":"NEWTON"}},{"type":"Feature","geometry":{"type":"Polygon","coordinates":[[[-71.23886,42.35947],[-71.23893,42.35949],[-71.239,42.35951],[-71.23898,42.35963],[-71.23895,42.35978],[-71.23874,42.35971],[-71.23886,42.35947]]]},"properties":{"a":"MILTON AVE","v":"WEST NEWTON","z":"SR3","zf":"SR3","lot":5288,"ac":0.121,"fr":39.3,"env":1796,"ew":35.6,"eh":50.5,"lv":29000.0,"psf":5.48,"minlot":10000,"minfr":80.0,"conf":false,"bld":true,"ter":"gentle","slp":6.5,"elv":88.9,"ez":0,"cor":false,"flg":false,"lhd":false,"fld":false,"wet":false,"oc":"NEWTON"}},{"type":"Feature","geometry":{"type":"Polygon","coordinates":[[[-71.2062,42.30887],[-71.20644,42.30878],[-71.20661,42.30872],[-71.20694,42.3086],[-71.20695,42.30861],[-71.20695,42.30862],[-71.20663,42.30874],[-71.20618,42.3089],[-71.20617,42.30888],[-71.20618,42.30888],[-71.2062,42.30887]]]},"properties":{"a":"WINCHESTER ST","v":"NEWTON HIGHLANDS","z":"SR3","zf":"SR3","lot":2322,"ac":0.053,"fr":98.6,"env":0,"ew":0.0,"eh":0.0,"lv":13300.0,"psf":5.73,"minlot":10000,"minfr":80.0,"conf":false,"bld":false,"ter":"moderate","slp":13.0,"elv":161.5,"ez":0,"cor":false,"flg":true,"lhd":false,"fld":false,"wet":false,"oc":"NEWTON"}},{"type":"Feature","geometry":{"type":"Polygon","coordinates":[[[-71.24465,42.32254],[-71.24476,42.32249],[-71.24478,42.32248],[-71.24481,42.32247],[-71.24482,42.32248],[-71.24483,42.32249],[-71.24484,42.3225],[-71.24491,42.32259],[-71.24497,42.32266],[-71.24488,42.3227],[-71.24484,42.32272],[-71.24481,42.32273],[-71.2448,42.32272],[-71.2448,42.32272],[-71.24474,42.32265],[-71.2447,42.3226],[-71.24465,42.32254]]]},"properties":{"a":"STETSON WAY","v":"NEWTON LOWER FALLS","z":"SR2","zf":"SR2","lot":3999,"ac":0.092,"fr":43.2,"env":1104,"ew":30.9,"eh":35.7,"lv":34100.0,"psf":8.53,"minlot":15000,"minfr":100.0,"conf":false,"bld":true,"ter":"gentle","slp":5.1,"elv":79.2,"ez":0,"cor":false,"flg":false,"lhd":false,"fld":false,"wet":false,"oc":"WABAN"}},{"type":"Feature","geometry":{"type":"Polygon","coordinates":[[[-71.17674,42.34863],[-71.17687,42.34862],[-71.17689,42.34862],[-71.17706,42.3486],[-71.17706,42.34862],[-71.17716,42.34893],[-71.17715,42.34893],[-71.17705,42.34895],[-71.17694,42.34896],[-71.17684,42.34897],[-71.17674,42.34864],[-71.17674,42.34863]]]},"properties":{"a":"FRANKLIN ST","v":"NEWTON CORNER","z":"SR1","zf":"SR1","lot":10698,"ac":0.246,"fr":85.2,"env":3536,"ew":49.5,"eh":71.4,"lv":89400.0,"psf":8.36,"minlot":25000,"minfr":125.0,"conf":false,"bld":true,"ter":"gentle","slp":8.8,"elv":214.5,"ez":0,"cor":false,"flg":false,"lhd":false,"fld":false,"wet":false,"oc":"NEWTON"}},{"type":"Feature","geometry":{"type":"Polygon","coordinates":[[[-71.22504,42.31602],[-71.22529,42.316],[-71.22519,42.31608],[-71.2251,42.31615],[-71.22498,42.31625],[-71.22494,42.31625],[-71.22493,42.31625],[-71.2249,42.31626],[-71.2249,42.31624],[-71.2249,42.31623],[-71.22489,42.3162],[-71.22487,42.3161],[-71.22485,42.31604],[-71.22504,42.31602]]]},"properties":{"a":"CHESTNUT ST OFF","v":"NEWTON UPPER FALLS","z":"SR3","zf":"SR3","lot":6264,"ac":0.144,"fr":40.2,"env":792,"ew":39.5,"eh":20.0,"lv":36500.0,"psf":5.83,"minlot":10000,"minfr":80.0,"conf":false,"bld":false,"ter":"moderate","slp":14.4,"elv":145.6,"ez":0,"cor":false,"flg":true,"lhd":true,"fld":false,"wet":false,"oc":"NEWTON UPR FLS"}},{"type":"Feature","geometry":{"type":"Polygon","coordinates":[[[-71.23211,42.35909],[-71.23225,42.35886],[-71.23242,42.35892],[-71.23227,42.35915],[-71.23211,42.35909]]]},"properties":{"a":"DERBY ST","v":"WEST NEWTON","z":"SR3","zf":"SR3","lot":4500,"ac":0.103,"fr":49.0,"env":1003,"ew":25.0,"eh":40.2,"lv":24600.0,"psf":5.47,"minlot":10000,"minfr":80.0,"conf":false,"bld":true,"ter":"flat","slp":2.8,"elv":96.1,"ez":0,"cor":false,"flg":false,"lhd":false,"fld":false,"wet":false,"oc":"NEWTON"}},{"type":"Feature","geometry":{"type":"Polygon","coordinates":[[[-71.24387,42.34388],[-71.24369,42.3438],[-71.24375,42.34375],[-71.24384,42.34379],[-71.24387,42.34378],[-71.24387,42.34378],[-71.24388,42.34378],[-71.24391,42.34377],[-71.24393,42.34375],[-71.24398,42.34369],[-71.24408,42.34359],[-71.24413,42.34353],[-71.24416,42.34351],[-71.24417,42.3435],[-71.24418,42.3435],[-71.2442,42.34351],[-71.24419,42.34353],[-71.24416,42.34356],[-71.2441,42.34362],[-71.24405,42.34368],[-71.244,42.34373],[-71.24409,42.34378],[-71.24411,42.34379],[-71.24412,42.34379],[-71.24415,42.34381],[-71.24412,42.34384],[-71.24409,42.34387],[-71.24408,42.34388],[-71.24408,42.34389],[-71.24392,42.34382],[-71.2439,42.34384],[-71.24389,42.34386],[-71.24387,42.34388]]]},"properties":{"a":"BERKELEY PL REAR","v":"AUBURNDALE","z":"SR2","zf":"SR2","lot":4630,"ac":0.106,"fr":11.7,"env":302,"ew":14.9,"eh":20.3,"lv":29200.0,"psf":6.31,"minlot":15000,"minfr":100.0,"conf":false,"bld":false,"ter":"gentle","slp":6.8,"elv":66.6,"ez":0,"cor":false,"flg":true,"lhd":true,"fld":false,"wet":false,"oc":"AUBURNDALE"}},{"type":"Feature","geometry":{"type":"Polygon","coordinates":[[[-71.18913,42.32682],[-71.18913,42.32681],[-71.18914,42.32679],[-71.18923,42.32655],[-71.18924,42.32656],[-71.18925,42.32656],[-71.18927,42.32656],[-71.18928,42.32656],[-71.18929,42.32657],[-71.18932,42.32657],[-71.18932,42.32657],[-71.18934,42.32658],[-71.18936,42.32659],[-71.18939,42.32659],[-71.1894,42.3266],[-71.18941,42.3266],[-71.1893,42.32677],[-71.1893,42.32678],[-71.18924,42.32685],[-71.18913,42.32682]]]},"properties":{"a":"RIPLEY ST","v":"NEWTON CENTRE","z":"MR1","zf":"MR1","lot":4831,"ac":0.111,"fr":69.7,"env":378,"ew":15.4,"eh":24.6,"lv":32300.0,"psf":6.69,"minlot":7000,"minfr":70.0,"conf":false,"bld":false,"ter":"moderate","slp":10.3,"elv":215.6,"ez":0,"cor":false,"flg":true,"lhd":false,"fld":false,"wet":false,"oc":"NEWTON"}},{"type":"Feature","geometry":{"type":"Polygon","coordinates":[[[-71.20036,42.34573],[-71.20032,42.34573],[-71.20029,42.34553],[-71.20033,42.34553],[-71.20036,42.34573]]]},"properties":{"a":"HARVARD CIR","v":"NEWTONVILLE","z":"MR1","zf":"MR1","lot":732,"ac":0.017,"fr":9.8,"env":376,"ew":17.9,"eh":21.0,"lv":5000.0,"psf":6.83,"minlot":7000,"minfr":70.0,"conf":false,"bld":false,"ter":"steep","slp":15.7,"elv":114.0,"ez":0,"cor":false,"flg":false,"lhd":false,"fld":false,"wet":false,"oc":"NEWTON"}},{"type":"Feature","geometry":{"type":"Polygon","coordinates":[[[-71.23625,42.32335],[-71.23623,42.32329],[-71.23622,42.32326],[-71.23619,42.32317],[-71.23628,42.32305],[-71.23629,42.32303],[-71.23632,42.32301],[-71.2364,42.32307],[-71.23699,42.32353],[-71.23699,42.32353],[-71.23698,42.32354],[-71.23698,42.32355],[-71.23697,42.32356],[-71.23697,42.32356],[-71.23697,42.32357],[-71.23697,42.32357],[-71.23697,42.32358],[-71.23696,42.32358],[-71.23696,42.32359],[-71.23696,42.3236],[-71.23696,42.3236],[-71.23695,42.32361],[-71.23695,42.32362],[-71.23695,42.32363],[-71.23695,42.32363],[-71.23695,42.32364],[-71.23694,42.32366],[-71.23694,42.32368],[-71.23694,42.3237],[-71.23693,42.32372],[-71.23693,42.32374],[-71.23693,42.32377],[-71.23647,42.32357],[-71.23625,42.32335]]]},"properties":{"a":"CROFTON RD","v":"WABAN","z":"SR2","zf":"SR2","lot":26998,"ac":0.62,"fr":143.8,"env":4776,"ew":69.0,"eh":69.2,"lv":166100.0,"psf":6.15,"minlot":15000,"minfr":100.0,"conf":true,"bld":true,"ter":"moderate","slp":14.8,"elv":130.3,"ez":0,"cor":false,"flg":true,"lhd":false,"fld":false,"wet":false,"oc":"WABAN"}},{"type":"Feature","geometry":{"type":"Polygon","coordinates":[[[-71.18367,42.29946],[-71.18381,42.29925],[-71.18383,42.29926],[-71.18384,42.29926],[-71.18385,42.29925],[-71.18386,42.29924],[-71.18388,42.29919],[-71.1839,42.29917],[-71.18392,42.29914],[-71.18393,42.29915],[-71.18395,42.29915],[-71.18396,42.29916],[-71.18397,42.29916],[-71.18399,42.29917],[-71.18399,42.29917],[-71.184,42.29918],[-71.18401,42.29918],[-71.18401,42.29918],[-71.18403,42.29919],[-71.18404,42.2992],[-71.18405,42.2992],[-71.18406,42.29921],[-71.18407,42.29922],[-71.18408,42.29923],[-71.1841,42.29924],[-71.18411,42.29925],[-71.18411,42.29925],[-71.18412,42.29925],[-71.18412,42.29926],[-71.18413,42.29927],[-71.18414,42.29928],[-71.18414,42.29928],[-71.18415,42.29929],[-71.18415,42.29929],[-71.18416,42.2993],[-71.18416,42.29931],[-71.18417,42.29933],[-71.18418,42.29934],[-71.18418,42.29935],[-71.18419,42.29936],[-71.18419,42.29937],[-71.1842,42.29938],[-71.1842,42.29939],[-71.1842,42.2994],[-71.1842,42.29942],[-71.18421,42.29943],[-71.18421,42.29944],[-71.18421,42.29945],[-71.18421,42.29945],[-71.18421,42.29946],[-71.18421,42.29948],[-71.1837,42.29949],[-71.18371,42.29948],[-71.18371,42.29947],[-71.18369,42.29947],[-71.18369,42.29947],[-71.18367,42.29946]]]},"properties":{"a":"OLD FARM RD","v":"OAK HILL","z":"SR1","zf":"SR1","lot":11269,"ac":0.259,"fr":9.9,"env":2059,"ew":44.7,"eh":46.0,"lv":74700.0,"psf":6.63,"minlot":25000,"minfr":125.0,"conf":false,"bld":true,"ter":"flat","slp":4.6,"elv":144.2,"ez":0,"cor":false,"flg":true,"lhd":false,"fld":false,"wet":false,"oc":"NEWTON CENTRE"}},{"type":"Feature","geometry":{"type":"Polygon","coordinates":[[[-71.19556,42.3091],[-71.19557,42.30909],[-71.19569,42.30914],[-71.19575,42.30917],[-71.19583,42.3092],[-71.19576,42.3093],[-71.1957,42.30938],[-71.19569,42.30939],[-71.19558,42.30934],[-71.19541,42.30928],[-71.19542,42.30927],[-71.19543,42.30927],[-71.19543,42.30927],[-71.19545,42.30927],[-71.19546,42.30927],[-71.19547,42.30926],[-71.19548,42.30926],[-71.19549,42.30926],[-71.19549,42.30925],[-71.1955,42.30925],[-71.1955,42.30925],[-71.19551,42.30924],[-71.19551,42.30924],[-71.19552,42.30924],[-71.19553,42.30923],[-71.19554,42.30922],[-71.19554,42.30922],[-71.19554,42.30922],[-71.19555,42.30921],[-71.19555,42.30921],[-71.19555,42.3092],[-71.19556,42.30919],[-71.19556,42.30919],[-71.19556,42.30918],[-71.19557,42.30918],[-71.19557,42.30917],[-71.19557,42.30916],[-71.19557,42.30915],[-71.19557,42.30915],[-71.19557,42.30914],[-71.19557,42.30914],[-71.19557,42.30913],[-71.19557,42.30912],[-71.19556,42.30912],[-71.19556,42.30911],[-71.19556,42.3091]]]},"properties":{"a":"VOSS TER","v":"OAK HILL","z":"SR2","zf":"SR2","lot":5676,"ac":0.13,"fr":52.1,"env":1390,"ew":45.3,"eh":30.7,"lv":39500.0,"psf":6.96,"minlot":15000,"minfr":100.0,"conf":false,"bld":true,"ter":"gentle","slp":7.5,"elv":155.9,"ez":0,"cor":false,"flg":true,"lhd":false,"fld":false,"wet":false,"oc":"NEWTON"}},{"type":"Feature","geometry":{"type":"Polygon","coordinates":[[[-71.25189,42.35071],[-71.25206,42.35067],[-71.25218,42.35094],[-71.252,42.35098],[-71.25189,42.35071]]]},"properties":{"a":"CHASKE AVE","v":"AUBURNDALE","z":"SR3","zf":"SR3","lot":5001,"ac":0.115,"fr":49.4,"env":1405,"ew":24.9,"eh":56.4,"lv":32400.0,"psf":6.48,"minlot":10000,"minfr":80.0,"conf":false,"bld":true,"ter":"gentle","slp":7.0,"elv":61.3,"ez":0,"cor":false,"flg":false,"lhd":false,"fld":false,"wet":false,"oc":"MASHPEE"}},{"type":"Feature","geometry":{"type":"Polygon","coordinates":[[[-71.18921,42.34023],[-71.18923,42.34006],[-71.18925,42.34006],[-71.18927,42.34006],[-71.18928,42.34006],[-71.18928,42.34006],[-71.1893,42.34006],[-71.18936,42.34007],[-71.18943,42.34007],[-71.18954,42.34008],[-71.18951,42.3403],[-71.18951,42.3403],[-71.18944,42.34029],[-71.18937,42.34029],[-71.1893,42.34028],[-71.1893,42.34028],[-71.18927,42.34027],[-71.18925,42.34027],[-71.18924,42.34026],[-71.18924,42.34026],[-71.18923,42.34026],[-71.18922,42.34025],[-71.18921,42.34025],[-71.18921,42.34024],[-71.18921,42.34023],[-71.18921,42.34023]]]},"properties":{"a":"ALDERWOOD RD","v":"NEWTON CENTRE","z":"SR2","zf":"SR2","lot":6726,"ac":0.154,"fr":56.3,"env":1689,"ew":65.7,"eh":25.7,"lv":59900.0,"psf":8.91,"minlot":15000,"minfr":100.0,"conf":false,"bld":true,"ter":"moderate","slp":10.1,"elv":137.8,"ez":1,"cor":false,"flg":false,"lhd":false,"fld":false,"wet":false,"oc":"NEWTON"}},{"type":"Feature","geometry":{"type":"Polygon","coordinates":[[[-71.2186,42.31182],[-71.21874,42.31183],[-71.21874,42.31188],[-71.21856,42.31187],[-71.21857,42.31187],[-71.21858,42.31186],[-71.21858,42.31186],[-71.21859,42.31185],[-71.21859,42.31184],[-71.2186,42.31184],[-71.2186,42.31183],[-71.2186,42.31182]]]},"properties":{"a":"CHENEY CT","v":"NEWTON UPPER FALLS","z":"MR1","zf":"MR1","lot":780,"ac":0.018,"fr":38.4,"env":0,"ew":0.0,"eh":0.0,"lv":4500.0,"psf":5.77,"minlot":7000,"minfr":70.0,"conf":false,"bld":false,"ter":"moderate","slp":10.2,"elv":150.0,"ez":0,"cor":false,"flg":true,"lhd":false,"fld":false,"wet":false,"oc":"NEWTON UPR FLS"}},{"type":"Feature","geometry":{"type":"Polygon","coordinates":[[[-71.22667,42.31931],[-71.22669,42.31931],[-71.22677,42.3193],[-71.22717,42.31926],[-71.22719,42.31925],[-71.22721,42.31925],[-71.22727,42.31925],[-71.22719,42.31946],[-71.22698,42.31948],[-71.22688,42.31949],[-71.22671,42.31951],[-71.22667,42.31931]]]},"properties":{"a":"NEW ST","v":"NEWTON UPPER FALLS","z":"SR2","zf":"SR2","lot":10951,"ac":0.251,"fr":15.8,"env":2950,"ew":116.4,"eh":25.3,"lv":87000.0,"psf":7.94,"minlot":15000,"minfr":100.0,"conf":false,"bld":true,"ter":"gentle","slp":6.6,"elv":90.8,"ez":0,"cor":false,"flg":true,"lhd":false,"fld":false,"wet":false,"oc":"NEWTON"}},{"type":"Feature","geometry":{"type":"Polygon","coordinates":[[[-71.18324,42.35936],[-71.18311,42.35952],[-71.18312,42.35936],[-71.18319,42.35936],[-71.18321,42.35936],[-71.18324,42.35936]]]},"properties":{"a":"WILLIAM ST  NNC","v":"NEWTON CORNER","z":"MR2","zf":"MR2","lot":802,"ac":0.018,"fr":19.1,"env":0,"ew":0.0,"eh":0.0,"lv":4100.0,"psf":5.12,"minlot":7000,"minfr":70.0,"conf":false,"bld":false,"ter":"gentle","slp":5.1,"elv":37.1,"ez":0,"cor":false,"flg":false,"lhd":false,"fld":false,"wet":false,"oc":"WATERTOWN"}},{"type":"Feature","geometry":{"type":"Polygon","coordinates":[[[-71.24246,42.34749],[-71.24248,42.34746],[-71.24251,42.34742],[-71.24259,42.34732],[-71.2426,42.34732],[-71.24281,42.34739],[-71.24302,42.34745],[-71.24302,42.34745],[-71.24303,42.34745],[-71.24303,42.34745],[-71.24304,42.34746],[-71.24304,42.34746],[-71.24304,42.34746],[-71.24305,42.34747],[-71.24306,42.34748],[-71.24306,42.34748],[-71.24306,42.34749],[-71.24307,42.34749],[-71.24307,42.3475],[-71.24307,42.3475],[-71.24307,42.34751],[-71.24307,42.34752],[-71.24306,42.34753],[-71.24306,42.34754],[-71.24305,42.34754],[-71.24304,42.34755],[-71.24304,42.34755],[-71.24304,42.34756],[-71.24299,42.3476],[-71.24288,42.34765],[-71.24256,42.34753],[-71.24252,42.34751],[-71.24246,42.34749]]]},"properties":{"a":"COMMONWEALTH AVE","v":"AUBURNDALE","z":"SR3","zf":"SR3","lot":9344,"ac":0.214,"fr":178.3,"env":0,"ew":0.0,"eh":0.0,"lv":42700.0,"psf":4.57,"minlot":10000,"minfr":80.0,"conf":false,"bld":false,"ter":"moderate","slp":12.7,"elv":53.8,"ez":1,"cor":true,"flg":false,"lhd":false,"fld":false,"wet":false,"oc":"AUBURNDALE"}},{"type":"Feature","geometry":{"type":"Polygon","coordinates":[[[-71.20315,42.34521],[-71.20322,42.3452],[-71.20353,42.34517],[-71.20352,42.3452],[-71.20352,42.34525],[-71.20352,42.34529],[-71.20351,42.34535],[-71.20315,42.34538],[-71.20315,42.34521]]]},"properties":{"a":"TROWBRIDGE AVE","v":"NEWTONVILLE","z":"SR2","zf":"SR2","lot":6368,"ac":0.146,"fr":99.0,"env":2087,"ew":102.8,"eh":20.3,"lv":51100.0,"psf":8.02,"minlot":15000,"minfr":100.0,"conf":false,"bld":true,"ter":"steep","slp":19.6,"elv":123.7,"ez":0,"cor":false,"flg":false,"lhd":false,"fld":false,"wet":false,"oc":"NEWTON"}},{"type":"Feature","geometry":{"type":"Polygon","coordinates":[[[-71.15689,42.33024],[-71.1569,42.33023],[-71.15703,42.3303],[-71.15698,42.33033],[-71.15689,42.33024]]]},"properties":{"a":"MIDDLESEX RD OFF","v":"CHESTNUT HILL","z":"SR1","zf":"SR1","lot":497,"ac":0.011,"fr":18.8,"env":0,"ew":0.0,"eh":0.0,"lv":5500.0,"psf":11.08,"minlot":25000,"minfr":125.0,"conf":false,"bld":false,"ter":"moderate","slp":10.8,"elv":134.9,"ez":0,"cor":false,"flg":true,"lhd":false,"fld":false,"wet":false,"oc":"CHESTNUT HILL"}},{"type":"Feature","geometry":{"type":"Polygon","coordinates":[[[-71.23879,42.35252],[-71.23909,42.35235],[-71.23913,42.35239],[-71.23884,42.35257],[-71.23879,42.35252]]]},"properties":{"a":"KENYON ST","v":"AUBURNDALE","z":"SR3","zf":"SR3","lot":1999,"ac":0.046,"fr":20.7,"env":0,"ew":0.0,"eh":0.0,"lv":12400.0,"psf":6.2,"minlot":10000,"minfr":80.0,"conf":false,"bld":false,"ter":"gentle","slp":7.9,"elv":53.9,"ez":0,"cor":false,"flg":false,"lhd":false,"fld":false,"wet":false,"oc":"NEWTON"}},{"type":"Feature","geometry":{"type":"Polygon","coordinates":[[[-71.23176,42.35471],[-71.23178,42.35469],[-71.23194,42.3546],[-71.23197,42.35463],[-71.23202,42.35466],[-71.23207,42.3547],[-71.23198,42.35476],[-71.2319,42.35474],[-71.23185,42.35473],[-71.23176,42.35471]]]},"properties":{"a":"UPHAM ST","v":"WEST NEWTON","z":"SR3","zf":"SR3","lot":2500,"ac":0.057,"fr":54.1,"env":0,"ew":0.0,"eh":0.0,"lv":13800.0,"psf":5.52,"minlot":10000,"minfr":80.0,"conf":false,"bld":false,"ter":"flat","slp":2.4,"elv":57.6,"ez":0,"cor":false,"flg":false,"lhd":false,"fld":false,"wet":false,"oc":"NEWTON"}},{"type":"Feature","geometry":{"type":"Polygon","coordinates":[[[-71.22944,42.36014],[-71.2295,42.36002],[-71.22954,42.36003],[-71.22964,42.36006],[-71.22972,42.36007],[-71.22971,42.36009],[-71.22965,42.36019],[-71.22944,42.36014]]]},"properties":{"a":"RUSSELL RD  WST","v":"WEST NEWTON","z":"SR3","zf":"SR3","lot":2644,"ac":0.061,"fr":47.2,"env":392,"ew":15.0,"eh":26.2,"lv":14500.0,"psf":5.48,"minlot":10000,"minfr":80.0,"conf":false,"bld":false,"ter":"flat","slp":3.7,"elv":98.7,"ez":0,"cor":false,"flg":false,"lhd":false,"fld":false,"wet":false,"oc":"NEWTON"}},{"type":"Feature","geometry":{"type":"Polygon","coordinates":[[[-71.20044,42.34572],[-71.20036,42.34573],[-71.20033,42.34553],[-71.20042,42.34552],[-71.20044,42.34572]]]},"properties":{"a":"HARVARD CIR","v":"NEWTONVILLE","z":"MR1","zf":"MR1","lot":1559,"ac":0.036,"fr":21.9,"env":902,"ew":30.0,"eh":30.1,"lv":10700.0,"psf":6.86,"minlot":7000,"minfr":70.0,"conf":false,"bld":true,"ter":"steep","slp":15.7,"elv":114.9,"ez":0,"cor":false,"flg":false,"lhd":false,"fld":false,"wet":false,"oc":"NEWTON"}},{"type":"Feature","geometry":{"type":"Polygon","coordinates":[[[-71.18202,42.29585],[-71.182,42.29587],[-71.18199,42.29589],[-71.18198,42.29591],[-71.18198,42.29594],[-71.18198,42.29596],[-71.18199,42.29598],[-71.182,42.296],[-71.18201,42.29602],[-71.18193,42.29599],[-71.18193,42.29598],[-71.18193,42.29597],[-71.18193,42.29596],[-71.18194,42.29595],[-71.18194,42.29594],[-71.18195,42.29593],[-71.18195,42.29592],[-71.18195,42.29592],[-71.18196,42.29591],[-71.18197,42.2959],[-71.18197,42.2959],[-71.18197,42.2959],[-71.18199,42.29588],[-71.18199,42.29588],[-71.182,42.29587],[-71.182,42.29587],[-71.18201,42.29587],[-71.18202,42.29585]]]},"properties":{"a":"ESTY FARM RD","v":"OAK HILL PARK","z":"SR3","zf":"SR3","lot":518,"ac":0.012,"fr":24.7,"env":0,"ew":0.0,"eh":0.0,"lv":2200.0,"psf":4.24,"minlot":10000,"minfr":80.0,"conf":false,"bld":false,"ter":"gentle","slp":5.1,"elv":113.3,"ez":1,"cor":false,"flg":true,"lhd":false,"fld":false,"wet":false,"oc":"DOVER"}},{"type":"Feature","geometry":{"type":"Polygon","coordinates":[[[-71.20272,42.31577],[-71.20281,42.31576],[-71.20279,42.31591],[-71.20278,42.31591],[-71.20278,42.31592],[-71.20277,42.31593],[-71.20272,42.31577]]]},"properties":{"a":"LEDGEWOOD RD","v":"NEWTON HIGHLANDS","z":"SR3","zf":"SR3","lot":849,"ac":0.019,"fr":53.8,"env":0,"ew":0.0,"eh":0.0,"lv":5300.0,"psf":6.24,"minlot":10000,"minfr":80.0,"conf":false,"bld":false,"ter":"gentle","slp":6.3,"elv":159.9,"ez":0,"cor":false,"flg":false,"lhd":false,"fld":false,"wet":false,"oc":"NEWTON"}},{"type":"Feature","geometry":{"type":"Polygon","coordinates":[[[-71.25951,42.33168],[-71.25958,42.33144],[-71.25963,42.33145],[-71.25969,42.33146],[-71.25973,42.33147],[-71.25974,42.33147],[-71.25975,42.33147],[-71.25976,42.33148],[-71.25978,42.33148],[-71.25979,42.33149],[-71.25978,42.33154],[-71.25975,42.33164],[-71.25973,42.33172],[-71.25951,42.33168]]]},"properties":{"a":"PINE GROVE AVE","v":"NEWTON LOWER FALLS","z":"SR3","zf":"SR3","lot":5345,"ac":0.123,"fr":41.1,"env":1829,"ew":45.5,"eh":40.2,"lv":28500.0,"psf":5.33,"minlot":10000,"minfr":80.0,"conf":false,"bld":true,"ter":"gentle","slp":5.1,"elv":65.9,"ez":0,"cor":false,"flg":false,"lhd":false,"fld":false,"wet":false,"oc":"NEWTON LWR FLS"}},{"type":"Feature","geometry":{"type":"Polygon","coordinates":[[[-71.24793,42.34702],[-71.24816,42.347],[-71.24817,42.34711],[-71.24794,42.34712],[-71.24793,42.34702]]]},"properties":{"a":"MELROSE AVE","v":"AUBURNDALE","z":"BU1","zf":"BU1","lot":2879,"ac":0.066,"fr":62.2,"env":0,"ew":0.0,"eh":0.0,"lv":17700.0,"psf":6.15,"minlot":null,"minfr":null,"conf":false,"bld":false,"ter":"flat","slp":3.6,"elv":68.4,"ez":0,"cor":false,"flg":false,"lhd":false,"fld":false,"wet":false,"oc":"WEST ROXBURY"}},{"type":"Feature","geometry":{"type":"Polygon","coordinates":[[[-71.20597,42.35796],[-71.20585,42.35805],[-71.20552,42.35782],[-71.20564,42.35773],[-71.20597,42.35796]]]},"properties":{"a":"WATERTOWN ST","v":"NONANTUM","z":"MR1","zf":"MR1","lot":5998,"ac":0.138,"fr":46.1,"env":770,"ew":30.4,"eh":25.4,"lv":31800.0,"psf":5.3,"minlot":7000,"minfr":70.0,"conf":false,"bld":false,"ter":"flat","slp":1.3,"elv":50.8,"ez":0,"cor":false,"flg":false,"lhd":false,"fld":false,"wet":false,"oc":"NEWTONVILLE"}},{"type":"Feature","geometry":{"type":"Polygon","coordinates":[[[-71.19747,42.35905],[-71.19764,42.35894],[-71.1977,42.35891],[-71.19775,42.35887],[-71.19782,42.35893],[-71.19765,42.35904],[-71.19759,42.35908],[-71.19754,42.35911],[-71.19747,42.35905]]]},"properties":{"a":"CHAPEL ST","v":"NONANTUM","z":"MR2","zf":"MR2","lot":3001,"ac":0.069,"fr":28.5,"env":303,"ew":19.8,"eh":15.3,"lv":15500.0,"psf":5.16,"minlot":7000,"minfr":70.0,"conf":false,"bld":false,"ter":"flat","slp":4.0,"elv":43.2,"ez":0,"cor":false,"flg":false,"lhd":false,"fld":false,"wet":false,"oc":"NEWTON"}},{"type":"Feature","geometry":{"type":"Polygon","coordinates":[[[-71.17064,42.30823],[-71.17078,42.30808],[-71.17085,42.3082],[-71.17097,42.3084],[-71.17098,42.30842],[-71.17097,42.30843],[-71.17093,42.30844],[-71.17064,42.30823]]]},"properties":{"a":"AUDUBON DR REAR","v":"THOMPSONVILLE","z":"SR3","zf":"SR3","lot":5079,"ac":0.117,"fr":47.6,"env":227,"ew":14.8,"eh":15.3,"lv":36500.0,"psf":7.19,"minlot":10000,"minfr":80.0,"conf":false,"bld":false,"ter":"flat","slp":2.4,"elv":168.0,"ez":0,"cor":false,"flg":true,"lhd":false,"fld":false,"wet":false,"oc":"CHESTNUT HILL"}},{"type":"Feature","geometry":{"type":"Polygon","coordinates":[[[-71.21863,42.31982],[-71.21878,42.31965],[-71.2188,42.31962],[-71.21881,42.31961],[-71.21898,42.31969],[-71.2188,42.3199],[-71.21863,42.31982]]]},"properties":{"a":"CANTERBURY RD","v":"NEWTON UPPER FALLS","z":"SR2","zf":"SR2","lot":4957,"ac":0.114,"fr":55.2,"env":1369,"ew":30.1,"eh":45.4,"lv":31800.0,"psf":6.42,"minlot":15000,"minfr":100.0,"conf":false,"bld":true,"ter":"flat","slp":4.2,"elv":142.3,"ez":0,"cor":false,"flg":false,"lhd":false,"fld":false,"wet":false,"oc":"BOXFORD"}},{"type":"Feature","geometry":{"type":"Polygon","coordinates":[[[-71.21759,42.35275],[-71.21762,42.35274],[-71.21765,42.35273],[-71.2177,42.35271],[-71.21773,42.3527],[-71.21775,42.3527],[-71.21779,42.3527],[-71.21782,42.35272],[-71.21801,42.35286],[-71.21795,42.35291],[-71.21793,42.35292],[-71.21788,42.35296],[-71.21772,42.35284],[-71.21766,42.3528],[-71.21762,42.35277],[-71.21759,42.35275]]]},"properties":{"a":"WATERTOWN ST","v":"WEST NEWTON","z":"SR3","zf":"SR3","lot":4900,"ac":0.113,"fr":110.2,"env":0,"ew":0.0,"eh":0.0,"lv":25900.0,"psf":5.29,"minlot":10000,"minfr":80.0,"conf":false,"bld":false,"ter":"gentle","slp":5.1,"elv":46.7,"ez":0,"cor":false,"flg":false,"lhd":false,"fld":false,"wet":false,"oc":"NEWTON"}},{"type":"Feature","geometry":{"type":"Polygon","coordinates":[[[-71.23069,42.33689],[-71.23078,42.33661],[-71.23083,42.33662],[-71.23093,42.33664],[-71.23119,42.33668],[-71.23117,42.33674],[-71.2311,42.33696],[-71.23069,42.33689]]]},"properties":{"a":"PICKWICK RD","v":"WABAN","z":"SR1","zf":"SR1","lot":12075,"ac":0.277,"fr":104.7,"env":3542,"ew":55.2,"eh":64.2,"lv":101400.0,"psf":8.4,"minlot":25000,"minfr":125.0,"conf":false,"bld":true,"ter":"gentle","slp":7.2,"elv":140.1,"ez":1,"cor":false,"flg":false,"lhd":false,"fld":false,"wet":false,"oc":"CHESTNUT HILL"}},{"type":"Feature","geometry":{"type":"Polygon","coordinates":[[[-71.23881,42.32262],[-71.23898,42.3226],[-71.23903,42.32259],[-71.23905,42.32283],[-71.23881,42.32285],[-71.23881,42.32262]]]},"properties":{"a":"ROKEBY RD","v":"WABAN","z":"SR2","zf":"SR2","lot":5201,"ac":0.119,"fr":15.0,"env":2953,"ew":65.4,"eh":45.2,"lv":2800.0,"psf":0.54,"minlot":15000,"minfr":100.0,"conf":false,"bld":false,"ter":"moderate","slp":12.0,"elv":87.9,"ez":0,"cor":false,"flg":true,"lhd":false,"fld":false,"wet":true,"oc":"WESTBOROUGH"}},{"type":"Feature","geometry":{"type":"Polygon","coordinates":[[[-71.18392,42.3435],[-71.18409,42.34311],[-71.18415,42.34298],[-71.18419,42.34299],[-71.18422,42.343],[-71.18425,42.34301],[-71.18429,42.34301],[-71.18424,42.34314],[-71.1842,42.34322],[-71.18407,42.34354],[-71.18397,42.34351],[-71.18393,42.3435],[-71.18392,42.3435]]]},"properties":{"a":"BRACKETT RD","v":"NEWTON CORNER","z":"SR2","zf":"SR2","lot":8398,"ac":0.193,"fr":40.3,"env":1325,"ew":20.5,"eh":64.5,"lv":74800.0,"psf":8.91,"minlot":15000,"minfr":100.0,"conf":false,"bld":true,"ter":"flat","slp":1.8,"elv":210.5,"ez":0,"cor":false,"flg":false,"lhd":false,"fld":false,"wet":false,"oc":"NEWTON"}},{"type":"Feature","geometry":{"type":"Polygon","coordinates":[[[-71.19203,42.35873],[-71.19212,42.35848],[-71.19193,42.35843],[-71.19195,42.35835],[-71.19207,42.35838],[-71.19217,42.3584],[-71.19228,42.35843],[-71.19239,42.35845],[-71.19237,42.35849],[-71.19236,42.35853],[-71.19216,42.35848],[-71.19206,42.35874],[-71.19204,42.35873],[-71.19204,42.35873],[-71.19203,42.35873]]]},"properties":{"a":"PEARL ST REAR","v":"NEWTON CORNER","z":"MR1","zf":"MR1","lot":3629,"ac":0.083,"fr":95.7,"env":377,"ew":24.8,"eh":15.2,"lv":17400.0,"psf":4.8,"minlot":7000,"minfr":70.0,"conf":false,"bld":false,"ter":"gentle","slp":9.1,"elv":62.5,"ez":1,"cor":false,"flg":true,"lhd":false,"fld":false,"wet":false,"oc":"NEWTON"}},{"type":"Feature","geometry":{"type":"Polygon","coordinates":[[[-71.24914,42.3284],[-71.24924,42.32831],[-71.24927,42.32828],[-71.24953,42.32806],[-71.24955,42.32808],[-71.24956,42.3281],[-71.24959,42.32814],[-71.24948,42.32824],[-71.24942,42.32829],[-71.24935,42.32835],[-71.24932,42.32837],[-71.24929,42.3284],[-71.24927,42.32842],[-71.24923,42.32845],[-71.24923,42.32845],[-71.24922,42.32845],[-71.24921,42.32844],[-71.2492,42.32843],[-71.2492,42.32843],[-71.24919,42.32842],[-71.24918,42.32842],[-71.24917,42.32842],[-71.24916,42.32841],[-71.24915,42.3284],[-71.24914,42.3284],[-71.24914,42.3284]]]},"properties":{"a":"AGAWAM RD","v":"NEWTON LOWER FALLS","z":"SR2","zf":"SR2","lot":5018,"ac":0.115,"fr":41.3,"env":0,"ew":0.0,"eh":0.0,"lv":15300.0,"psf":3.05,"minlot":15000,"minfr":100.0,"conf":false,"bld":false,"ter":"moderate","slp":13.5,"elv":114.7,"ez":0,"cor":false,"flg":true,"lhd":false,"fld":false,"wet":false,"oc":"WABAN"}},{"type":"Feature","geometry":{"type":"Polygon","coordinates":[[[-71.21164,42.33741],[-71.21153,42.33739],[-71.2115,42.33739],[-71.21149,42.33738],[-71.21149,42.33736],[-71.21151,42.3373],[-71.21151,42.33727],[-71.21182,42.33733],[-71.2118,42.33745],[-71.21172,42.33743],[-71.2117,42.33743],[-71.21164,42.33741]]]},"properties":{"a":"HOMER ST","v":"NEWTONVILLE","z":"SR2","zf":"SR2","lot":3707,"ac":0.085,"fr":42.5,"env":826,"ew":55.3,"eh":14.9,"lv":24200.0,"psf":6.53,"minlot":15000,"minfr":100.0,"conf":false,"bld":true,"ter":"gentle","slp":9.9,"elv":123.8,"ez":0,"cor":false,"flg":true,"lhd":false,"fld":false,"wet":false,"oc":"NEWTON"}},{"type":"Feature","geometry":{"type":"Polygon","coordinates":[[[-71.2082,42.35509],[-71.20828,42.35507],[-71.20834,42.35505],[-71.20858,42.35499],[-71.20861,42.35506],[-71.20864,42.35513],[-71.2083,42.35522],[-71.2082,42.35509]]]},"properties":{"a":"WALNUT ST","v":"NEWTONVILLE","z":"MR1","zf":"MR1","lot":5262,"ac":0.121,"fr":55.2,"env":1904,"ew":75.4,"eh":25.3,"lv":104900.0,"psf":19.94,"minlot":7000,"minfr":70.0,"conf":false,"bld":false,"ter":"flat","slp":4.3,"elv":44.9,"ez":0,"cor":false,"flg":false,"lhd":true,"fld":false,"wet":false,"oc":"NEWTONVILLE"}},{"type":"Feature","geometry":{"type":"Polygon","coordinates":[[[-71.18189,42.32139],[-71.18202,42.32153],[-71.1819,42.32156],[-71.18183,42.32152],[-71.18176,42.32147],[-71.18189,42.32139]]]},"properties":{"a":"BEECHER TER","v":"THOMPSONVILLE","z":"MR1","zf":"MR1","lot":2148,"ac":0.049,"fr":60.7,"env":0,"ew":0.0,"eh":0.0,"lv":14400.0,"psf":6.71,"minlot":7000,"minfr":70.0,"conf":false,"bld":false,"ter":"moderate","slp":13.7,"elv":230.5,"ez":0,"cor":false,"flg":false,"lhd":false,"fld":false,"wet":false,"oc":"NEWTON"}},{"type":"Feature","geometry":{"type":"Polygon","coordinates":[[[-71.21512,42.31896],[-71.21514,42.31896],[-71.21526,42.31893],[-71.21528,42.31893],[-71.2153,42.31893],[-71.21531,42.31893],[-71.21533,42.31893],[-71.21534,42.31894],[-71.21535,42.31894],[-71.21537,42.31895],[-71.21538,42.31896],[-71.21538,42.31896],[-71.21538,42.31897],[-71.21539,42.31898],[-71.21543,42.31902],[-71.21552,42.31913],[-71.21546,42.31915],[-71.21543,42.31916],[-71.2153,42.3192],[-71.21519,42.31906],[-71.21514,42.31899],[-71.21512,42.31896]]]},"properties":{"a":"BEMUTH RD","v":"NEWTON HIGHLANDS","z":"SR2","zf":"SR2","lot":5567,"ac":0.128,"fr":99.3,"env":539,"ew":15.4,"eh":35.1,"lv":35700.0,"psf":6.41,"minlot":15000,"minfr":100.0,"conf":false,"bld":false,"ter":"flat","slp":4.8,"elv":142.4,"ez":0,"cor":true,"flg":false,"lhd":false,"fld":false,"wet":false,"oc":"SUDBURY"}},{"type":"Feature","geometry":{"type":"Polygon","coordinates":[[[-71.25377,42.34141],[-71.25376,42.3414],[-71.25376,42.3414],[-71.25375,42.34139],[-71.25374,42.34138],[-71.25373,42.34138],[-71.25371,42.34138],[-71.2537,42.34138],[-71.25369,42.34138],[-71.25368,42.34138],[-71.25367,42.34139],[-71.25366,42.34139],[-71.25365,42.3414],[-71.25364,42.34141],[-71.25363,42.34142],[-71.25363,42.34142],[-71.25353,42.34138],[-71.2537,42.34121],[-71.25392,42.3413],[-71.25381,42.34144],[-71.2538,42.34144],[-71.25379,42.34143],[-71.25378,42.34142],[-71.25377,42.34141]]]},"properties":{"a":"OAKWOOD RD OFF AUB","v":"AUBURNDALE","z":"SR3","zf":"SR3","lot":4365,"ac":0.1,"fr":30.4,"env":981,"ew":39.6,"eh":24.8,"lv":27600.0,"psf":6.32,"minlot":10000,"minfr":80.0,"conf":false,"bld":true,"ter":"moderate","slp":11.1,"elv":142.8,"ez":0,"cor":false,"flg":true,"lhd":false,"fld":false,"wet":false,"oc":"AUBURNDALE"}},{"type":"Feature","geometry":{"type":"Polygon","coordinates":[[[-71.20949,42.31221],[-71.20942,42.31207],[-71.20939,42.312],[-71.20938,42.31198],[-71.20961,42.312],[-71.20964,42.312],[-71.20966,42.312],[-71.20968,42.31238],[-71.20963,42.31239],[-71.20959,42.3124],[-71.20957,42.3124],[-71.20949,42.31221]]]},"properties":{"a":"ROCKLAND ST  HGH","v":"NEWTON HIGHLANDS","z":"MR1","zf":"MR1","lot":7436,"ac":0.171,"fr":24.5,"env":1248,"ew":25.1,"eh":49.6,"lv":13200.0,"psf":1.78,"minlot":7000,"minfr":70.0,"conf":false,"bld":true,"ter":"flat","slp":5.0,"elv":114.0,"ez":1,"cor":false,"flg":false,"lhd":false,"fld":false,"wet":false,"oc":"TAUNTON"}},{"type":"Feature","geometry":{"type":"Polygon","coordinates":[[[-71.21135,42.32438],[-71.21146,42.32427],[-71.21142,42.32412],[-71.21168,42.324],[-71.21182,42.32429],[-71.21163,42.32453],[-71.21135,42.32438]]]},"properties":{"a":"TERRACE AVE OFF","v":"NEWTON HIGHLANDS","z":"SR2","zf":"SR2","lot":13024,"ac":0.299,"fr":80.1,"env":4976,"ew":70.6,"eh":70.5,"lv":73000.0,"psf":5.6,"minlot":15000,"minfr":100.0,"conf":false,"bld":true,"ter":"steep","slp":16.7,"elv":135.4,"ez":2,"cor":false,"flg":true,"lhd":false,"fld":false,"wet":false,"oc":"NEWTON HGLDS"}},{"type":"Feature","geometry":{"type":"Polygon","coordinates":[[[-71.20976,42.30643],[-71.20946,42.30697],[-71.20939,42.30711],[-71.20938,42.30712],[-71.20937,42.30713],[-71.20935,42.30717],[-71.20934,42.30717],[-71.20933,42.30717],[-71.20932,42.30716],[-71.20931,42.30716],[-71.2095,42.30681],[-71.20958,42.30632],[-71.20962,42.30635],[-71.20976,42.30643]]]},"properties":{"a":"CHARLEMONT ST","v":"NEWTON UPPER FALLS","z":"SR3","zf":"SR3","lot":6612,"ac":0.152,"fr":15.9,"env":0,"ew":0.0,"eh":0.0,"lv":38700.0,"psf":5.85,"minlot":10000,"minfr":80.0,"conf":false,"bld":false,"ter":"steep","slp":15.0,"elv":133.7,"ez":0,"cor":false,"flg":true,"lhd":false,"fld":false,"wet":false,"oc":"NEWTON"}},{"type":"Feature","geometry":{"type":"Polygon","coordinates":[[[-71.23641,42.3522],[-71.23644,42.35218],[-71.23662,42.35243],[-71.2366,42.35244],[-71.23641,42.3522]]]},"properties":{"a":"AUBURNDALE AVE","v":"WEST NEWTON","z":"SR3","zf":"SR3","lot":932,"ac":0.021,"fr":102.4,"env":0,"ew":0.0,"eh":0.0,"lv":5800.0,"psf":6.22,"minlot":10000,"minfr":80.0,"conf":false,"bld":false,"ter":"flat","slp":4.3,"elv":62.1,"ez":2,"cor":false,"flg":true,"lhd":false,"fld":false,"wet":false,"oc":"NEWTON"}},{"type":"Feature","geometry":{"type":"Polygon","coordinates":[[[-71.23362,42.36168],[-71.23325,42.36179],[-71.23326,42.36177],[-71.23329,42.36165],[-71.2333,42.36163],[-71.2333,42.36163],[-71.2333,42.36162],[-71.23332,42.36162],[-71.23336,42.36163],[-71.23337,42.36163],[-71.2334,42.36164],[-71.23345,42.36164],[-71.23349,42.36165],[-71.23363,42.36167],[-71.23363,42.36168],[-71.23362,42.36168]]]},"properties":{"a":"WASHINGTON AVE OFF","v":"WEST NEWTON","z":"SR3","zf":"SR3","lot":2152,"ac":0.049,"fr":36.8,"env":240,"ew":15.4,"eh":15.6,"lv":11700.0,"psf":5.44,"minlot":10000,"minfr":80.0,"conf":false,"bld":false,"ter":"flat","slp":3.0,"elv":102.3,"ez":0,"cor":false,"flg":true,"lhd":false,"fld":false,"wet":false,"oc":"NORWOOD"}},{"type":"Feature","geometry":{"type":"Polygon","coordinates":[[[-71.20661,42.30776],[-71.20682,42.3077],[-71.20694,42.30766],[-71.2071,42.30762],[-71.20718,42.30768],[-71.20722,42.30771],[-71.20723,42.30772],[-71.20722,42.30772],[-71.20685,42.30784],[-71.20669,42.30789],[-71.20661,42.30776]]]},"properties":{"a":"WINCHESTER ST","v":"NEWTON HIGHLANDS","z":"SR3","zf":"SR3","lot":7222,"ac":0.166,"fr":51.8,"env":1126,"ew":45.4,"eh":24.8,"lv":41300.0,"psf":5.72,"minlot":10000,"minfr":80.0,"conf":false,"bld":true,"ter":"gentle","slp":6.4,"elv":144.5,"ez":0,"cor":false,"flg":false,"lhd":false,"fld":false,"wet":false,"oc":"NEWTON HGLDS"}},{"type":"Feature","geometry":{"type":"Polygon","coordinates":[[[-71.2182,42.31352],[-71.21825,42.31321],[-71.21835,42.31323],[-71.21835,42.31323],[-71.21839,42.31323],[-71.2184,42.31323],[-71.21841,42.31323],[-71.21843,42.31324],[-71.21834,42.3136],[-71.2182,42.31352]]]},"properties":{"a":"CHAMPA ST","v":"NEWTON UPPER FALLS","z":"MR1","zf":"MR1","lot":5676,"ac":0.13,"fr":36.7,"env":2509,"ew":31.5,"eh":79.5,"lv":33200.0,"psf":5.85,"minlot":7000,"minfr":70.0,"conf":false,"bld":true,"ter":"gentle","slp":9.3,"elv":181.2,"ez":0,"cor":false,"flg":false,"lhd":false,"fld":false,"wet":false,"oc":"NEWTON"}},{"type":"Feature","geometry":{"type":"Polygon","coordinates":[[[-71.23721,42.36062],[-71.23698,42.36069],[-71.237,42.36065],[-71.23701,42.36065],[-71.23702,42.36063],[-71.23704,42.36061],[-71.23705,42.36059],[-71.23706,42.36057],[-71.23707,42.36057],[-71.23708,42.36058],[-71.2372,42.36062],[-71.23721,42.36062]]]},"properties":{"a":"DERBY ST","v":"WEST NEWTON","z":"SR3","zf":"SR3","lot":479,"ac":0.011,"fr":36.2,"env":0,"ew":0.0,"eh":0.0,"lv":2600.0,"psf":5.43,"minlot":10000,"minfr":80.0,"conf":false,"bld":false,"ter":"flat","slp":2.0,"elv":106.2,"ez":0,"cor":false,"flg":true,"lhd":false,"fld":false,"wet":false,"oc":"NORTON"}},{"type":"Feature","geometry":{"type":"Polygon","coordinates":[[[-71.24255,42.35088],[-71.24243,42.35084],[-71.24241,42.35084],[-71.24238,42.35083],[-71.24242,42.35075],[-71.2425,42.35061],[-71.24252,42.35057],[-71.24254,42.35054],[-71.24272,42.3506],[-71.24265,42.35072],[-71.24261,42.35079],[-71.24255,42.35088],[-71.24255,42.35088]]]},"properties":{"a":"NEWELL RD","v":"AUBURNDALE","z":"SR3","zf":"SR3","lot":5388,"ac":0.124,"fr":52.8,"env":1539,"ew":25.7,"eh":60.0,"lv":33200.0,"psf":6.16,"minlot":10000,"minfr":80.0,"conf":false,"bld":true,"ter":"gentle","slp":6.0,"elv":55.8,"ez":0,"cor":false,"flg":false,"lhd":false,"fld":false,"wet":false,"oc":"AUBURNDALE"}},{"type":"Feature","geometry":{"type":"Polygon","coordinates":[[[-71.20936,42.34068],[-71.20936,42.34067],[-71.20937,42.34065],[-71.20937,42.34065],[-71.20937,42.34064],[-71.20938,42.34063],[-71.20938,42.34061],[-71.20939,42.34061],[-71.20939,42.3406],[-71.2094,42.34059],[-71.20941,42.34058],[-71.20941,42.34057],[-71.20942,42.34057],[-71.20944,42.34055],[-71.20945,42.34054],[-71.20946,42.34053],[-71.20946,42.34052],[-71.20947,42.34052],[-71.20947,42.34051],[-71.20948,42.3405],[-71.20949,42.34049],[-71.21005,42.34052],[-71.21,42.34072],[-71.20936,42.34068]]]},"properties":{"a":"GROVE HILL PK","v":"NEWTONVILLE","z":"SR2","zf":"SR2","lot":11879,"ac":0.273,"fr":152.0,"env":3755,"ew":119.8,"eh":31.4,"lv":86300.0,"psf":7.27,"minlot":15000,"minfr":100.0,"conf":false,"bld":true,"ter":"gentle","slp":9.5,"elv":175.7,"ez":1,"cor":false,"flg":true,"lhd":false,"fld":false,"wet":false,"oc":"NEWTON"}},{"type":"Feature","geometry":{"type":"Polygon","coordinates":[[[-71.23939,42.34835],[-71.23947,42.34835],[-71.23952,42.34835],[-71.23957,42.34835],[-71.23956,42.34861],[-71.23956,42.34865],[-71.23956,42.34876],[-71.23939,42.34876],[-71.23939,42.34857],[-71.23939,42.34853],[-71.23939,42.34835]]]},"properties":{"a":"WEBSTER ST","v":"AUBURNDALE","z":"SR3","zf":"SR3","lot":7762,"ac":0.178,"fr":46.6,"env":5746,"ew":47.5,"eh":120.9,"lv":31700.0,"psf":4.08,"minlot":10000,"minfr":80.0,"conf":false,"bld":true,"ter":"gentle","slp":5.5,"elv":52.3,"ez":0,"cor":false,"flg":false,"lhd":false,"fld":false,"wet":false,"oc":"AUBURNDALE"}},{"type":"Feature","geometry":{"type":"Polygon","coordinates":[[[-71.20676,42.308],[-71.20735,42.30782],[-71.20735,42.30783],[-71.20739,42.30786],[-71.20748,42.30794],[-71.20715,42.30804],[-71.20704,42.30808],[-71.20684,42.30814],[-71.20676,42.308]]]},"properties":{"a":"WINCHESTER ST","v":"NEWTON HIGHLANDS","z":"SR3","zf":"SR3","lot":8851,"ac":0.203,"fr":54.2,"env":1662,"ew":55.0,"eh":30.2,"lv":50600.0,"psf":5.72,"minlot":10000,"minfr":80.0,"conf":false,"bld":true,"ter":"gentle","slp":6.4,"elv":142.8,"ez":1,"cor":false,"flg":false,"lhd":false,"fld":false,"wet":false,"oc":"NEWTON"}},{"type":"Feature","geometry":{"type":"Polygon","coordinates":[[[-71.19868,42.31901],[-71.19869,42.31871],[-71.19885,42.31871],[-71.19886,42.31871],[-71.19888,42.31871],[-71.19888,42.31872],[-71.19888,42.31872],[-71.19887,42.3189],[-71.19887,42.319],[-71.19887,42.31902],[-71.19875,42.31902],[-71.19871,42.31902],[-71.19868,42.31901]]]},"properties":{"a":"BOYLSTON ST","v":"NEWTON HIGHLANDS","z":"SR3","zf":"SR3","lot":5602,"ac":0.129,"fr":77.1,"env":4140,"ew":52.4,"eh":78.9,"lv":30200.0,"psf":5.39,"minlot":10000,"minfr":80.0,"conf":false,"bld":true,"ter":"flat","slp":3.3,"elv":124.2,"ez":1,"cor":false,"flg":false,"lhd":false,"fld":false,"wet":false,"oc":"NEWTON"}},{"type":"Feature","geometry":{"type":"Polygon","coordinates":[[[-71.20009,42.31727],[-71.20008,42.31726],[-71.20008,42.31726],[-71.20009,42.31725],[-71.19976,42.31681],[-71.19978,42.3168],[-71.19978,42.3168],[-71.19979,42.31679],[-71.1998,42.31679],[-71.19981,42.31678],[-71.19982,42.31678],[-71.19983,42.31677],[-71.19985,42.31676],[-71.19985,42.31676],[-71.19986,42.31676],[-71.19991,42.31681],[-71.2,42.31692],[-71.20029,42.31727],[-71.20025,42.31727],[-71.20023,42.31727],[-71.2001,42.31727],[-71.20009,42.31727]]]},"properties":{"a":"WALNUT HILL RD","v":"NEWTON HIGHLANDS","z":"SR3","zf":"SR3","lot":8599,"ac":0.197,"fr":25.1,"env":0,"ew":0.0,"eh":0.0,"lv":53400.0,"psf":6.21,"minlot":10000,"minfr":80.0,"conf":false,"bld":false,"ter":"gentle","slp":7.2,"elv":125.9,"ez":0,"cor":false,"flg":true,"lhd":false,"fld":false,"wet":false,"oc":"NEWTON"}},{"type":"Feature","geometry":{"type":"Polygon","coordinates":[[[-71.18606,42.33805],[-71.18608,42.338],[-71.18611,42.3379],[-71.18657,42.33796],[-71.18657,42.33799],[-71.18657,42.33801],[-71.18657,42.33804],[-71.18657,42.33807],[-71.18656,42.3381],[-71.18656,42.33813],[-71.18606,42.33805]]]},"properties":{"a":"EASTBOURNE RD","v":"NEWTON CENTRE","z":"SR2","zf":"SR2","lot":8128,"ac":0.187,"fr":64.2,"env":2225,"ew":89.3,"eh":24.9,"lv":65200.0,"psf":8.02,"minlot":15000,"minfr":100.0,"conf":false,"bld":true,"ter":"gentle","slp":6.6,"elv":160.0,"ez":0,"cor":false,"flg":false,"lhd":false,"fld":false,"wet":false,"oc":"NEWTON"}},{"type":"Feature","geometry":{"type":"Polygon","coordinates":[[[-71.20279,42.35624],[-71.20292,42.35614],[-71.2031,42.35628],[-71.20313,42.3563],[-71.20313,42.35631],[-71.20319,42.35635],[-71.20314,42.35639],[-71.20306,42.35645],[-71.20279,42.35624]]]},"properties":{"a":"ASHMONT AVE","v":"NONANTUM","z":"MR1","zf":"MR1","lot":5441,"ac":0.125,"fr":50.0,"env":904,"ew":29.6,"eh":30.5,"lv":28400.0,"psf":5.22,"minlot":7000,"minfr":70.0,"conf":false,"bld":true,"ter":"flat","slp":3.3,"elv":41.1,"ez":0,"cor":false,"flg":false,"lhd":false,"fld":false,"wet":false,"oc":"NEWTON"}},{"type":"Feature","geometry":{"type":"Polygon","coordinates":[[[-71.222,42.33094],[-71.22198,42.33087],[-71.22196,42.33081],[-71.22194,42.33077],[-71.22191,42.33074],[-71.22201,42.3306],[-71.22217,42.33036],[-71.22241,42.33045],[-71.22263,42.33053],[-71.22244,42.33064],[-71.22245,42.33066],[-71.22264,42.33093],[-71.22219,42.33095],[-71.22206,42.33096],[-71.22201,42.33096],[-71.222,42.33094]]]},"properties":{"a":"GAMMONS RD","v":"WABAN","z":"SR2","zf":"SR2","lot":27434,"ac":0.63,"fr":110.4,"env":8810,"ew":80.4,"eh":109.6,"lv":150000.0,"psf":5.47,"minlot":15000,"minfr":100.0,"conf":true,"bld":true,"ter":"moderate","slp":10.3,"elv":129.5,"ez":0,"cor":false,"flg":true,"lhd":false,"fld":false,"wet":false,"oc":"WABAN"}},{"type":"Feature","geometry":{"type":"Polygon","coordinates":[[[-71.21881,42.31323],[-71.21882,42.31322],[-71.21887,42.31315],[-71.21896,42.31302],[-71.21901,42.31302],[-71.21904,42.31303],[-71.21907,42.31303],[-71.21906,42.31305],[-71.2189,42.31328],[-71.21889,42.31327],[-71.21887,42.31327],[-71.21887,42.31326],[-71.21886,42.31326],[-71.21885,42.31326],[-71.21885,42.31325],[-71.21884,42.31325],[-71.21882,42.31324],[-71.21882,42.31324],[-71.21881,42.31324],[-71.21881,42.31323]]]},"properties":{"a":"CHAMPA ST","v":"NEWTON UPPER FALLS","z":"MR1","zf":"MR1","lot":2714,"ac":0.062,"fr":27.3,"env":0,"ew":0.0,"eh":0.0,"lv":15900.0,"psf":5.86,"minlot":7000,"minfr":70.0,"conf":false,"bld":false,"ter":"gentle","slp":8.8,"elv":179.6,"ez":0,"cor":false,"flg":true,"lhd":false,"fld":false,"wet":false,"oc":"NEWTON"}},{"type":"Feature","geometry":{"type":"Polygon","coordinates":[[[-71.21972,42.3106],[-71.21982,42.31059],[-71.21983,42.31059],[-71.21984,42.31059],[-71.21984,42.31059],[-71.21985,42.31059],[-71.21986,42.3106],[-71.21987,42.31061],[-71.21988,42.31061],[-71.2199,42.31071],[-71.2199,42.31073],[-71.21991,42.3108],[-71.21977,42.31082],[-71.21972,42.3106]]]},"properties":{"a":"OSSIPEE RD","v":"NEWTON UPPER FALLS","z":"MR1","zf":"MR1","lot":3206,"ac":0.074,"fr":88.9,"env":323,"ew":15.6,"eh":20.7,"lv":18700.0,"psf":5.83,"minlot":7000,"minfr":70.0,"conf":false,"bld":false,"ter":"flat","slp":4.0,"elv":128.2,"ez":1,"cor":false,"flg":false,"lhd":true,"fld":false,"wet":false,"oc":"NEWTON"}},{"type":"Feature","geometry":{"type":"Polygon","coordinates":[[[-71.19508,42.31816],[-71.19509,42.31799],[-71.19509,42.31796],[-71.1951,42.31787],[-71.1951,42.31782],[-71.1952,42.31783],[-71.19532,42.31783],[-71.1953,42.31817],[-71.19508,42.31816]]]},"properties":{"a":"OAKDALE RD","v":"THOMPSONVILLE","z":"SR3","zf":"SR3","lot":7484,"ac":0.172,"fr":17.1,"env":3472,"ew":31.6,"eh":109.9,"lv":46500.0,"psf":6.21,"minlot":10000,"minfr":80.0,"conf":false,"bld":true,"ter":"flat","slp":3.1,"elv":131.7,"ez":0,"cor":false,"flg":true,"lhd":false,"fld":false,"wet":false,"oc":"NEWTON CENTRE"}},{"type":"Feature","geometry":{"type":"Polygon","coordinates":[[[-71.22207,42.35478],[-71.22213,42.35465],[-71.22215,42.35465],[-71.22216,42.35465],[-71.22217,42.35465],[-71.22227,42.35466],[-71.22237,42.35466],[-71.22239,42.35466],[-71.22239,42.35468],[-71.22239,42.35468],[-71.22238,42.3547],[-71.22232,42.35484],[-71.22207,42.35478]]]},"properties":{"a":"RANDLETT PK OFF","v":"WEST NEWTON","z":"SR3","zf":"SR3","lot":4129,"ac":0.095,"fr":71.9,"env":1405,"ew":66.5,"eh":21.1,"lv":23800.0,"psf":5.76,"minlot":10000,"minfr":80.0,"conf":false,"bld":true,"ter":"flat","slp":2.0,"elv":66.4,"ez":0,"cor":false,"flg":true,"lhd":false,"fld":false,"wet":false,"oc":"NEWTON"}},{"type":"Feature","geometry":{"type":"Polygon","coordinates":[[[-71.21007,42.30809],[-71.21008,42.30807],[-71.21009,42.30806],[-71.21009,42.30805],[-71.21011,42.30803],[-71.21012,42.30799],[-71.2102,42.30784],[-71.21038,42.30789],[-71.21025,42.30814],[-71.21013,42.30811],[-71.21011,42.30811],[-71.21009,42.3081],[-71.21009,42.3081],[-71.21008,42.3081],[-71.21007,42.30809]]]},"properties":{"a":"CARL ST","v":"NEWTON UPPER FALLS","z":"SR3","zf":"SR3","lot":5001,"ac":0.115,"fr":33.1,"env":1425,"ew":26.0,"eh":54.8,"lv":29300.0,"psf":5.86,"minlot":10000,"minfr":80.0,"conf":false,"bld":true,"ter":"gentle","slp":5.0,"elv":137.3,"ez":0,"cor":false,"flg":false,"lhd":false,"fld":false,"wet":false,"oc":"NEWTON"}},{"type":"Feature","geometry":{"type":"Polygon","coordinates":[[[-71.20375,42.35833],[-71.20382,42.35829],[-71.20391,42.35823],[-71.20395,42.35821],[-71.20398,42.35824],[-71.204,42.35825],[-71.20402,42.35827],[-71.204,42.35828],[-71.20393,42.35833],[-71.20391,42.35834],[-71.2039,42.35834],[-71.20383,42.35839],[-71.20381,42.35838],[-71.20381,42.35837],[-71.20375,42.35833]]]},"properties":{"a":"BARRIEAU CT","v":"NONANTUM","z":"MR1","zf":"MR1","lot":2226,"ac":0.051,"fr":24.7,"env":0,"ew":0.0,"eh":0.0,"lv":11600.0,"psf":5.21,"minlot":7000,"minfr":70.0,"conf":false,"bld":false,"ter":"flat","slp":4.7,"elv":43.5,"ez":2,"cor":false,"flg":true,"lhd":false,"fld":false,"wet":false,"oc":"WELLESLEY"}},{"type":"Feature","geometry":{"type":"Polygon","coordinates":[[[-71.19228,42.35843],[-71.19231,42.35836],[-71.19242,42.35839],[-71.19239,42.35845],[-71.19228,42.35843]]]},"properties":{"a":"WABAN ST","v":"NEWTON CORNER","z":"MR1","zf":"MR1","lot":771,"ac":0.018,"fr":31.0,"env":0,"ew":0.0,"eh":0.0,"lv":4000.0,"psf":5.19,"minlot":7000,"minfr":70.0,"conf":false,"bld":false,"ter":"gentle","slp":9.1,"elv":62.7,"ez":1,"cor":false,"flg":true,"lhd":false,"fld":false,"wet":false,"oc":"NEWTON"}},{"type":"Feature","geometry":{"type":"Polygon","coordinates":[[[-71.19138,42.3218],[-71.19135,42.32161],[-71.19133,42.32148],[-71.19133,42.32146],[-71.19155,42.3215],[-71.19167,42.32158],[-71.19165,42.32162],[-71.19163,42.32166],[-71.19154,42.32182],[-71.19151,42.32181],[-71.1915,42.32181],[-71.19149,42.32181],[-71.19149,42.32181],[-71.19148,42.32181],[-71.19146,42.3218],[-71.19145,42.3218],[-71.19144,42.3218],[-71.19142,42.3218],[-71.19142,42.3218],[-71.19141,42.3218],[-71.19141,42.3218],[-71.19139,42.3218],[-71.19139,42.3218],[-71.19138,42.3218]]]},"properties":{"a":"RIDGE AVE","v":"THOMPSONVILLE","z":"SR3","zf":"SR3","lot":7919,"ac":0.182,"fr":62.9,"env":1984,"ew":36.3,"eh":54.6,"lv":53000.0,"psf":6.69,"minlot":10000,"minfr":80.0,"conf":false,"bld":true,"ter":"moderate","slp":10.3,"elv":176.5,"ez":0,"cor":false,"flg":true,"lhd":false,"fld":false,"wet":false,"oc":"NEWTON"}},{"type":"Feature","geometry":{"type":"Polygon","coordinates":[[[-71.18296,42.34137],[-71.18296,42.34136],[-71.18295,42.34135],[-71.18295,42.34133],[-71.18295,42.34115],[-71.1831,42.34116],[-71.18339,42.34118],[-71.18344,42.34118],[-71.18344,42.34118],[-71.18348,42.34119],[-71.18341,42.34145],[-71.18328,42.34143],[-71.18302,42.34139],[-71.183,42.34139],[-71.18299,42.34138],[-71.18298,42.34138],[-71.18297,42.34137],[-71.18296,42.34137]]]},"properties":{"a":"WAVERLEY AVE","v":"CHESTNUT HILL","z":"SR2","zf":"SR2","lot":12284,"ac":0.282,"fr":176.7,"env":3552,"ew":89.5,"eh":39.7,"lv":106800.0,"psf":8.69,"minlot":15000,"minfr":100.0,"conf":false,"bld":true,"ter":"gentle","slp":5.6,"elv":205.7,"ez":0,"cor":true,"flg":false,"lhd":false,"fld":false,"wet":false,"oc":"NEWTON"}},{"type":"Feature","geometry":{"type":"Polygon","coordinates":[[[-71.20729,42.3159],[-71.20731,42.31575],[-71.20762,42.31576],[-71.20762,42.31584],[-71.20761,42.31586],[-71.20761,42.31592],[-71.20744,42.31591],[-71.20737,42.31591],[-71.20729,42.3159]]]},"properties":{"a":"BRIERFIELD RD","v":"NEWTON HIGHLANDS","z":"SR3","zf":"SR3","lot":4691,"ac":0.108,"fr":56.0,"env":2181,"ew":52.0,"eh":41.9,"lv":29100.0,"psf":6.2,"minlot":10000,"minfr":80.0,"conf":false,"bld":true,"ter":"gentle","slp":7.1,"elv":115.9,"ez":0,"cor":false,"flg":false,"lhd":false,"fld":false,"wet":false,"oc":"NEWTON HGLDS"}},{"type":"Feature","geometry":{"type":"Polygon","coordinates":[[[-71.18222,42.3346],[-71.18222,42.33459],[-71.18224,42.33455],[-71.18226,42.33452],[-71.18234,42.33451],[-71.18265,42.33448],[-71.18275,42.33447],[-71.18308,42.33444],[-71.18307,42.33448],[-71.18308,42.33458],[-71.18307,42.33468],[-71.18225,42.3347],[-71.18224,42.3347],[-71.18224,42.3347],[-71.18222,42.3347],[-71.18223,42.33468],[-71.18223,42.33466],[-71.18223,42.33464],[-71.18223,42.33463],[-71.18223,42.33461],[-71.18222,42.3346]]]},"properties":{"a":"HOBART TER","v":"CHESTNUT HILL","z":"SR1","zf":"SR1","lot":19288,"ac":0.443,"fr":88.8,"env":7464,"ew":162.8,"eh":45.9,"lv":193600.0,"psf":10.04,"minlot":25000,"minfr":125.0,"conf":false,"bld":true,"ter":"steep","slp":17.0,"elv":225.1,"ez":1,"cor":false,"flg":false,"lhd":false,"fld":false,"wet":false,"oc":"NEWTON"}},{"type":"Feature","geometry":{"type":"Polygon","coordinates":[[[-71.21047,42.31205],[-71.2105,42.31182],[-71.2105,42.31178],[-71.2105,42.31178],[-71.21068,42.31179],[-71.21068,42.31184],[-71.21067,42.31187],[-71.21066,42.31204],[-71.21066,42.31205],[-71.21065,42.31206],[-71.21065,42.31206],[-71.21057,42.31206],[-71.21054,42.31206],[-71.21047,42.31205]]]},"properties":{"a":"JACONNET ST","v":"NEWTON HIGHLANDS","z":"MR1","zf":"MR1","lot":5001,"ac":0.115,"fr":49.3,"env":2855,"ew":46.1,"eh":62.0,"lv":29300.0,"psf":5.86,"minlot":7000,"minfr":70.0,"conf":false,"bld":true,"ter":"flat","slp":5.0,"elv":113.5,"ez":1,"cor":false,"flg":false,"lhd":false,"fld":false,"wet":false,"oc":"NEWTON"}},{"type":"Feature","geometry":{"type":"Polygon","coordinates":[[[-71.21832,42.34451],[-71.21833,42.34451],[-71.21835,42.3445],[-71.21854,42.34447],[-71.21859,42.34446],[-71.21861,42.34446],[-71.21867,42.34466],[-71.21866,42.34466],[-71.21865,42.34466],[-71.21863,42.34466],[-71.21837,42.34469],[-71.21832,42.34461],[-71.21831,42.34459],[-71.21831,42.34458],[-71.21831,42.34456],[-71.21831,42.34455],[-71.21831,42.34454],[-71.21832,42.34453],[-71.21832,42.34452],[-71.21832,42.34451]]]},"properties":{"a":"BALCARRES RD","v":"WEST NEWTON","z":"SR1","zf":"SR1","lot":6412,"ac":0.147,"fr":31.7,"env":1196,"ew":25.8,"eh":46.3,"lv":50500.0,"psf":7.88,"minlot":25000,"minfr":125.0,"conf":false,"bld":true,"ter":"flat","slp":1.9,"elv":198.2,"ez":0,"cor":false,"flg":false,"lhd":false,"fld":false,"wet":false,"oc":"WEST NEWTON"}},{"type":"Feature","geometry":{"type":"Polygon","coordinates":[[[-71.18758,42.33911],[-71.18768,42.33884],[-71.18775,42.33884],[-71.18776,42.33884],[-71.18778,42.33885],[-71.18778,42.33885],[-71.18778,42.33885],[-71.18779,42.33885],[-71.1878,42.33885],[-71.1878,42.33886],[-71.18781,42.33886],[-71.18782,42.33886],[-71.18782,42.33887],[-71.18783,42.33887],[-71.18783,42.33888],[-71.18783,42.33888],[-71.18784,42.33889],[-71.18784,42.33891],[-71.18784,42.33893],[-71.18784,42.33894],[-71.18784,42.33896],[-71.18783,42.33897],[-71.18783,42.33899],[-71.18782,42.339],[-71.18782,42.33902],[-71.18781,42.33903],[-71.1878,42.33905],[-71.18779,42.33906],[-71.18777,42.33909],[-71.18775,42.33912],[-71.18772,42.33915],[-71.18758,42.33911]]]},"properties":{"a":"EAST BOULEVARD RD","v":"NEWTON CENTRE","z":"SR2","zf":"SR2","lot":5179,"ac":0.119,"fr":57.0,"env":441,"ew":14.8,"eh":29.7,"lv":37300.0,"psf":7.2,"minlot":15000,"minfr":100.0,"conf":false,"bld":false,"ter":"moderate","slp":11.5,"elv":166.3,"ez":0,"cor":false,"flg":false,"lhd":false,"fld":false,"wet":false,"oc":"NEWTON"}},{"type":"Feature","geometry":{"type":"Polygon","coordinates":[[[-71.20344,42.36451],[-71.20363,42.36446],[-71.2037,42.3646],[-71.20378,42.36475],[-71.20369,42.36476],[-71.20357,42.36477],[-71.20344,42.36451]]]},"properties":{"a":"TRAVERSE ST","v":"NONANTUM","z":"MR1","zf":"MR1","lot":5489,"ac":0.126,"fr":54.8,"env":1829,"ew":30.6,"eh":59.9,"lv":28700.0,"psf":5.23,"minlot":7000,"minfr":70.0,"conf":false,"bld":true,"ter":"flat","slp":3.8,"elv":36.2,"ez":0,"cor":false,"flg":false,"lhd":false,"fld":false,"wet":false,"oc":"NEWTON"}},{"type":"Feature","geometry":{"type":"Polygon","coordinates":[[[-71.20314,42.31104],[-71.20326,42.31079],[-71.20377,42.31094],[-71.20376,42.31097],[-71.20375,42.31099],[-71.20375,42.31102],[-71.20372,42.31109],[-71.20369,42.31116],[-71.20368,42.31117],[-71.20367,42.31119],[-71.20367,42.3112],[-71.20354,42.31116],[-71.20314,42.31104]]]},"properties":{"a":"LEEWOOD RD","v":"NEWTON HIGHLANDS","z":"SR2","zf":"SR2","lot":14532,"ac":0.334,"fr":55.1,"env":4977,"ew":100.9,"eh":49.3,"lv":85300.0,"psf":5.87,"minlot":15000,"minfr":100.0,"conf":false,"bld":true,"ter":"gentle","slp":7.5,"elv":136.1,"ez":0,"cor":false,"flg":false,"lhd":false,"fld":false,"wet":false,"oc":"NEWTON"}},{"type":"Feature","geometry":{"type":"Polygon","coordinates":[[[-71.20368,42.34729],[-71.20367,42.34723],[-71.20366,42.3472],[-71.20368,42.34719],[-71.2037,42.34718],[-71.20379,42.34715],[-71.20386,42.34713],[-71.20387,42.34713],[-71.20393,42.34711],[-71.20397,42.34709],[-71.20398,42.34709],[-71.20399,42.34709],[-71.20401,42.34708],[-71.20404,42.34707],[-71.20404,42.34708],[-71.20404,42.34709],[-71.20404,42.3471],[-71.20405,42.34716],[-71.20407,42.34723],[-71.20407,42.34725],[-71.2039,42.34729],[-71.20381,42.34731],[-71.20375,42.34732],[-71.20373,42.34732],[-71.20372,42.34732],[-71.20371,42.34729],[-71.20368,42.34729]]]},"properties":{"a":"PHILLIPS LA","v":"NEWTONVILLE","z":"SR2","zf":"SR2","lot":5480,"ac":0.126,"fr":168.4,"env":0,"ew":0.0,"eh":0.0,"lv":37700.0,"psf":6.88,"minlot":15000,"minfr":100.0,"conf":false,"bld":false,"ter":"flat","slp":2.2,"elv":53.4,"ez":2,"cor":false,"flg":false,"lhd":false,"fld":true,"wet":false,"oc":"NEWTON"}},{"type":"Feature","geometry":{"type":"Polygon","coordinates":[[[-71.23265,42.35873],[-71.23278,42.35878],[-71.23278,42.35878],[-71.23279,42.35879],[-71.2328,42.35879],[-71.2328,42.3588],[-71.23281,42.3588],[-71.23281,42.35881],[-71.23281,42.35882],[-71.23281,42.35882],[-71.23281,42.35883],[-71.23272,42.35903],[-71.23259,42.35898],[-71.23251,42.35895],[-71.23265,42.35873]]]},"properties":{"a":"GRANT ST","v":"WEST NEWTON","z":"SR3","zf":"SR3","lot":5367,"ac":0.123,"fr":114.3,"env":627,"ew":15.2,"eh":41.2,"lv":29300.0,"psf":5.46,"minlot":10000,"minfr":80.0,"conf":false,"bld":false,"ter":"flat","slp":2.6,"elv":95.3,"ez":0,"cor":true,"flg":false,"lhd":false,"fld":false,"wet":false,"oc":"WEST NEWTON"}},{"type":"Feature","geometry":{"type":"Polygon","coordinates":[[[-71.21054,42.34158],[-71.21054,42.34156],[-71.21054,42.34155],[-71.21055,42.34154],[-71.21058,42.3414],[-71.21104,42.34143],[-71.21101,42.34163],[-71.2108,42.34161],[-71.21066,42.34159],[-71.21054,42.34158]]]},"properties":{"a":"BEAUMONT AVE","v":"NEWTONVILLE","z":"SR2","zf":"SR2","lot":8420,"ac":0.193,"fr":50.5,"env":4165,"ew":81.2,"eh":51.3,"lv":80200.0,"psf":9.52,"minlot":15000,"minfr":100.0,"conf":false,"bld":true,"ter":"gentle","slp":8.4,"elv":133.5,"ez":0,"cor":false,"flg":false,"lhd":false,"fld":false,"wet":false,"oc":"NEWTON"}},{"type":"Feature","geometry":{"type":"Polygon","coordinates":[[[-71.16713,42.32473],[-71.16728,42.32474],[-71.1673,42.32474],[-71.16743,42.32475],[-71.16743,42.32481],[-71.1674,42.32531],[-71.16734,42.32532],[-71.16729,42.32522],[-71.16729,42.32521],[-71.16728,42.32519],[-71.16727,42.32518],[-71.16727,42.32517],[-71.16726,42.32516],[-71.16725,42.32515],[-71.16724,42.32513],[-71.16723,42.32512],[-71.16723,42.32511],[-71.16722,42.32511],[-71.16722,42.3251],[-71.16718,42.32506],[-71.16716,42.32502],[-71.16713,42.32499],[-71.16712,42.32498],[-71.16712,42.32497],[-71.16712,42.32496],[-71.16712,42.32495],[-71.16713,42.32473]]]},"properties":{"a":"LONGWOOD RD","v":"CHESTNUT HILL","z":"SR1","zf":"SR1","lot":12998,"ac":0.298,"fr":117.9,"env":3471,"ew":34.8,"eh":99.6,"lv":123500.0,"psf":9.5,"minlot":25000,"minfr":125.0,"conf":false,"bld":false,"ter":"moderate","slp":12.2,"elv":187.5,"ez":0,"cor":false,"flg":false,"lhd":true,"fld":false,"wet":false,"oc":"NEWTON"}},{"type":"Feature","geometry":{"type":"Polygon","coordinates":[[[-71.2164,42.3555],[-71.21642,42.35553],[-71.21614,42.35564],[-71.21612,42.35561],[-71.2164,42.3555]]]},"properties":{"a":"WILDWOOD AVE","v":"NEWTONVILLE","z":"SR3","zf":"SR3","lot":802,"ac":0.018,"fr":10.3,"env":0,"ew":0.0,"eh":0.0,"lv":4500.0,"psf":5.61,"minlot":10000,"minfr":80.0,"conf":false,"bld":false,"ter":"flat","slp":4.2,"elv":45.4,"ez":0,"cor":false,"flg":false,"lhd":false,"fld":false,"wet":false,"oc":"NEWTON"}},{"type":"Feature","geometry":{"type":"Polygon","coordinates":[[[-71.24378,42.34601],[-71.24383,42.34591],[-71.24385,42.34588],[-71.24413,42.34596],[-71.24407,42.34609],[-71.24378,42.34601]]]},"properties":{"a":"SHERMAN PL","v":"AUBURNDALE","z":"MR1","zf":"MR1","lot":4099,"ac":0.094,"fr":98.9,"env":1335,"ew":44.4,"eh":30.0,"lv":21000.0,"psf":5.12,"minlot":7000,"minfr":70.0,"conf":false,"bld":true,"ter":"flat","slp":2.8,"elv":64.3,"ez":0,"cor":false,"flg":false,"lhd":false,"fld":false,"wet":false,"oc":"AUBURNDALE"}},{"type":"Feature","geometry":{"type":"Polygon","coordinates":[[[-71.1614,42.32987],[-71.16142,42.32985],[-71.16143,42.32983],[-71.16143,42.32982],[-71.16145,42.32981],[-71.16146,42.32979],[-71.16147,42.32978],[-71.16148,42.32977],[-71.16151,42.32972],[-71.16153,42.3297],[-71.16155,42.32967],[-71.16157,42.32965],[-71.16157,42.32964],[-71.16157,42.32964],[-71.16179,42.32976],[-71.16182,42.32978],[-71.16195,42.32986],[-71.16172,42.33],[-71.16171,42.33],[-71.16167,42.32998],[-71.1614,42.32987]]]},"properties":{"a":"CHESTNUT HILL RD","v":"CHESTNUT HILL","z":"SR1","zf":"SR1","lot":9914,"ac":0.228,"fr":50.3,"env":1892,"ew":34.9,"eh":54.2,"lv":104200.0,"psf":10.51,"minlot":25000,"minfr":125.0,"conf":false,"bld":false,"ter":"moderate","slp":12.8,"elv":235.8,"ez":0,"cor":false,"flg":false,"lhd":true,"fld":false,"wet":false,"oc":"NEWTON"}},{"type":"Feature","geometry":{"type":"Polygon","coordinates":[[[-71.20527,42.34616],[-71.20529,42.34623],[-71.20532,42.34633],[-71.20532,42.34634],[-71.20532,42.34634],[-71.20533,42.34637],[-71.20529,42.34637],[-71.20526,42.34637],[-71.20515,42.34639],[-71.20501,42.34644],[-71.20501,42.34643],[-71.205,42.34634],[-71.20499,42.34631],[-71.20498,42.34628],[-71.20501,42.34624],[-71.20502,42.34623],[-71.20527,42.34616]]]},"properties":{"a":"CLYDE ST","v":"NEWTONVILLE","z":"SR2","zf":"SR2","lot":5833,"ac":0.134,"fr":133.0,"env":471,"ew":30.9,"eh":15.2,"lv":40000.0,"psf":6.86,"minlot":15000,"minfr":100.0,"conf":false,"bld":false,"ter":"gentle","slp":7.8,"elv":62.8,"ez":1,"cor":true,"flg":false,"lhd":false,"fld":false,"wet":false,"oc":"NEWTON"}},{"type":"Feature","geometry":{"type":"Polygon","coordinates":[[[-71.20011,42.34555],[-71.20017,42.34554],[-71.2002,42.34574],[-71.20015,42.34574],[-71.20011,42.34555]]]},"properties":{"a":"HARVARD CIR","v":"NEWTONVILLE","z":"MR1","zf":"MR1","lot":732,"ac":0.017,"fr":14.1,"env":385,"ew":18.4,"eh":20.9,"lv":5000.0,"psf":6.83,"minlot":7000,"minfr":70.0,"conf":false,"bld":false,"ter":"moderate","slp":14.0,"elv":112.1,"ez":0,"cor":false,"flg":false,"lhd":false,"fld":false,"wet":false,"oc":"NEWTONVILLE"}},{"type":"Feature","geometry":{"type":"Polygon","coordinates":[[[-71.17379,42.33546],[-71.1738,42.33545],[-71.17381,42.33542],[-71.17386,42.33532],[-71.17389,42.33532],[-71.1739,42.33533],[-71.17391,42.33533],[-71.17392,42.33533],[-71.17393,42.33533],[-71.17394,42.33533],[-71.17395,42.33533],[-71.17396,42.33533],[-71.17397,42.33534],[-71.17399,42.33534],[-71.174,42.33534],[-71.17401,42.33534],[-71.17403,42.33534],[-71.17403,42.33534],[-71.17404,42.33534],[-71.17406,42.33535],[-71.17407,42.33535],[-71.17408,42.33535],[-71.1741,42.33535],[-71.17412,42.33535],[-71.17413,42.33535],[-71.17415,42.33535],[-71.17416,42.33535],[-71.17417,42.33535],[-71.17417,42.33536],[-71.17418,42.33536],[-71.17419,42.33537],[-71.1742,42.33538],[-71.17421,42.33539],[-71.17421,42.33539],[-71.17421,42.3354],[-71.17421,42.33541],[-71.17421,42.33542],[-71.17413,42.33556],[-71.17379,42.33546]]]},"properties":{"a":"PRISCILLA RD","v":"CHESTNUT HILL","z":"SR2","zf":"SR2","lot":6926,"ac":0.159,"fr":53.7,"env":2023,"ew":49.4,"eh":41.0,"lv":61400.0,"psf":8.87,"minlot":15000,"minfr":100.0,"conf":false,"bld":true,"ter":"gentle","slp":6.8,"elv":227.2,"ez":0,"cor":false,"flg":false,"lhd":false,"fld":false,"wet":false,"oc":"CHESTNUT HILL"}},{"type":"Feature","geometry":{"type":"Polygon","coordinates":[[[-71.23855,42.32276],[-71.23865,42.32267],[-71.23868,42.32264],[-71.23881,42.32262],[-71.23881,42.32285],[-71.23843,42.32288],[-71.23855,42.32276]]]},"properties":{"a":"ROKEBY RD","v":"WABAN","z":"SR2","zf":"SR2","lot":5201,"ac":0.119,"fr":36.2,"env":2278,"ew":56.7,"eh":40.2,"lv":3300.0,"psf":0.63,"minlot":15000,"minfr":100.0,"conf":false,"bld":true,"ter":"moderate","slp":12.0,"elv":93.0,"ez":0,"cor":false,"flg":true,"lhd":false,"fld":false,"wet":false,"oc":"WESTBOROUGH"}},{"type":"Feature","geometry":{"type":"Polygon","coordinates":[[[-71.22154,42.36079],[-71.22156,42.36077],[-71.22164,42.3607],[-71.22175,42.36072],[-71.22181,42.36073],[-71.22187,42.36074],[-71.22187,42.36076],[-71.22185,42.36085],[-71.22154,42.36079]]]},"properties":{"a":"HARDING ST","v":"WEST NEWTON","z":"SR3","zf":"SR3","lot":4099,"ac":0.094,"fr":31.1,"env":526,"ew":35.1,"eh":15.0,"lv":23500.0,"psf":5.73,"minlot":10000,"minfr":80.0,"conf":false,"bld":false,"ter":"flat","slp":4.4,"elv":50.8,"ez":0,"cor":false,"flg":false,"lhd":false,"fld":false,"wet":false,"oc":"NEWTON"}},{"type":"Feature","geometry":{"type":"Polygon","coordinates":[[[-71.18893,42.32125],[-71.18894,42.32138],[-71.18894,42.3214],[-71.1886,42.32141],[-71.1886,42.32131],[-71.18863,42.32126],[-71.18893,42.32125]]]},"properties":{"a":"CYPRESS ST REAR","v":"THOMPSONVILLE","z":"SR3","zf":"SR3","lot":4826,"ac":0.111,"fr":35.7,"env":2264,"ew":61.6,"eh":36.8,"lv":32300.0,"psf":6.69,"minlot":10000,"minfr":80.0,"conf":false,"bld":true,"ter":"gentle","slp":5.5,"elv":174.1,"ez":1,"cor":false,"flg":true,"lhd":false,"fld":false,"wet":false,"oc":"NEWTON"}},{"type":"Feature","geometry":{"type":"Polygon","coordinates":[[[-71.18677,42.34023],[-71.18683,42.33997],[-71.1869,42.33999],[-71.18696,42.34012],[-71.18699,42.34019],[-71.18701,42.34024],[-71.18698,42.34024],[-71.18692,42.34024],[-71.18677,42.34023]]]},"properties":{"a":"IRELAND RD","v":"NEWTON CENTRE","z":"SR2","zf":"SR2","lot":3859,"ac":0.089,"fr":22.0,"env":1512,"ew":49.6,"eh":30.5,"lv":27800.0,"psf":7.2,"minlot":15000,"minfr":100.0,"conf":false,"bld":true,"ter":"moderate","slp":12.2,"elv":156.5,"ez":1,"cor":false,"flg":false,"lhd":false,"fld":false,"wet":false,"oc":"NEWTON"}},{"type":"Feature","geometry":{"type":"Polygon","coordinates":[[[-71.1651,42.32427],[-71.16532,42.32411],[-71.16535,42.32413],[-71.1654,42.32418],[-71.1653,42.32424],[-71.16513,42.32434],[-71.1651,42.32427]]]},"properties":{"a":"HAMMOND ST REAR","v":"CHESTNUT HILL","z":"SR1","zf":"SR1","lot":3027,"ac":0.07,"fr":28.9,"env":0,"ew":0.0,"eh":0.0,"lv":32800.0,"psf":10.83,"minlot":25000,"minfr":125.0,"conf":false,"bld":false,"ter":"gentle","slp":6.9,"elv":198.7,"ez":0,"cor":false,"flg":true,"lhd":false,"fld":false,"wet":false,"oc":"CHESTNUT HILL"}},{"type":"Feature","geometry":{"type":"Polygon","coordinates":[[[-71.17588,42.33764],[-71.17591,42.33751],[-71.17584,42.33738],[-71.17589,42.33737],[-71.17595,42.33735],[-71.17599,42.33734],[-71.176,42.33734],[-71.17601,42.33733],[-71.17605,42.33732],[-71.17614,42.33749],[-71.1761,42.33766],[-71.17588,42.33764]]]},"properties":{"a":"COMMONWEALTH AVE","v":"CHESTNUT HILL","z":"MR1","zf":"MR1","lot":6761,"ac":0.155,"fr":112.7,"env":0,"ew":0.0,"eh":0.0,"lv":60000.0,"psf":8.88,"minlot":7000,"minfr":70.0,"conf":false,"bld":false,"ter":"steep","slp":15.2,"elv":243.1,"ez":0,"cor":true,"flg":false,"lhd":false,"fld":false,"wet":false,"oc":"NEWTON"}},{"type":"Feature","geometry":{"type":"Polygon","coordinates":[[[-71.20522,42.31962],[-71.20528,42.31974],[-71.20528,42.31975],[-71.20528,42.31975],[-71.20528,42.31976],[-71.20528,42.31976],[-71.20528,42.31977],[-71.20528,42.31977],[-71.20528,42.31977],[-71.20529,42.31978],[-71.20529,42.31978],[-71.2053,42.31978],[-71.2053,42.31978],[-71.20535,42.31988],[-71.20522,42.31994],[-71.20519,42.31991],[-71.20517,42.31987],[-71.20508,42.31972],[-71.20503,42.31964],[-71.20522,42.31962]]]},"properties":{"a":"MULLEN CT","v":"NEWTON HIGHLANDS","z":"MR2","zf":"MR2/MRT","lot":5489,"ac":0.126,"fr":88.1,"env":316,"ew":15.5,"eh":20.3,"lv":36800.0,"psf":6.7,"minlot":7000,"minfr":70.0,"conf":false,"bld":false,"ter":"flat","slp":2.3,"elv":135.1,"ez":0,"cor":false,"flg":false,"lhd":false,"fld":false,"wet":false,"oc":"QUINCY"}},{"type":"Feature","geometry":{"type":"Polygon","coordinates":[[[-71.18796,42.35984],[-71.18808,42.35984],[-71.18817,42.35983],[-71.18818,42.35983],[-71.18818,42.35983],[-71.1882,42.35984],[-71.18822,42.35984],[-71.18823,42.35984],[-71.18825,42.35985],[-71.18829,42.35986],[-71.1883,42.35987],[-71.18831,42.35987],[-71.18831,42.35988],[-71.18831,42.35989],[-71.1883,42.35992],[-71.18796,42.35984]]]},"properties":{"a":"BOYD ST","v":"NEWTON CORNER","z":"MR2","zf":"MR2","lot":915,"ac":0.021,"fr":166.0,"env":0,"ew":0.0,"eh":0.0,"lv":4700.0,"psf":5.14,"minlot":7000,"minfr":70.0,"conf":false,"bld":false,"ter":"flat","slp":1.1,"elv":46.0,"ez":0,"cor":false,"flg":false,"lhd":false,"fld":false,"wet":false,"oc":"WATERTOWN"}},{"type":"Feature","geometry":{"type":"Polygon","coordinates":[[[-71.20009,42.35633],[-71.20022,42.35644],[-71.20024,42.35646],[-71.2001,42.35656],[-71.20008,42.35655],[-71.20006,42.35653],[-71.19998,42.35647],[-71.19996,42.35645],[-71.19997,42.35642],[-71.19999,42.3564],[-71.20009,42.35633]]]},"properties":{"a":"CLINTON ST","v":"NONANTUM","z":"MR2","zf":"MR2","lot":3302,"ac":0.076,"fr":73.1,"env":300,"ew":14.8,"eh":20.3,"lv":17200.0,"psf":5.21,"minlot":7000,"minfr":70.0,"conf":false,"bld":false,"ter":"flat","slp":3.3,"elv":47.0,"ez":0,"cor":true,"flg":false,"lhd":false,"fld":false,"wet":false,"oc":"NEWTON"}},{"type":"Feature","geometry":{"type":"Polygon","coordinates":[[[-71.23054,42.36246],[-71.23077,42.36251],[-71.2308,42.36252],[-71.23046,42.36262],[-71.23047,42.3626],[-71.23047,42.3626],[-71.23048,42.36259],[-71.23048,42.36259],[-71.23049,42.36256],[-71.2305,42.36254],[-71.23054,42.36246]]]},"properties":{"a":"PARMENTER RD OFF","v":"WEST NEWTON","z":"SR3","zf":"SR3","lot":1734,"ac":0.04,"fr":9.9,"env":0,"ew":0.0,"eh":0.0,"lv":9600.0,"psf":5.54,"minlot":10000,"minfr":80.0,"conf":false,"bld":false,"ter":"flat","slp":2.5,"elv":87.8,"ez":0,"cor":false,"flg":true,"lhd":false,"fld":false,"wet":false,"oc":"NEWTON"}},{"type":"Feature","geometry":{"type":"Polygon","coordinates":[[[-71.239,42.3592],[-71.23891,42.35917],[-71.23901,42.35904],[-71.23934,42.35919],[-71.23932,42.35933],[-71.239,42.3592]]]},"properties":{"a":"LEXINGTON ST","v":"WEST NEWTON","z":"SR3","zf":"SR3","lot":5663,"ac":0.13,"fr":52.8,"env":899,"ew":30.1,"eh":29.8,"lv":26400.0,"psf":4.66,"minlot":10000,"minfr":80.0,"conf":false,"bld":true,"ter":"moderate","slp":11.1,"elv":80.2,"ez":0,"cor":false,"flg":false,"lhd":false,"fld":false,"wet":false,"oc":"ALLSTON"}},{"type":"Feature","geometry":{"type":"Polygon","coordinates":[[[-71.23054,42.36246],[-71.23056,42.36241],[-71.23056,42.36241],[-71.23059,42.36234],[-71.23074,42.36237],[-71.23075,42.36237],[-71.23092,42.36242],[-71.23093,42.36242],[-71.23093,42.36243],[-71.23093,42.36244],[-71.23092,42.36247],[-71.23091,42.36249],[-71.2308,42.36252],[-71.23077,42.36251],[-71.23054,42.36246]]]},"properties":{"a":"PARMENTER RD","v":"WEST NEWTON","z":"SR3","zf":"SR3","lot":4169,"ac":0.096,"fr":10.3,"env":1301,"ew":51.1,"eh":25.5,"lv":22700.0,"psf":5.45,"minlot":10000,"minfr":80.0,"conf":false,"bld":true,"ter":"flat","slp":2.5,"elv":89.2,"ez":0,"cor":false,"flg":false,"lhd":false,"fld":false,"wet":false,"oc":"NEWTON"}},{"type":"Feature","geometry":{"type":"Polygon","coordinates":[[[-71.18138,42.30972],[-71.18138,42.30972],[-71.18144,42.30959],[-71.18146,42.30954],[-71.1815,42.30943],[-71.18151,42.30939],[-71.18151,42.30938],[-71.1816,42.3094],[-71.18155,42.30954],[-71.18155,42.30955],[-71.18154,42.30957],[-71.18154,42.30957],[-71.18154,42.30958],[-71.18153,42.30958],[-71.18153,42.30959],[-71.18152,42.3096],[-71.18149,42.30966],[-71.18147,42.30969],[-71.18144,42.30974],[-71.18138,42.30972]]]},"properties":{"a":"DUDLEY RD","v":"THOMPSONVILLE","z":"SR2","zf":"SR2","lot":2879,"ac":0.066,"fr":109.5,"env":0,"ew":0.0,"eh":0.0,"lv":23700.0,"psf":8.23,"minlot":15000,"minfr":100.0,"conf":false,"bld":false,"ter":"flat","slp":4.5,"elv":145.6,"ez":1,"cor":false,"flg":false,"lhd":false,"fld":false,"wet":false,"oc":"NEWTON"}},{"type":"Feature","geometry":{"type":"Polygon","coordinates":[[[-71.20469,42.31689],[-71.2048,42.31677],[-71.20493,42.31688],[-71.20493,42.31688],[-71.205,42.31694],[-71.20496,42.31697],[-71.20488,42.31702],[-71.20487,42.31703],[-71.20469,42.31689]]]},"properties":{"a":"WADE ST REAR","v":"NEWTON HIGHLANDS","z":"SR3","zf":"SR3","lot":3716,"ac":0.085,"fr":67.8,"env":0,"ew":0.0,"eh":0.0,"lv":23000.0,"psf":6.19,"minlot":10000,"minfr":80.0,"conf":false,"bld":false,"ter":"gentle","slp":5.7,"elv":137.3,"ez":0,"cor":false,"flg":true,"lhd":false,"fld":false,"wet":false,"oc":"NEWTON"}},{"type":"Feature","geometry":{"type":"Polygon","coordinates":[[[-71.2344,42.35684],[-71.23457,42.3566],[-71.23474,42.35667],[-71.23472,42.3567],[-71.23469,42.35673],[-71.23466,42.35677],[-71.23463,42.35681],[-71.23456,42.3569],[-71.23455,42.3569],[-71.23451,42.35688],[-71.2344,42.35684]]]},"properties":{"a":"LIND RD","v":"WEST NEWTON","z":"SR3","zf":"SR3","lot":4848,"ac":0.111,"fr":51.9,"env":1187,"ew":25.6,"eh":46.3,"lv":26600.0,"psf":5.49,"minlot":10000,"minfr":80.0,"conf":false,"bld":true,"ter":"flat","slp":3.2,"elv":63.6,"ez":0,"cor":false,"flg":false,"lhd":false,"fld":false,"wet":false,"oc":"NEWTON"}},{"type":"Feature","geometry":{"type":"Polygon","coordinates":[[[-71.21482,42.3546],[-71.21488,42.35458],[-71.2149,42.35461],[-71.21501,42.35475],[-71.21514,42.35494],[-71.21525,42.35509],[-71.21532,42.35518],[-71.21539,42.35528],[-71.21546,42.35537],[-71.21553,42.35547],[-71.21547,42.35549],[-71.21536,42.35535],[-71.21526,42.35521],[-71.21516,42.35507],[-71.21505,42.35492],[-71.21494,42.35477],[-71.21482,42.3546]]]},"properties":{"a":"ALBEMARLE RD REAR","v":"NEWTONVILLE","z":"SR3","zf":"SR3","lot":7505,"ac":0.172,"fr":40.0,"env":0,"ew":0.0,"eh":0.0,"lv":35000.0,"psf":4.66,"minlot":10000,"minfr":80.0,"conf":false,"bld":false,"ter":"gentle","slp":7.1,"elv":44.9,"ez":0,"cor":false,"flg":true,"lhd":false,"fld":false,"wet":false,"oc":"NEWTON"}},{"type":"Feature","geometry":{"type":"Polygon","coordinates":[[[-71.20046,42.34828],[-71.2005,42.34827],[-71.20054,42.34827],[-71.2006,42.34827],[-71.20062,42.34846],[-71.20054,42.34846],[-71.20048,42.34846],[-71.20047,42.34839],[-71.20046,42.34828]]]},"properties":{"a":"CABOT ST","v":"NEWTONVILLE","z":"MR1","zf":"MR1","lot":3358,"ac":0.077,"fr":30.1,"env":1446,"ew":35.3,"eh":40.9,"lv":21300.0,"psf":6.34,"minlot":7000,"minfr":70.0,"conf":false,"bld":true,"ter":"flat","slp":1.4,"elv":52.1,"ez":0,"cor":false,"flg":false,"lhd":false,"fld":false,"wet":false,"oc":"NEWTON"}},{"type":"Feature","geometry":{"type":"Polygon","coordinates":[[[-71.20029,42.34573],[-71.20026,42.34573],[-71.20023,42.34554],[-71.20027,42.34553],[-71.20029,42.34573]]]},"properties":{"a":"HARVARD CIR","v":"NEWTONVILLE","z":"MR1","zf":"MR1","lot":671,"ac":0.015,"fr":9.8,"env":374,"ew":17.9,"eh":20.9,"lv":4600.0,"psf":6.86,"minlot":7000,"minfr":70.0,"conf":false,"bld":false,"ter":"steep","slp":15.7,"elv":113.3,"ez":0,"cor":false,"flg":false,"lhd":false,"fld":false,"wet":false,"oc":"NEWTON"}},{"type":"Feature","geometry":{"type":"Polygon","coordinates":[[[-71.20401,42.31788],[-71.20425,42.31768],[-71.20429,42.31771],[-71.20434,42.31775],[-71.20436,42.31778],[-71.20421,42.31788],[-71.20408,42.31796],[-71.20401,42.31788]]]},"properties":{"a":"SHADY HILL RD","v":"NEWTON HIGHLANDS","z":"SR3","zf":"SR3","lot":4112,"ac":0.094,"fr":47.8,"env":512,"ew":25.2,"eh":20.3,"lv":25400.0,"psf":6.18,"minlot":10000,"minfr":80.0,"conf":false,"bld":false,"ter":"gentle","slp":7.9,"elv":139.0,"ez":0,"cor":false,"flg":false,"lhd":false,"fld":false,"wet":false,"oc":"NEWTON"}},{"type":"Feature","geometry":{"type":"Polygon","coordinates":[[[-71.23725,42.33929],[-71.23747,42.33921],[-71.23749,42.33933],[-71.23726,42.33934],[-71.23725,42.33929]]]},"properties":{"a":"DAY ST REAR","v":"AUBURNDALE","z":"SR3","zf":"SR3","lot":1969,"ac":0.045,"fr":43.7,"env":328,"ew":15.2,"eh":21.5,"lv":11400.0,"psf":5.79,"minlot":10000,"minfr":80.0,"conf":false,"bld":false,"ter":"gentle","slp":9.1,"elv":94.1,"ez":1,"cor":false,"flg":true,"lhd":false,"fld":false,"wet":false,"oc":"AUBURNDALE"}},{"type":"Feature","geometry":{"type":"Polygon","coordinates":[[[-71.23356,42.35234],[-71.23379,42.35233],[-71.23385,42.35247],[-71.23362,42.35247],[-71.23356,42.35234]]]},"properties":{"a":"AUBURNDALE AVE OFF","v":"WEST NEWTON","z":"MR1","zf":"MR1","lot":3228,"ac":0.074,"fr":64.3,"env":1261,"ew":50.7,"eh":24.9,"lv":20000.0,"psf":6.2,"minlot":7000,"minfr":70.0,"conf":false,"bld":true,"ter":"flat","slp":4.7,"elv":52.2,"ez":0,"cor":false,"flg":true,"lhd":false,"fld":false,"wet":false,"oc":"NEWTON"}},{"type":"Feature","geometry":{"type":"Polygon","coordinates":[[[-71.19327,42.36109],[-71.19317,42.36106],[-71.19321,42.36104],[-71.19322,42.36104],[-71.19322,42.36103],[-71.19323,42.36104],[-71.19324,42.36105],[-71.19325,42.36107],[-71.19327,42.36108],[-71.19327,42.36109],[-71.19327,42.36109]]]},"properties":{"a":"JACKSON RD","v":"NONANTUM","z":"MR2","zf":"MR2","lot":248,"ac":0.006,"fr":14.8,"env":0,"ew":0.0,"eh":0.0,"lv":1300.0,"psf":5.24,"minlot":7000,"minfr":70.0,"conf":false,"bld":false,"ter":"flat","slp":5.0,"elv":38.1,"ez":0,"cor":false,"flg":false,"lhd":false,"fld":false,"wet":false,"oc":"WATERTOWN"}},{"type":"Feature","geometry":{"type":"Polygon","coordinates":[[[-71.18877,42.35999],[-71.18876,42.36003],[-71.1884,42.35994],[-71.1884,42.35993],[-71.18841,42.35992],[-71.18841,42.35991],[-71.18842,42.35991],[-71.18842,42.3599],[-71.18843,42.3599],[-71.18843,42.35989],[-71.18844,42.35989],[-71.18848,42.35991],[-71.18849,42.35991],[-71.1885,42.35991],[-71.18853,42.35992],[-71.18855,42.35993],[-71.18856,42.35993],[-71.18857,42.35993],[-71.18858,42.35994],[-71.18859,42.35994],[-71.18862,42.35995],[-71.18865,42.35996],[-71.18867,42.35996],[-71.18869,42.35997],[-71.18877,42.35999]]]},"properties":{"a":"BOYD ST","v":"NEWTON CORNER","z":"MR2","zf":"MR2","lot":767,"ac":0.018,"fr":136.5,"env":0,"ew":0.0,"eh":0.0,"lv":4000.0,"psf":5.22,"minlot":7000,"minfr":70.0,"conf":false,"bld":false,"ter":"flat","slp":2.4,"elv":45.7,"ez":0,"cor":false,"flg":false,"lhd":false,"fld":false,"wet":false,"oc":"WATERTOWN"}},{"type":"Feature","geometry":{"type":"Polygon","coordinates":[[[-71.21376,42.31677],[-71.21378,42.3167],[-71.21379,42.31667],[-71.2138,42.31664],[-71.21394,42.31666],[-71.21411,42.31668],[-71.2141,42.31672],[-71.21409,42.31675],[-71.21408,42.3168],[-71.21376,42.31677]]]},"properties":{"a":"ELLIOT ST","v":"NEWTON HIGHLANDS","z":"MR2","zf":"MR2","lot":3655,"ac":0.084,"fr":38.1,"env":1579,"ew":49.8,"eh":31.7,"lv":21300.0,"psf":5.83,"minlot":7000,"minfr":70.0,"conf":false,"bld":true,"ter":"flat","slp":4.3,"elv":125.6,"ez":0,"cor":false,"flg":false,"lhd":false,"fld":false,"wet":false,"oc":"NEWTON"}},{"type":"Feature","geometry":{"type":"Polygon","coordinates":[[[-71.22986,42.32105],[-71.22965,42.32123],[-71.22962,42.32126],[-71.22962,42.32126],[-71.22961,42.32124],[-71.22961,42.32122],[-71.2296,42.32117],[-71.2296,42.32114],[-71.22959,42.32111],[-71.22959,42.32108],[-71.22958,42.32106],[-71.22958,42.32103],[-71.22957,42.32101],[-71.22957,42.32099],[-71.22956,42.32097],[-71.22956,42.32096],[-71.22956,42.32096],[-71.22955,42.32094],[-71.22955,42.32092],[-71.22955,42.32092],[-71.22954,42.3209],[-71.22953,42.32088],[-71.22952,42.32085],[-71.22951,42.32084],[-71.22951,42.32083],[-71.2295,42.32082],[-71.2295,42.32081],[-71.2295,42.32081],[-71.2295,42.3208],[-71.22949,42.32079],[-71.22949,42.32078],[-71.22948,42.32077],[-71.22947,42.32075],[-71.22946,42.32072],[-71.2295,42.32076],[-71.22957,42.32082],[-71.22958,42.32083],[-71.2296,42.32084],[-71.22964,42.32088],[-71.22967,42.32091],[-71.22968,42.32092],[-71.2297,42.32093],[-71.22977,42.32099],[-71.22978,42.32099],[-71.22986,42.32105]]]},"properties":{"a":"QUINOBEQUIN RD","v":"WABAN","z":"SR2","zf":"SR2","lot":6813,"ac":0.156,"fr":196.5,"env":0,"ew":0.0,"eh":0.0,"lv":49700.0,"psf":7.3,"minlot":15000,"minfr":100.0,"conf":false,"bld":false,"ter":"moderate","slp":10.1,"elv":87.0,"ez":0,"cor":true,"flg":false,"lhd":false,"fld":false,"wet":false,"oc":"NEWTON"}},{"type":"Feature","geometry":{"type":"Polygon","coordinates":[[[-71.18456,42.34543],[-71.18458,42.34539],[-71.1846,42.34535],[-71.18463,42.34527],[-71.18526,42.34545],[-71.18529,42.34546],[-71.1853,42.34546],[-71.18529,42.3455],[-71.18529,42.34551],[-71.18526,42.34559],[-71.18456,42.34543]]]},"properties":{"a":"PARK AVE","v":"NEWTON CORNER","z":"SR2","zf":"SR2","lot":12149,"ac":0.279,"fr":60.0,"env":1872,"ew":74.7,"eh":25.0,"lv":96400.0,"psf":7.93,"minlot":15000,"minfr":100.0,"conf":false,"bld":true,"ter":"gentle","slp":7.3,"elv":173.0,"ez":0,"cor":false,"flg":false,"lhd":false,"fld":false,"wet":false,"oc":"NEWTON"}},{"type":"Feature","geometry":{"type":"Polygon","coordinates":[[[-71.23938,42.32292],[-71.23956,42.3229],[-71.23965,42.32289],[-71.23967,42.3229],[-71.23969,42.3229],[-71.2397,42.32291],[-71.23971,42.32292],[-71.23971,42.32293],[-71.23971,42.32293],[-71.23971,42.32295],[-71.23971,42.32296],[-71.23969,42.32304],[-71.23969,42.32306],[-71.23968,42.32306],[-71.23935,42.32307],[-71.23938,42.32292]]]},"properties":{"a":"IRWIN RD","v":"WABAN","z":"SR2","zf":"SR2","lot":5140,"ac":0.118,"fr":25.3,"env":1377,"ew":69.5,"eh":19.8,"lv":24800.0,"psf":4.82,"minlot":15000,"minfr":100.0,"conf":false,"bld":true,"ter":"moderate","slp":12.9,"elv":98.6,"ez":0,"cor":false,"flg":true,"lhd":false,"fld":false,"wet":false,"oc":"WESTBOROUGH"}},{"type":"Feature","geometry":{"type":"Polygon","coordinates":[[[-71.1569,42.33023],[-71.1571,42.3301],[-71.15713,42.33008],[-71.15725,42.33],[-71.15727,42.33001],[-71.15729,42.33004],[-71.15736,42.3301],[-71.15703,42.3303],[-71.1569,42.33023]]]},"properties":{"a":"MIDDLESEX RD OFF","v":"CHESTNUT HILL","z":"SR1","zf":"SR1","lot":5506,"ac":0.126,"fr":115.5,"env":0,"ew":0.0,"eh":0.0,"lv":48400.0,"psf":8.79,"minlot":25000,"minfr":125.0,"conf":false,"bld":false,"ter":"moderate","slp":10.8,"elv":136.7,"ez":0,"cor":false,"flg":true,"lhd":false,"fld":false,"wet":false,"oc":"BROOKLINE"}},{"type":"Feature","geometry":{"type":"Polygon","coordinates":[[[-71.17294,42.31861],[-71.17313,42.31847],[-71.17319,42.31855],[-71.17314,42.31858],[-71.173,42.31866],[-71.17294,42.31861]]]},"properties":{"a":"BOYLSTON ST REAR","v":"THOMPSONVILLE","z":"MR3","zf":"MR3","lot":1642,"ac":0.038,"fr":32.5,"env":0,"ew":0.0,"eh":0.0,"lv":10900.0,"psf":6.64,"minlot":6000,"minfr":60.0,"conf":false,"bld":false,"ter":"gentle","slp":6.1,"elv":171.0,"ez":1,"cor":false,"flg":true,"lhd":false,"fld":false,"wet":false,"oc":"CHESTNUT HILL"}},{"type":"Feature","geometry":{"type":"Polygon","coordinates":[[[-71.2328,42.36193],[-71.23262,42.36198],[-71.23263,42.36194],[-71.23264,42.36194],[-71.23265,42.3619],[-71.23267,42.3619],[-71.2327,42.36191],[-71.2328,42.36193]]]},"properties":{"a":"WASHINGTON AVE","v":"WEST NEWTON","z":"SR3","zf":"SR3","lot":192,"ac":0.004,"fr":28.7,"env":0,"ew":0.0,"eh":0.0,"lv":1100.0,"psf":5.74,"minlot":10000,"minfr":80.0,"conf":false,"bld":false,"ter":"flat","slp":2.1,"elv":96.8,"ez":0,"cor":false,"flg":false,"lhd":false,"fld":false,"wet":false,"oc":"WALTHAM"}},{"type":"Feature","geometry":{"type":"Polygon","coordinates":[[[-71.24953,42.32806],[-71.24974,42.32785],[-71.24974,42.32787],[-71.24975,42.32792],[-71.24977,42.32805],[-71.24975,42.32806],[-71.24974,42.32806],[-71.24967,42.3281],[-71.24966,42.3281],[-71.24964,42.32811],[-71.24959,42.32814],[-71.24956,42.3281],[-71.24955,42.32808],[-71.24953,42.32806]]]},"properties":{"a":"WABAN AVE","v":"NEWTON LOWER FALLS","z":"SR2","zf":"SR2","lot":3341,"ac":0.077,"fr":47.0,"env":512,"ew":25.6,"eh":20.0,"lv":28600.0,"psf":8.56,"minlot":15000,"minfr":100.0,"conf":false,"bld":false,"ter":"moderate","slp":11.7,"elv":102.5,"ez":0,"cor":false,"flg":true,"lhd":false,"fld":false,"wet":false,"oc":"NEWTON"}},{"type":"Feature","geometry":{"type":"Polygon","coordinates":[[[-71.21689,42.31961],[-71.2169,42.3196],[-71.21709,42.31936],[-71.21726,42.31945],[-71.21712,42.31962],[-71.21708,42.31966],[-71.21706,42.31968],[-71.21705,42.31968],[-71.21689,42.31961]]]},"properties":{"a":"HARRISON ST","v":"NEWTON HIGHLANDS","z":"SR2","zf":"SR2","lot":5502,"ac":0.126,"fr":51.3,"env":1218,"ew":29.9,"eh":40.7,"lv":28600.0,"psf":5.2,"minlot":15000,"minfr":100.0,"conf":false,"bld":true,"ter":"flat","slp":2.5,"elv":147.1,"ez":0,"cor":false,"flg":false,"lhd":false,"fld":false,"wet":false,"oc":"NEWTON"}},{"type":"Feature","geometry":{"type":"Polygon","coordinates":[[[-71.2539,42.34958],[-71.25416,42.34948],[-71.25438,42.34948],[-71.2545,42.34952],[-71.25445,42.34965],[-71.25406,42.34982],[-71.2539,42.34958]]]},"properties":{"a":"DUFFIELD RD REAR","v":"AUBURNDALE","z":"SR3","zf":"SR3","lot":11827,"ac":0.272,"fr":49.3,"env":4186,"ew":69.0,"eh":60.7,"lv":29800.0,"psf":2.52,"minlot":10000,"minfr":80.0,"conf":false,"bld":true,"ter":"gentle","slp":7.8,"elv":51.9,"ez":0,"cor":false,"flg":true,"lhd":false,"fld":false,"wet":false,"oc":"AUBURNDALE"}},{"type":"Feature","geometry":{"type":"Polygon","coordinates":[[[-71.24785,42.35172],[-71.24788,42.35172],[-71.24788,42.35202],[-71.24785,42.35172]]]},"properties":{"a":"WEST PINE ST","v":"AUBURNDALE","z":"SR3","zf":"SR3","lot":383,"ac":0.009,"fr":109.7,"env":0,"ew":0.0,"eh":0.0,"lv":2500.0,"psf":6.52,"minlot":10000,"minfr":80.0,"conf":false,"bld":false,"ter":"gentle","slp":6.8,"elv":74.1,"ez":0,"cor":false,"flg":true,"lhd":false,"fld":false,"wet":false,"oc":"AUBURNDALE"}},{"type":"Feature","geometry":{"type":"Polygon","coordinates":[[[-71.18672,42.33911],[-71.18677,42.33893],[-71.18678,42.33889],[-71.1868,42.33882],[-71.1869,42.33882],[-71.18692,42.33882],[-71.18698,42.33882],[-71.18699,42.33882],[-71.187,42.33882],[-71.18702,42.33883],[-71.18703,42.33884],[-71.18703,42.33884],[-71.18703,42.33885],[-71.18703,42.33886],[-71.18703,42.33887],[-71.18703,42.33888],[-71.18703,42.33889],[-71.18702,42.3389],[-71.1869,42.33906],[-71.1869,42.33908],[-71.18689,42.33909],[-71.18689,42.33909],[-71.18688,42.3391],[-71.18686,42.33912],[-71.18679,42.33911],[-71.18672,42.33911]]]},"properties":{"a":"WARD ST","v":"NEWTON CENTRE","z":"SR2","zf":"SR2","lot":6351,"ac":0.146,"fr":108.4,"env":0,"ew":0.0,"eh":0.0,"lv":50900.0,"psf":8.01,"minlot":15000,"minfr":100.0,"conf":false,"bld":false,"ter":"gentle","slp":8.5,"elv":173.5,"ez":0,"cor":true,"flg":false,"lhd":false,"fld":false,"wet":false,"oc":"NEWTON"}},{"type":"Feature","geometry":{"type":"Polygon","coordinates":[[[-71.20026,42.35065],[-71.20037,42.35062],[-71.20038,42.35062],[-71.20039,42.35062],[-71.2004,42.35062],[-71.20045,42.35072],[-71.20044,42.35072],[-71.20043,42.35073],[-71.20043,42.35073],[-71.20031,42.35076],[-71.20027,42.35067],[-71.20026,42.35065]]]},"properties":{"a":"NORWOOD AVE NVL","v":"NEWTONVILLE","z":"MR1","zf":"MR1","lot":1490,"ac":0.034,"fr":30.5,"env":0,"ew":0.0,"eh":0.0,"lv":10200.0,"psf":6.85,"minlot":7000,"minfr":70.0,"conf":false,"bld":false,"ter":"gentle","slp":5.4,"elv":50.2,"ez":1,"cor":false,"flg":false,"lhd":false,"fld":false,"wet":false,"oc":"SUDBURY"}},{"type":"Feature","geometry":{"type":"Polygon","coordinates":[[[-71.2125,42.35973],[-71.21256,42.3597],[-71.21258,42.35969],[-71.21261,42.35967],[-71.21285,42.35985],[-71.2129,42.35989],[-71.21291,42.3599],[-71.21299,42.35996],[-71.21263,42.35985],[-71.2125,42.35973]]]},"properties":{"a":"CALIFORNIA ST","v":"NONANTUM","z":"SR3","zf":"SR3","lot":4247,"ac":0.098,"fr":29.8,"env":514,"ew":20.3,"eh":25.3,"lv":22500.0,"psf":5.3,"minlot":10000,"minfr":80.0,"conf":false,"bld":false,"ter":"flat","slp":2.0,"elv":50.7,"ez":0,"cor":false,"flg":false,"lhd":false,"fld":false,"wet":false,"oc":"NEWTON"}},{"type":"Feature","geometry":{"type":"Polygon","coordinates":[[[-71.23922,42.3223],[-71.23928,42.32229],[-71.23934,42.32228],[-71.23941,42.32227],[-71.23944,42.32226],[-71.23945,42.32226],[-71.23947,42.32225],[-71.23947,42.32237],[-71.23948,42.32253],[-71.23926,42.32256],[-71.23923,42.32256],[-71.23922,42.3223]]]},"properties":{"a":"QUINOBEQUIN RD","v":"WABAN","z":"SR2","zf":"SR2","lot":5650,"ac":0.13,"fr":53.1,"env":3595,"ew":71.0,"eh":50.7,"lv":2800.0,"psf":0.5,"minlot":15000,"minfr":100.0,"conf":false,"bld":false,"ter":"flat","slp":3.5,"elv":69.4,"ez":0,"cor":false,"flg":false,"lhd":false,"fld":false,"wet":true,"oc":"WESTBOROUGH"}},{"type":"Feature","geometry":{"type":"Polygon","coordinates":[[[-71.20174,42.31414],[-71.20174,42.31418],[-71.20132,42.31424],[-71.20127,42.31405],[-71.20124,42.31394],[-71.20174,42.31414]]]},"properties":{"a":"WALNUT ST","v":"NEWTON HIGHLANDS","z":"SR3","zf":"SR3","lot":7884,"ac":0.181,"fr":17.7,"env":2667,"ew":65.9,"eh":40.5,"lv":45200.0,"psf":5.73,"minlot":10000,"minfr":80.0,"conf":false,"bld":true,"ter":"gentle","slp":5.6,"elv":116.4,"ez":2,"cor":false,"flg":false,"lhd":false,"fld":false,"wet":false,"oc":"NEWTON"}},{"type":"Feature","geometry":{"type":"Polygon","coordinates":[[[-71.2158,42.35586],[-71.21607,42.35576],[-71.21608,42.35579],[-71.21614,42.35587],[-71.2161,42.35588],[-71.21599,42.35592],[-71.21587,42.35596],[-71.2158,42.35586]]]},"properties":{"a":"WILDWOOD AVE","v":"NEWTONVILLE","z":"SR3","zf":"SR3","lot":3202,"ac":0.073,"fr":41.9,"env":691,"ew":45.6,"eh":15.2,"lv":18400.0,"psf":5.75,"minlot":10000,"minfr":80.0,"conf":false,"bld":false,"ter":"flat","slp":4.2,"elv":40.3,"ez":1,"cor":false,"flg":false,"lhd":false,"fld":false,"wet":false,"oc":"WABAN"}},{"type":"Feature","geometry":{"type":"Polygon","coordinates":[[[-71.18467,42.3378],[-71.18479,42.33771],[-71.18483,42.33769],[-71.18508,42.33752],[-71.18522,42.33763],[-71.18536,42.33765],[-71.18521,42.33777],[-71.18517,42.3378],[-71.18506,42.33788],[-71.18467,42.3378]]]},"properties":{"a":"AVONDALE RD","v":"CHESTNUT HILL","z":"SR2","zf":"SR2","lot":10886,"ac":0.25,"fr":45.9,"env":1784,"ew":44.3,"eh":40.3,"lv":81400.0,"psf":7.48,"minlot":15000,"minfr":100.0,"conf":false,"bld":true,"ter":"moderate","slp":10.7,"elv":167.0,"ez":0,"cor":false,"flg":true,"lhd":false,"fld":false,"wet":false,"oc":"NEWTON CENTRE"}},{"type":"Feature","geometry":{"type":"Polygon","coordinates":[[[-71.19425,42.36025],[-71.19438,42.36009],[-71.19439,42.36009],[-71.1944,42.36008],[-71.1944,42.36007],[-71.1944,42.36007],[-71.19441,42.36007],[-71.19441,42.36007],[-71.19442,42.36006],[-71.19443,42.36006],[-71.19443,42.36006],[-71.19445,42.36006],[-71.19446,42.36006],[-71.19446,42.36006],[-71.19447,42.36007],[-71.19458,42.36011],[-71.19434,42.36041],[-71.19433,42.36039],[-71.19425,42.36025]]]},"properties":{"a":"JACKSON RD","v":"NONANTUM","z":"MR2","zf":"MR2","lot":4922,"ac":0.113,"fr":103.2,"env":236,"ew":15.6,"eh":15.2,"lv":25600.0,"psf":5.2,"minlot":7000,"minfr":70.0,"conf":false,"bld":false,"ter":"gentle","slp":5.0,"elv":38.2,"ez":0,"cor":true,"flg":false,"lhd":false,"fld":false,"wet":false,"oc":"NEWTON"}},{"type":"Feature","geometry":{"type":"Polygon","coordinates":[[[-71.19867,42.35161],[-71.19872,42.35159],[-71.19877,42.35157],[-71.19891,42.35151],[-71.19894,42.35155],[-71.19895,42.35156],[-71.19899,42.35161],[-71.19876,42.35172],[-71.19873,42.35168],[-71.19867,42.35161]]]},"properties":{"a":"CARTER ST","v":"NEWTONVILLE","z":"MR1","zf":"MR1","lot":3376,"ac":0.077,"fr":41.0,"env":777,"ew":25.3,"eh":30.7,"lv":23200.0,"psf":6.87,"minlot":7000,"minfr":70.0,"conf":false,"bld":false,"ter":"moderate","slp":12.9,"elv":45.0,"ez":0,"cor":false,"flg":false,"lhd":false,"fld":false,"wet":false,"oc":"NEWTON"}},{"type":"Feature","geometry":{"type":"Polygon","coordinates":[[[-71.21396,42.31727],[-71.21397,42.31721],[-71.21398,42.31717],[-71.21399,42.31715],[-71.21397,42.31715],[-71.21399,42.31702],[-71.21401,42.31702],[-71.2141,42.31704],[-71.21414,42.31704],[-71.21416,42.31704],[-71.21414,42.31714],[-71.21412,42.31725],[-71.21411,42.31728],[-71.21408,42.31728],[-71.21407,42.31728],[-71.21404,42.31727],[-71.21396,42.31727]]]},"properties":{"a":"FRANCES ST  HGH","v":"NEWTON HIGHLANDS","z":"MR2","zf":"MR2","lot":3825,"ac":0.088,"fr":26.0,"env":1642,"ew":29.7,"eh":55.3,"lv":22400.0,"psf":5.86,"minlot":7000,"minfr":70.0,"conf":false,"bld":true,"ter":"gentle","slp":7.9,"elv":127.6,"ez":0,"cor":false,"flg":false,"lhd":false,"fld":false,"wet":false,"oc":"NEWTON"}},{"type":"Feature","geometry":{"type":"Polygon","coordinates":[[[-71.21717,42.31172],[-71.21727,42.31163],[-71.21747,42.31174],[-71.21743,42.31186],[-71.21717,42.31172]]]},"properties":{"a":"WETHERELL ST","v":"NEWTON UPPER FALLS","z":"MR1","zf":"MR1","lot":3241,"ac":0.074,"fr":41.0,"env":616,"ew":24.9,"eh":24.7,"lv":18900.0,"psf":5.83,"minlot":7000,"minfr":70.0,"conf":false,"bld":false,"ter":"moderate","slp":10.2,"elv":140.2,"ez":0,"cor":false,"flg":false,"lhd":false,"fld":false,"wet":false,"oc":"CHESTNUT HILL"}},{"type":"Feature","geometry":{"type":"Polygon","coordinates":[[[-71.24072,42.32778],[-71.24097,42.32742],[-71.24097,42.32742],[-71.24098,42.32743],[-71.24101,42.32744],[-71.24103,42.32745],[-71.24104,42.32746],[-71.24105,42.32746],[-71.24106,42.32747],[-71.24082,42.32782],[-71.24072,42.32778]]]},"properties":{"a":"NEHOIDEN RD","v":"WABAN","z":"SR2","zf":"SR2","lot":4251,"ac":0.098,"fr":143.8,"env":0,"ew":0.0,"eh":0.0,"lv":36300.0,"psf":8.54,"minlot":15000,"minfr":100.0,"conf":false,"bld":false,"ter":"very_steep","slp":148.4,"elv":122.2,"ez":0,"cor":false,"flg":true,"lhd":false,"fld":false,"wet":false,"oc":"WABAN"}},{"type":"Feature","geometry":{"type":"Polygon","coordinates":[[[-71.22476,42.32603],[-71.22476,42.32603],[-71.22477,42.32602],[-71.22478,42.326],[-71.22486,42.32592],[-71.22497,42.32597],[-71.22509,42.32603],[-71.22514,42.32605],[-71.2252,42.32608],[-71.22517,42.32612],[-71.22511,42.32619],[-71.22476,42.32603]]]},"properties":{"a":"HOMESTEAD ST","v":"WABAN","z":"SR2","zf":"SR2","lot":5502,"ac":0.126,"fr":19.8,"env":0,"ew":0.0,"eh":0.0,"lv":42000.0,"psf":7.63,"minlot":15000,"minfr":100.0,"conf":false,"bld":false,"ter":"gentle","slp":7.7,"elv":132.0,"ez":0,"cor":false,"flg":true,"lhd":false,"fld":false,"wet":false,"oc":"WABAN"}},{"type":"Feature","geometry":{"type":"Polygon","coordinates":[[[-71.20933,42.30759],[-71.20947,42.30733],[-71.20963,42.30738],[-71.20964,42.30738],[-71.20963,42.30741],[-71.20957,42.30752],[-71.20951,42.30764],[-71.2095,42.30764],[-71.20933,42.30759]]]},"properties":{"a":"CHARLEMONT ST","v":"NEWTON UPPER FALLS","z":"SR3","zf":"SR3","lot":5001,"ac":0.115,"fr":48.1,"env":1566,"ew":30.8,"eh":50.9,"lv":29200.0,"psf":5.84,"minlot":10000,"minfr":80.0,"conf":false,"bld":true,"ter":"steep","slp":15.0,"elv":148.9,"ez":0,"cor":false,"flg":false,"lhd":false,"fld":false,"wet":false,"oc":"NEWTON"}},{"type":"Feature","geometry":{"type":"Polygon","coordinates":[[[-71.23204,42.36209],[-71.23212,42.36211],[-71.23215,42.36211],[-71.23216,42.36212],[-71.23202,42.36216],[-71.23204,42.36209]]]},"properties":{"a":"FULLER ST  WST","v":"WEST NEWTON","z":"SR3","zf":"SR3","lot":200,"ac":0.005,"fr":22.9,"env":0,"ew":0.0,"eh":0.0,"lv":1100.0,"psf":5.49,"minlot":10000,"minfr":80.0,"conf":false,"bld":false,"ter":"flat","slp":2.1,"elv":94.2,"ez":0,"cor":false,"flg":true,"lhd":false,"fld":false,"wet":false,"oc":"ASHLAND"}},{"type":"Feature","geometry":{"type":"Polygon","coordinates":[[[-71.21749,42.31851],[-71.21744,42.31827],[-71.21751,42.31826],[-71.21757,42.31853],[-71.21756,42.31854],[-71.21752,42.31854],[-71.2175,42.31854],[-71.21749,42.31851]]]},"properties":{"a":"BOYLSTON ST","v":"NEWTON UPPER FALLS","z":"MR1","zf":"MR1","lot":1999,"ac":0.046,"fr":20.8,"env":326,"ew":15.9,"eh":20.4,"lv":10400.0,"psf":5.2,"minlot":7000,"minfr":70.0,"conf":false,"bld":false,"ter":"flat","slp":4.5,"elv":144.9,"ez":1,"cor":false,"flg":false,"lhd":false,"fld":false,"wet":false,"oc":"NEWTON"}},{"type":"Feature","geometry":{"type":"Polygon","coordinates":[[[-71.21533,42.35405],[-71.2156,42.35394],[-71.21567,42.35404],[-71.2154,42.35414],[-71.21533,42.35405]]]},"properties":{"a":"KENSINGTON ST","v":"NEWTONVILLE","z":"SR3","zf":"SR3","lot":3202,"ac":0.073,"fr":41.1,"env":526,"ew":35.6,"eh":14.8,"lv":18400.0,"psf":5.75,"minlot":10000,"minfr":80.0,"conf":false,"bld":false,"ter":"flat","slp":4.0,"elv":46.5,"ez":0,"cor":false,"flg":false,"lhd":false,"fld":false,"wet":false,"oc":"WEST NEWTON"}},{"type":"Feature","geometry":{"type":"Polygon","coordinates":[[[-71.17638,42.33374],[-71.1764,42.33369],[-71.17642,42.33366],[-71.17646,42.33358],[-71.17688,42.3337],[-71.17683,42.33382],[-71.17682,42.33385],[-71.17682,42.33386],[-71.17638,42.33374]]]},"properties":{"a":"TUDOR RD","v":"CHESTNUT HILL","z":"SR1","zf":"SR1","lot":7440,"ac":0.171,"fr":61.2,"env":1305,"ew":64.5,"eh":20.2,"lv":74600.0,"psf":10.03,"minlot":25000,"minfr":125.0,"conf":false,"bld":true,"ter":"flat","slp":4.4,"elv":237.4,"ez":0,"cor":false,"flg":false,"lhd":false,"fld":false,"wet":false,"oc":"CHESTNUT HILL"}},{"type":"Feature","geometry":{"type":"Polygon","coordinates":[[[-71.24225,42.33047],[-71.24256,42.33024],[-71.24281,42.33041],[-71.24282,42.33042],[-71.24253,42.33068],[-71.24225,42.33047]]]},"properties":{"a":"LONGWELL RD","v":"WABAN","z":"SR2","zf":"SR2","lot":12131,"ac":0.279,"fr":120.5,"env":1501,"ew":30.1,"eh":49.8,"lv":58000.0,"psf":4.78,"minlot":15000,"minfr":100.0,"conf":false,"bld":true,"ter":"moderate","slp":13.0,"elv":134.6,"ez":2,"cor":false,"flg":true,"lhd":false,"fld":false,"wet":false,"oc":"WABAN"}},{"type":"Feature","geometry":{"type":"Polygon","coordinates":[[[-71.17846,42.33503],[-71.17809,42.33539],[-71.17802,42.33534],[-71.17855,42.33485],[-71.17863,42.33488],[-71.17863,42.33488],[-71.17846,42.33503]]]},"properties":{"a":"HAMMOND ST","v":"CHESTNUT HILL","z":"SR1","zf":"SR1","lot":5432,"ac":0.125,"fr":25.7,"env":0,"ew":0.0,"eh":0.0,"lv":58800.0,"psf":10.82,"minlot":25000,"minfr":125.0,"conf":false,"bld":false,"ter":"flat","slp":5.0,"elv":240.7,"ez":0,"cor":false,"flg":false,"lhd":false,"fld":false,"wet":false,"oc":"CHESTNUT HILL"}},{"type":"Feature","geometry":{"type":"Polygon","coordinates":[[[-71.25889,42.34226],[-71.25887,42.34229],[-71.25874,42.34248],[-71.25846,42.34237],[-71.25889,42.34226]]]},"properties":{"a":"EVERGREEN AVE","v":"AUBURNDALE","z":"SR3","zf":"SR3","lot":3903,"ac":0.09,"fr":123.5,"env":0,"ew":0.0,"eh":0.0,"lv":20000.0,"psf":5.12,"minlot":10000,"minfr":80.0,"conf":false,"bld":false,"ter":"moderate","slp":12.5,"elv":85.2,"ez":0,"cor":false,"flg":false,"lhd":false,"fld":false,"wet":false,"oc":"AUBURNDALE"}},{"type":"Feature","geometry":{"type":"Polygon","coordinates":[[[-71.22728,42.31977],[-71.2273,42.31978],[-71.2273,42.31978],[-71.22731,42.31979],[-71.22732,42.31979],[-71.22733,42.31979],[-71.22735,42.31979],[-71.22749,42.31978],[-71.22752,42.31978],[-71.22753,42.31978],[-71.22753,42.31978],[-71.22755,42.31979],[-71.22756,42.3198],[-71.22757,42.31981],[-71.22757,42.31982],[-71.22758,42.31983],[-71.22758,42.31985],[-71.22758,42.31987],[-71.22759,42.31988],[-71.22759,42.3199],[-71.22759,42.31991],[-71.22759,42.31993],[-71.22759,42.31994],[-71.22759,42.31996],[-71.22759,42.31997],[-71.22759,42.31999],[-71.22759,42.32],[-71.22759,42.32002],[-71.22758,42.32004],[-71.22743,42.32005],[-71.22738,42.32005],[-71.22734,42.32005],[-71.22728,42.31977]]]},"properties":{"a":"NEW ST","v":"WABAN","z":"SR2","zf":"SR2","lot":5401,"ac":0.124,"fr":38.6,"env":2874,"ew":64.4,"eh":44.6,"lv":46200.0,"psf":8.55,"minlot":15000,"minfr":100.0,"conf":false,"bld":true,"ter":"gentle","slp":6.6,"elv":82.6,"ez":0,"cor":false,"flg":true,"lhd":false,"fld":false,"wet":false,"oc":"WABAN"}},{"type":"Feature","geometry":{"type":"Polygon","coordinates":[[[-71.21189,42.35822],[-71.21199,42.35811],[-71.212,42.3581],[-71.21203,42.35807],[-71.21204,42.35806],[-71.21205,42.35805],[-71.2121,42.358],[-71.21223,42.35805],[-71.21216,42.35814],[-71.21211,42.3582],[-71.21205,42.35829],[-71.21189,42.35822]]]},"properties":{"a":"FLORENCE CT","v":"NONANTUM","z":"SR3","zf":"SR3","lot":4082,"ac":0.094,"fr":99.6,"env":0,"ew":0.0,"eh":0.0,"lv":23500.0,"psf":5.76,"minlot":10000,"minfr":80.0,"conf":false,"bld":false,"ter":"gentle","slp":8.2,"elv":47.3,"ez":0,"cor":false,"flg":false,"lhd":false,"fld":false,"wet":false,"oc":"NEWTON"}},{"type":"Feature","geometry":{"type":"Polygon","coordinates":[[[-71.1853,42.34546],[-71.18529,42.34546],[-71.18526,42.34545],[-71.18463,42.34527],[-71.1847,42.34511],[-71.18489,42.34515],[-71.18498,42.34517],[-71.18533,42.34526],[-71.18533,42.34525],[-71.1855,42.34529],[-71.18552,42.3453],[-71.1856,42.34532],[-71.18559,42.34535],[-71.18557,42.34539],[-71.18556,42.34543],[-71.18553,42.3455],[-71.1853,42.34546]]]},"properties":{"a":"PARK AVE","v":"NEWTON CORNER","z":"SR2","zf":"SR2","lot":16270,"ac":0.373,"fr":61.9,"env":3079,"ew":88.9,"eh":34.6,"lv":117500.0,"psf":7.22,"minlot":15000,"minfr":100.0,"conf":false,"bld":true,"ter":"gentle","slp":6.9,"elv":176.4,"ez":0,"cor":false,"flg":false,"lhd":false,"fld":false,"wet":false,"oc":"NEWTON"}},{"type":"Feature","geometry":{"type":"Polygon","coordinates":[[[-71.23738,42.33879],[-71.23729,42.33869],[-71.23711,42.33849],[-71.23711,42.33849],[-71.23712,42.33849],[-71.23714,42.3385],[-71.23724,42.33854],[-71.23752,42.33863],[-71.23764,42.33867],[-71.23774,42.33871],[-71.23773,42.33872],[-71.23772,42.33874],[-71.23772,42.33874],[-71.23771,42.33875],[-71.2377,42.33877],[-71.23769,42.33879],[-71.23768,42.3388],[-71.23768,42.33881],[-71.23767,42.33884],[-71.23748,42.33881],[-71.23742,42.3388],[-71.23738,42.33879]]]},"properties":{"a":"DAY ST","v":"AUBURNDALE","z":"SR3","zf":"SR3","lot":8799,"ac":0.202,"fr":11.1,"env":1941,"ew":55.5,"eh":35.0,"lv":55300.0,"psf":6.28,"minlot":10000,"minfr":80.0,"conf":false,"bld":true,"ter":"moderate","slp":12.4,"elv":113.2,"ez":1,"cor":false,"flg":false,"lhd":false,"fld":false,"wet":false,"oc":"AUBURNDALE"}},{"type":"Feature","geometry":{"type":"Polygon","coordinates":[[[-71.20143,42.35149],[-71.20169,42.35145],[-71.20176,42.35164],[-71.2015,42.35169],[-71.20143,42.35149]]]},"properties":{"a":"HARVARD ST","v":"NEWTONVILLE","z":"MR1","zf":"MR1","lot":5445,"ac":0.125,"fr":74.3,"env":1911,"ew":34.6,"eh":55.2,"lv":37400.0,"psf":6.87,"minlot":7000,"minfr":70.0,"conf":false,"bld":true,"ter":"flat","slp":4.2,"elv":53.7,"ez":0,"cor":false,"flg":false,"lhd":false,"fld":false,"wet":false,"oc":"N ATTLEBORO"}},{"type":"Feature","geometry":{"type":"Polygon","coordinates":[[[-71.21113,42.34598],[-71.21114,42.34597],[-71.21142,42.34598],[-71.21146,42.34599],[-71.21149,42.34599],[-71.21151,42.34599],[-71.21152,42.34601],[-71.21152,42.34602],[-71.21152,42.34603],[-71.21113,42.34601],[-71.21113,42.346],[-71.21113,42.34599],[-71.21113,42.34598]]]},"properties":{"a":"LOWELL AVE","v":"NEWTONVILLE","z":"MR1","zf":"MR1","lot":1294,"ac":0.03,"fr":77.0,"env":0,"ew":0.0,"eh":0.0,"lv":7600.0,"psf":5.87,"minlot":7000,"minfr":70.0,"conf":false,"bld":false,"ter":"flat","slp":2.6,"elv":63.2,"ez":0,"cor":false,"flg":true,"lhd":false,"fld":false,"wet":false,"oc":"NEWTON"}},{"type":"Feature","geometry":{"type":"Polygon","coordinates":[[[-71.20826,42.36269],[-71.20833,42.36264],[-71.20837,42.36261],[-71.20839,42.36259],[-71.2085,42.36261],[-71.20845,42.36273],[-71.20826,42.36269]]]},"properties":{"a":"BEMIS RD","v":"NONANTUM","z":"SR3","zf":"SR3","lot":1986,"ac":0.046,"fr":44.0,"env":0,"ew":0.0,"eh":0.0,"lv":11400.0,"psf":5.74,"minlot":10000,"minfr":80.0,"conf":false,"bld":false,"ter":"flat","slp":2.5,"elv":51.2,"ez":0,"cor":false,"flg":false,"lhd":false,"fld":false,"wet":false,"oc":"NEWTON"}},{"type":"Feature","geometry":{"type":"Polygon","coordinates":[[[-71.21705,42.32016],[-71.21715,42.32004],[-71.21727,42.3199],[-71.21735,42.31994],[-71.21727,42.32004],[-71.21713,42.3202],[-71.21705,42.32016]]]},"properties":{"a":"HARRISON ST","v":"NEWTON HIGHLANDS","z":"SR2","zf":"SR2","lot":2749,"ac":0.063,"fr":25.5,"env":242,"ew":15.7,"eh":15.4,"lv":17600.0,"psf":6.4,"minlot":15000,"minfr":100.0,"conf":false,"bld":false,"ter":"flat","slp":2.2,"elv":147.8,"ez":0,"cor":false,"flg":false,"lhd":false,"fld":false,"wet":false,"oc":"NEWTON"}},{"type":"Feature","geometry":{"type":"Polygon","coordinates":[[[-71.19986,42.34557],[-71.20004,42.34555],[-71.20007,42.34575],[-71.20004,42.34575],[-71.2,42.34576],[-71.19996,42.34577],[-71.19992,42.34579],[-71.19989,42.34581],[-71.19986,42.34557]]]},"properties":{"a":"HARVARD CIR","v":"NEWTONVILLE","z":"MR1","zf":"MR1","lot":3851,"ac":0.088,"fr":47.2,"env":1232,"ew":35.5,"eh":34.7,"lv":26400.0,"psf":6.86,"minlot":7000,"minfr":70.0,"conf":false,"bld":true,"ter":"moderate","slp":14.0,"elv":107.0,"ez":0,"cor":false,"flg":false,"lhd":false,"fld":false,"wet":false,"oc":"NEWTONVILLE"}},{"type":"Feature","geometry":{"type":"Polygon","coordinates":[[[-71.18641,42.34014],[-71.1865,42.33991],[-71.18653,42.33991],[-71.18676,42.33996],[-71.18675,42.33997],[-71.18673,42.34],[-71.18661,42.34018],[-71.1865,42.34016],[-71.18647,42.34016],[-71.18641,42.34014]]]},"properties":{"a":"IRELAND RD","v":"NEWTON CENTRE","z":"SR2","zf":"SR2","lot":5628,"ac":0.129,"fr":73.7,"env":705,"ew":19.9,"eh":35.5,"lv":50100.0,"psf":8.9,"minlot":15000,"minfr":100.0,"conf":false,"bld":false,"ter":"moderate","slp":12.2,"elv":159.2,"ez":1,"cor":false,"flg":false,"lhd":false,"fld":false,"wet":false,"oc":"NEWTON CENTRE"}},{"type":"Feature","geometry":{"type":"Polygon","coordinates":[[[-71.21656,42.31293],[-71.21667,42.31301],[-71.21639,42.31327],[-71.21627,42.31321],[-71.21656,42.31293]]]},"properties":{"a":"ELLIOT TER","v":"NEWTON UPPER FALLS","z":"MR1","zf":"MR1","lot":4970,"ac":0.114,"fr":40.9,"env":632,"ew":25.5,"eh":24.8,"lv":29100.0,"psf":5.85,"minlot":7000,"minfr":70.0,"conf":false,"bld":false,"ter":"moderate","slp":13.7,"elv":153.7,"ez":0,"cor":false,"flg":false,"lhd":false,"fld":false,"wet":false,"oc":"WELLESLEY"}},{"type":"Feature","geometry":{"type":"Polygon","coordinates":[[[-71.21492,42.31518],[-71.21498,42.31512],[-71.215,42.3151],[-71.21502,42.31508],[-71.21531,42.31524],[-71.21526,42.31538],[-71.21521,42.31535],[-71.21505,42.31526],[-71.21492,42.31518]]]},"properties":{"a":"ELLIOT ST","v":"NEWTON UPPER FALLS","z":"MR2","zf":"MR2","lot":5184,"ac":0.119,"fr":29.8,"env":904,"ew":35.2,"eh":25.6,"lv":27900.0,"psf":5.38,"minlot":7000,"minfr":70.0,"conf":false,"bld":true,"ter":"flat","slp":4.5,"elv":135.3,"ez":0,"cor":false,"flg":false,"lhd":false,"fld":false,"wet":false,"oc":"NEWTON"}},{"type":"Feature","geometry":{"type":"Polygon","coordinates":[[[-71.2381,42.36036],[-71.23792,42.36041],[-71.23796,42.3603],[-71.23801,42.36032],[-71.23804,42.36033],[-71.23807,42.36034],[-71.23808,42.36035],[-71.23809,42.36035],[-71.2381,42.36036]]]},"properties":{"a":"UNDERWOOD AVE","v":"WEST NEWTON","z":"SR3","zf":"SR3","lot":418,"ac":0.01,"fr":42.4,"env":0,"ew":0.0,"eh":0.0,"lv":2300.0,"psf":5.5,"minlot":10000,"minfr":80.0,"conf":false,"bld":false,"ter":"flat","slp":3.6,"elv":98.9,"ez":0,"cor":false,"flg":true,"lhd":false,"fld":false,"wet":false,"oc":"WALTHAM"}},{"type":"Feature","geometry":{"type":"Polygon","coordinates":[[[-71.24267,42.32577],[-71.24279,42.32545],[-71.24284,42.32546],[-71.24285,42.32547],[-71.24287,42.32547],[-71.2431,42.32568],[-71.24309,42.32568],[-71.24309,42.32569],[-71.24308,42.32569],[-71.24308,42.32569],[-71.24307,42.3257],[-71.24305,42.32571],[-71.24304,42.32572],[-71.24303,42.32572],[-71.24302,42.32573],[-71.243,42.32573],[-71.24299,42.32574],[-71.24298,42.32575],[-71.24296,42.32575],[-71.24295,42.32575],[-71.24293,42.32576],[-71.24292,42.32576],[-71.24291,42.32576],[-71.24291,42.32577],[-71.2429,42.32577],[-71.24289,42.32577],[-71.24288,42.32577],[-71.24286,42.32577],[-71.24285,42.32577],[-71.24285,42.32578],[-71.24284,42.32578],[-71.24283,42.32578],[-71.24282,42.32578],[-71.2428,42.32578],[-71.24279,42.32578],[-71.24277,42.32578],[-71.24275,42.32578],[-71.24274,42.32578],[-71.24272,42.32578],[-71.24272,42.32577],[-71.24271,42.32577],[-71.24269,42.32577],[-71.24268,42.32577],[-71.24267,42.32577]]]},"properties":{"a":"MOSSFIELD RD","v":"WABAN","z":"SR2","zf":"SR2","lot":8063,"ac":0.185,"fr":98.4,"env":1734,"ew":35.0,"eh":49.6,"lv":69000.0,"psf":8.56,"minlot":15000,"minfr":100.0,"conf":false,"bld":true,"ter":"gentle","slp":5.6,"elv":150.9,"ez":0,"cor":false,"flg":true,"lhd":false,"fld":false,"wet":false,"oc":"WABAN"}},{"type":"Feature","geometry":{"type":"Polygon","coordinates":[[[-71.23289,42.3237],[-71.23292,42.32365],[-71.23306,42.32364],[-71.23315,42.32397],[-71.23304,42.32399],[-71.23296,42.3237],[-71.23289,42.3237]]]},"properties":{"a":"ANNAWAN RD","v":"WABAN","z":"SR2","zf":"SR2","lot":4069,"ac":0.093,"fr":30.7,"env":999,"ew":15.1,"eh":66.3,"lv":34900.0,"psf":8.58,"minlot":15000,"minfr":100.0,"conf":false,"bld":true,"ter":"gentle","slp":9.9,"elv":97.3,"ez":0,"cor":false,"flg":false,"lhd":false,"fld":false,"wet":false,"oc":"WABAN"}},{"type":"Feature","geometry":{"type":"Polygon","coordinates":[[[-71.23931,42.32322],[-71.23935,42.32307],[-71.23968,42.32306],[-71.23967,42.3231],[-71.23967,42.32312],[-71.23964,42.32323],[-71.23931,42.32322]]]},"properties":{"a":"IRWIN RD","v":"WABAN","z":"SR2","zf":"SR2","lot":5510,"ac":0.127,"fr":14.5,"env":2214,"ew":35.3,"eh":62.7,"lv":26500.0,"psf":4.81,"minlot":15000,"minfr":100.0,"conf":false,"bld":true,"ter":"moderate","slp":12.2,"elv":99.0,"ez":0,"cor":false,"flg":true,"lhd":false,"fld":false,"wet":false,"oc":"WESTBOROUGH"}},{"type":"Feature","geometry":{"type":"Polygon","coordinates":[[[-71.18024,42.34827],[-71.18024,42.34827],[-71.1803,42.34806],[-71.1807,42.34812],[-71.1807,42.34821],[-71.18068,42.3483],[-71.18067,42.34834],[-71.18024,42.34827]]]},"properties":{"a":"WAVERLEY AVE","v":"NEWTON CORNER","z":"SR1","zf":"SR1","lot":6795,"ac":0.156,"fr":79.2,"env":2280,"ew":49.7,"eh":45.9,"lv":55700.0,"psf":8.2,"minlot":25000,"minfr":125.0,"conf":false,"bld":true,"ter":"moderate","slp":10.1,"elv":177.7,"ez":0,"cor":false,"flg":false,"lhd":false,"fld":false,"wet":false,"oc":"NEWTON"}},{"type":"Feature","geometry":{"type":"Polygon","coordinates":[[[-71.16584,42.32549],[-71.16606,42.32592],[-71.16598,42.32594],[-71.16594,42.32595],[-71.16589,42.32596],[-71.16585,42.32595],[-71.16579,42.32551],[-71.16584,42.32549]]]},"properties":{"a":"HAMMOND ST OFF","v":"CHESTNUT HILL","z":"SR1","zf":"SR1","lot":6068,"ac":0.139,"fr":161.9,"env":0,"ew":0.0,"eh":0.0,"lv":65600.0,"psf":10.81,"minlot":25000,"minfr":125.0,"conf":false,"bld":false,"ter":"gentle","slp":8.7,"elv":178.1,"ez":0,"cor":false,"flg":true,"lhd":true,"fld":false,"wet":false,"oc":"CHESTNUT HILL"}},{"type":"Feature","geometry":{"type":"Polygon","coordinates":[[[-71.20164,42.3397],[-71.20164,42.33964],[-71.20165,42.33954],[-71.20165,42.33951],[-71.20183,42.33952],[-71.20193,42.33953],[-71.20199,42.33953],[-71.202,42.33955],[-71.20201,42.33957],[-71.20203,42.33958],[-71.20204,42.3396],[-71.20204,42.33961],[-71.20204,42.33962],[-71.20204,42.33963],[-71.20203,42.33972],[-71.20164,42.3397]]]},"properties":{"a":"MORTON RD","v":"NEWTON CENTRE","z":"SR2","zf":"SR2","lot":7100,"ac":0.163,"fr":31.7,"env":3286,"ew":74.0,"eh":44.4,"lv":57000.0,"psf":8.03,"minlot":15000,"minfr":100.0,"conf":false,"bld":true,"ter":"flat","slp":1.3,"elv":156.2,"ez":0,"cor":false,"flg":false,"lhd":false,"fld":false,"wet":false,"oc":"NEWTON"}},{"type":"Feature","geometry":{"type":"Polygon","coordinates":[[[-71.21016,42.30397],[-71.21027,42.30392],[-71.21031,42.3039],[-71.21049,42.3041],[-71.21034,42.30418],[-71.21016,42.30397]]]},"properties":{"a":"CHARLES RIVER TER","v":"NEWTON UPPER FALLS","z":"SR3","zf":"SR3","lot":4500,"ac":0.103,"fr":49.2,"env":310,"ew":15.0,"eh":20.6,"lv":26400.0,"psf":5.87,"minlot":10000,"minfr":80.0,"conf":false,"bld":false,"ter":"flat","slp":3.8,"elv":96.4,"ez":2,"cor":false,"flg":false,"lhd":false,"fld":false,"wet":false,"oc":"NEWTON"}},{"type":"Feature","geometry":{"type":"Polygon","coordinates":[[[-71.16771,42.32482],[-71.16743,42.32481],[-71.16743,42.32475],[-71.1673,42.32474],[-71.16728,42.32474],[-71.16713,42.32473],[-71.16714,42.3247],[-71.16714,42.32468],[-71.16715,42.32467],[-71.16716,42.32467],[-71.16717,42.32466],[-71.16717,42.32466],[-71.16718,42.32466],[-71.16719,42.32465],[-71.16721,42.32463],[-71.16722,42.32462],[-71.16722,42.32462],[-71.16722,42.32462],[-71.16723,42.32461],[-71.16724,42.3246],[-71.16727,42.32459],[-71.16729,42.32457],[-71.16731,42.32456],[-71.16733,42.32454],[-71.16734,42.32454],[-71.16734,42.32454],[-71.16735,42.32453],[-71.16735,42.32453],[-71.16736,42.32452],[-71.16736,42.32452],[-71.16738,42.32451],[-71.16738,42.32451],[-71.16739,42.32451],[-71.1674,42.32451],[-71.16741,42.3245],[-71.16741,42.3245],[-71.16742,42.3245],[-71.16744,42.3245],[-71.16745,42.32449],[-71.16747,42.32449],[-71.16748,42.32449],[-71.1675,42.32449],[-71.1675,42.32449],[-71.16751,42.32448],[-71.16753,42.32448],[-71.16755,42.32448],[-71.16755,42.32449],[-71.16756,42.32449],[-71.16758,42.32449],[-71.16759,42.32449],[-71.1676,42.32449],[-71.16761,42.32449],[-71.16762,42.32449],[-71.16763,42.3245],[-71.16764,42.3245],[-71.16764,42.3245],[-71.16765,42.3245],[-71.16767,42.3245],[-71.16767,42.3245],[-71.16769,42.32451],[-71.16771,42.32451],[-71.16772,42.32451],[-71.16773,42.32451],[-71.16775,42.32451],[-71.16777,42.32451],[-71.16778,42.32451],[-71.16778,42.32451],[-71.16779,42.3245],[-71.16781,42.3245],[-71.16783,42.3245],[-71.16785,42.32449],[-71.16797,42.32448],[-71.16843,42.32445],[-71.16841,42.32448],[-71.16836,42.32454],[-71.16834,42.32462],[-71.16836,42.32468],[-71.16838,42.32471],[-71.16839,42.32473],[-71.16839,42.32474],[-71.1684,42.32474],[-71.16842,42.32478],[-71.16783,42.32482],[-71.16771,42.32482]]]},"properties":{"a":"MOORFIELD RD","v":"CHESTNUT HILL","z":"SR1","zf":"SR1","lot":38002,"ac":0.872,"fr":11.9,"env":18862,"ew":217.5,"eh":86.7,"lv":278900.0,"psf":7.34,"minlot":25000,"minfr":125.0,"conf":false,"bld":false,"ter":"moderate","slp":10.9,"elv":184.7,"ez":0,"cor":false,"flg":false,"lhd":true,"fld":false,"wet":false,"oc":"NEWTON"}},{"type":"Feature","geometry":{"type":"Polygon","coordinates":[[[-71.17453,42.30674],[-71.1745,42.30669],[-71.17445,42.30662],[-71.17443,42.30658],[-71.17455,42.30649],[-71.17464,42.30643],[-71.17471,42.30638],[-71.17471,42.30639],[-71.17473,42.30641],[-71.17474,42.30643],[-71.17474,42.30644],[-71.17478,42.30649],[-71.17487,42.30661],[-71.17484,42.30663],[-71.17457,42.30681],[-71.17455,42.30677],[-71.17453,42.30674]]]},"properties":{"a":"NICKERSON RD","v":"OAK HILL","z":"SR3","zf":"SR3","lot":9230,"ac":0.212,"fr":72.5,"env":2632,"ew":35.0,"eh":75.3,"lv":66200.0,"psf":7.17,"minlot":10000,"minfr":80.0,"conf":false,"bld":true,"ter":"moderate","slp":13.5,"elv":162.9,"ez":0,"cor":false,"flg":false,"lhd":false,"fld":false,"wet":false,"oc":"CHESTNUT HILL"}},{"type":"Feature","geometry":{"type":"Polygon","coordinates":[[[-71.20925,42.34268],[-71.20927,42.34268],[-71.20928,42.34268],[-71.2093,42.34268],[-71.2094,42.34268],[-71.20957,42.34269],[-71.20958,42.34269],[-71.20959,42.34273],[-71.20959,42.34277],[-71.20961,42.34294],[-71.20961,42.34297],[-71.20961,42.34298],[-71.20961,42.34299],[-71.20961,42.34299],[-71.2096,42.34299],[-71.20959,42.34299],[-71.20955,42.343],[-71.20953,42.343],[-71.2095,42.343],[-71.20946,42.34301],[-71.20942,42.34301],[-71.20941,42.34301],[-71.20939,42.34301],[-71.20937,42.34302],[-71.20933,42.34302],[-71.20928,42.34302],[-71.20928,42.34302],[-71.20926,42.34302],[-71.20924,42.34302],[-71.20922,42.34302],[-71.20921,42.34302],[-71.20925,42.34268]]]},"properties":{"a":"PROSPECT PK","v":"NEWTONVILLE","z":"SR2","zf":"SR2","lot":11848,"ac":0.272,"fr":60.5,"env":6440,"ew":79.7,"eh":80.8,"lv":86200.0,"psf":7.28,"minlot":15000,"minfr":100.0,"conf":false,"bld":true,"ter":"moderate","slp":13.8,"elv":130.1,"ez":0,"cor":false,"flg":false,"lhd":false,"fld":false,"wet":false,"oc":"NEWTON"}},{"type":"Feature","geometry":{"type":"Polygon","coordinates":[[[-71.21575,42.31333],[-71.21581,42.31328],[-71.21587,42.31321],[-71.21593,42.31315],[-71.21602,42.3132],[-71.21603,42.31321],[-71.21607,42.31323],[-71.21607,42.31324],[-71.21604,42.31327],[-71.2159,42.31341],[-71.21575,42.31333]]]},"properties":{"a":"ELLIOT TER","v":"NEWTON UPPER FALLS","z":"MR1","zf":"MR1","lot":3759,"ac":0.086,"fr":45.9,"env":1042,"ew":30.2,"eh":34.5,"lv":21900.0,"psf":5.83,"minlot":7000,"minfr":70.0,"conf":false,"bld":true,"ter":"moderate","slp":13.7,"elv":141.7,"ez":1,"cor":false,"flg":false,"lhd":false,"fld":false,"wet":false,"oc":"NEWTON"}},{"type":"Feature","geometry":{"type":"Polygon","coordinates":[[[-71.22542,42.33184],[-71.22549,42.33183],[-71.22568,42.33182],[-71.2257,42.33182],[-71.22572,42.33182],[-71.2255,42.33209],[-71.22547,42.33212],[-71.22546,42.33212],[-71.22544,42.33213],[-71.22542,42.33184]]]},"properties":{"a":"MOFFAT RD","v":"WABAN","z":"SR2","zf":"SR2","lot":4709,"ac":0.108,"fr":12.7,"env":634,"ew":20.5,"eh":30.9,"lv":35900.0,"psf":7.62,"minlot":15000,"minfr":100.0,"conf":false,"bld":false,"ter":"gentle","slp":6.9,"elv":135.8,"ez":0,"cor":false,"flg":true,"lhd":false,"fld":false,"wet":false,"oc":"WABAN"}},{"type":"Feature","geometry":{"type":"Polygon","coordinates":[[[-71.20893,42.32008],[-71.20898,42.32003],[-71.20919,42.32015],[-71.20921,42.32023],[-71.20893,42.32008]]]},"properties":{"a":"HARTFORD ST","v":"NEWTON HIGHLANDS","z":"SR2","zf":"SR2/MRT","lot":1634,"ac":0.037,"fr":21.1,"env":0,"ew":0.0,"eh":0.0,"lv":10400.0,"psf":6.37,"minlot":15000,"minfr":100.0,"conf":false,"bld":false,"ter":"moderate","slp":13.4,"elv":146.5,"ez":0,"cor":false,"flg":false,"lhd":false,"fld":false,"wet":false,"oc":"NEWTON"}},{"type":"Feature","geometry":{"type":"Polygon","coordinates":[[[-71.19171,42.3216],[-71.19193,42.32141],[-71.19208,42.32151],[-71.19202,42.32156],[-71.19198,42.32159],[-71.19197,42.3216],[-71.19186,42.3217],[-71.19185,42.32169],[-71.19183,42.32168],[-71.19171,42.3216]]]},"properties":{"a":"DANIEL ST","v":"THOMPSONVILLE","z":"SR3","zf":"SR3","lot":4948,"ac":0.114,"fr":54.9,"env":1253,"ew":35.6,"eh":35.2,"lv":33000.0,"psf":6.67,"minlot":10000,"minfr":80.0,"conf":false,"bld":true,"ter":"moderate","slp":13.1,"elv":168.8,"ez":0,"cor":false,"flg":false,"lhd":false,"fld":false,"wet":false,"oc":"NEWTON"}},{"type":"Feature","geometry":{"type":"Polygon","coordinates":[[[-71.20627,42.35864],[-71.20614,42.35855],[-71.20611,42.35853],[-71.2063,42.35838],[-71.20658,42.35857],[-71.20639,42.35872],[-71.20636,42.35871],[-71.2063,42.35866],[-71.20627,42.35864]]]},"properties":{"a":"NEEDHAM TER","v":"NONANTUM","z":"MR1","zf":"MR1","lot":7601,"ac":0.174,"fr":11.1,"env":1071,"ew":30.5,"eh":35.1,"lv":39700.0,"psf":5.22,"minlot":7000,"minfr":70.0,"conf":false,"bld":true,"ter":"flat","slp":1.3,"elv":51.0,"ez":0,"cor":false,"flg":true,"lhd":false,"fld":false,"wet":false,"oc":"WATERTOWN"}},{"type":"Feature","geometry":{"type":"Polygon","coordinates":[[[-71.20508,42.3073],[-71.20545,42.30705],[-71.20554,42.30722],[-71.2054,42.30726],[-71.20529,42.3073],[-71.20514,42.30734],[-71.20508,42.3073]]]},"properties":{"a":"WINCHESTER ST","v":"NEWTON HIGHLANDS","z":"SR3","zf":"SR3","lot":6203,"ac":0.142,"fr":68.7,"env":889,"ew":30.0,"eh":29.6,"lv":35500.0,"psf":5.72,"minlot":10000,"minfr":80.0,"conf":false,"bld":true,"ter":"gentle","slp":9.2,"elv":169.1,"ez":0,"cor":false,"flg":true,"lhd":false,"fld":false,"wet":false,"oc":"NEWTON HGLDS"}},{"type":"Feature","geometry":{"type":"Polygon","coordinates":[[[-71.17835,42.31965],[-71.1786,42.31962],[-71.17853,42.31972],[-71.17835,42.31965]]]},"properties":{"a":"BOYLSTON ST","v":"THOMPSONVILLE","z":"SR3","zf":"SR3","lot":1586,"ac":0.036,"fr":70.5,"env":0,"ew":0.0,"eh":0.0,"lv":8500.0,"psf":5.36,"minlot":10000,"minfr":80.0,"conf":false,"bld":false,"ter":"gentle","slp":8.8,"elv":199.3,"ez":0,"cor":false,"flg":false,"lhd":false,"fld":false,"wet":false,"oc":"CHESTNUT HILL"}},{"type":"Feature","geometry":{"type":"Polygon","coordinates":[[[-71.23871,42.32242],[-71.23897,42.32236],[-71.23898,42.3226],[-71.23881,42.32262],[-71.23868,42.32264],[-71.23869,42.32261],[-71.23873,42.32253],[-71.23871,42.32242]]]},"properties":{"a":"QUINOBEQUIN RD OFF","v":"WABAN","z":"SR2","zf":"SR2","lot":5471,"ac":0.126,"fr":72.3,"env":1861,"ew":60.5,"eh":30.7,"lv":3600.0,"psf":0.66,"minlot":15000,"minfr":100.0,"conf":false,"bld":false,"ter":"flat","slp":3.5,"elv":70.5,"ez":0,"cor":false,"flg":true,"lhd":false,"fld":false,"wet":true,"oc":"WESTBOROUGH"}},{"type":"Feature","geometry":{"type":"Polygon","coordinates":[[[-71.18194,42.29889],[-71.18197,42.29884],[-71.18219,42.29859],[-71.18254,42.2987],[-71.18255,42.2987],[-71.18256,42.29871],[-71.18256,42.29871],[-71.18256,42.29872],[-71.18257,42.29873],[-71.18257,42.29874],[-71.18257,42.29874],[-71.18257,42.29875],[-71.18257,42.29876],[-71.18257,42.29876],[-71.18256,42.29877],[-71.18235,42.29902],[-71.18229,42.299],[-71.18226,42.29899],[-71.18223,42.29898],[-71.18214,42.29895],[-71.18207,42.29893],[-71.18194,42.29889]]]},"properties":{"a":"OLD FARM RD","v":"OAK HILL","z":"SR1","zf":"SR1","lot":15982,"ac":0.367,"fr":102.3,"env":3822,"ew":85.9,"eh":44.5,"lv":93800.0,"psf":5.87,"minlot":25000,"minfr":125.0,"conf":false,"bld":true,"ter":"gentle","slp":5.3,"elv":116.0,"ez":1,"cor":false,"flg":false,"lhd":false,"fld":false,"wet":false,"oc":"NEWTON CENTRE"}},{"type":"Feature","geometry":{"type":"Polygon","coordinates":[[[-71.20059,42.35496],[-71.20067,42.35494],[-71.20072,42.35493],[-71.20072,42.35494],[-71.20071,42.35494],[-71.20071,42.35495],[-71.20068,42.35496],[-71.20065,42.35497],[-71.20058,42.35498],[-71.20059,42.35496]]]},"properties":{"a":"LINCOLN RD","v":"NONANTUM","z":"MAN","zf":"MAN","lot":314,"ac":0.007,"fr":15.8,"env":0,"ew":0.0,"eh":0.0,"lv":1600.0,"psf":5.1,"minlot":null,"minfr":null,"conf":false,"bld":false,"ter":"flat","slp":2.8,"elv":40.5,"ez":1,"cor":false,"flg":true,"lhd":false,"fld":false,"wet":false,"oc":"WEST NEWTON"}},{"type":"Feature","geometry":{"type":"Polygon","coordinates":[[[-71.22039,42.34245],[-71.22036,42.34251],[-71.22034,42.34257],[-71.22032,42.34263],[-71.22032,42.34269],[-71.21972,42.34257],[-71.21972,42.34254],[-71.21969,42.3424],[-71.21966,42.34225],[-71.21998,42.34234],[-71.22039,42.34245]]]},"properties":{"a":"FOUNTAIN ST REAR","v":"WEST NEWTON","z":"SR1","zf":"SR1","lot":18182,"ac":0.417,"fr":90.5,"env":4912,"ew":98.6,"eh":49.8,"lv":113000.0,"psf":6.21,"minlot":25000,"minfr":125.0,"conf":false,"bld":true,"ter":"gentle","slp":5.1,"elv":200.8,"ez":0,"cor":false,"flg":false,"lhd":false,"fld":false,"wet":false,"oc":"NEWTON"}},{"type":"Feature","geometry":{"type":"Polygon","coordinates":[[[-71.23413,42.36153],[-71.2338,42.36163],[-71.23382,42.36158],[-71.23382,42.36156],[-71.23384,42.36151],[-71.23385,42.36148],[-71.23408,42.36152],[-71.23411,42.36153],[-71.23412,42.36153],[-71.23413,42.36153]]]},"properties":{"a":"MILO ST","v":"WEST NEWTON","z":"SR3","zf":"SR3","lot":2052,"ac":0.047,"fr":45.7,"env":0,"ew":0.0,"eh":0.0,"lv":11100.0,"psf":5.41,"minlot":10000,"minfr":80.0,"conf":false,"bld":false,"ter":"flat","slp":2.4,"elv":107.8,"ez":0,"cor":false,"flg":false,"lhd":false,"fld":false,"wet":false,"oc":"NEWTON"}},{"type":"Feature","geometry":{"type":"Polygon","coordinates":[[[-71.21148,42.35151],[-71.21151,42.35137],[-71.21182,42.35141],[-71.21206,42.35145],[-71.21205,42.35146],[-71.21201,42.35159],[-71.21148,42.35151]]]},"properties":{"a":"BROOKS AVE","v":"NEWTONVILLE","z":"MR3","zf":"MR3","lot":7971,"ac":0.183,"fr":53.8,"env":2901,"ew":115.8,"eh":25.1,"lv":45900.0,"psf":5.76,"minlot":6000,"minfr":60.0,"conf":false,"bld":true,"ter":"gentle","slp":9.5,"elv":62.4,"ez":0,"cor":false,"flg":false,"lhd":false,"fld":false,"wet":false,"oc":"NEWTONVILLE"}},{"type":"Feature","geometry":{"type":"Polygon","coordinates":[[[-71.22664,42.32446],[-71.22665,42.32443],[-71.22731,42.32448],[-71.22731,42.32451],[-71.22664,42.32446]]]},"properties":{"a":"CHESTNUT ST","v":"WABAN","z":"SR2","zf":"SR2","lot":1799,"ac":0.041,"fr":10.0,"env":0,"ew":0.0,"eh":0.0,"lv":11700.0,"psf":6.5,"minlot":15000,"minfr":100.0,"conf":false,"bld":false,"ter":"moderate","slp":11.1,"elv":112.7,"ez":1,"cor":false,"flg":false,"lhd":false,"fld":false,"wet":false,"oc":"WABAN"}},{"type":"Feature","geometry":{"type":"Polygon","coordinates":[[[-71.25733,42.3289],[-71.25737,42.32871],[-71.25767,42.32875],[-71.25762,42.32894],[-71.25733,42.3289]]]},"properties":{"a":"CORNELL ST","v":"NEWTON LOWER FALLS","z":"SR3","zf":"SR3","lot":5279,"ac":0.121,"fr":81.8,"env":1836,"ew":72.2,"eh":25.4,"lv":28100.0,"psf":5.32,"minlot":10000,"minfr":80.0,"conf":false,"bld":true,"ter":"gentle","slp":8.1,"elv":93.8,"ez":0,"cor":false,"flg":true,"lhd":false,"fld":false,"wet":false,"oc":"NEWTON"}},{"type":"Feature","geometry":{"type":"Polygon","coordinates":[[[-71.19369,42.3215],[-71.1937,42.32138],[-71.19384,42.32139],[-71.19388,42.32139],[-71.19407,42.32139],[-71.19406,42.3215],[-71.19405,42.3215],[-71.19405,42.32151],[-71.19404,42.32151],[-71.19402,42.32151],[-71.19369,42.3215]]]},"properties":{"a":"PARKER ST","v":"THOMPSONVILLE","z":"SR3","zf":"SR3","lot":4478,"ac":0.103,"fr":128.2,"env":0,"ew":0.0,"eh":0.0,"lv":27600.0,"psf":6.16,"minlot":10000,"minfr":80.0,"conf":false,"bld":false,"ter":"flat","slp":3.4,"elv":138.0,"ez":0,"cor":true,"flg":false,"lhd":false,"fld":false,"wet":false,"oc":"NEWTON"}},{"type":"Feature","geometry":{"type":"Polygon","coordinates":[[[-71.20684,42.31501],[-71.20685,42.3148],[-71.20721,42.31479],[-71.20721,42.3148],[-71.20721,42.3149],[-71.2072,42.31501],[-71.20715,42.31501],[-71.20713,42.31501],[-71.20696,42.31501],[-71.20684,42.31501]]]},"properties":{"a":"BRIERFIELD RD","v":"NEWTON HIGHLANDS","z":"SR3","zf":"SR3","lot":7658,"ac":0.176,"fr":39.5,"env":4497,"ew":70.1,"eh":64.2,"lv":47600.0,"psf":6.22,"minlot":10000,"minfr":80.0,"conf":false,"bld":true,"ter":"gentle","slp":8.6,"elv":117.6,"ez":0,"cor":false,"flg":false,"lhd":false,"fld":false,"wet":false,"oc":"NEWTON"}},{"type":"Feature","geometry":{"type":"Polygon","coordinates":[[[-71.18144,42.31087],[-71.18137,42.31075],[-71.18136,42.31073],[-71.18136,42.31072],[-71.18135,42.3107],[-71.18134,42.31068],[-71.18129,42.31055],[-71.18136,42.31054],[-71.18153,42.31087],[-71.18151,42.31087],[-71.18146,42.31087],[-71.18144,42.31087]]]},"properties":{"a":"DUDLEY RD","v":"THOMPSONVILLE","z":"SR2","zf":"SR2","lot":3101,"ac":0.071,"fr":127.0,"env":0,"ew":0.0,"eh":0.0,"lv":21500.0,"psf":6.93,"minlot":15000,"minfr":100.0,"conf":false,"bld":false,"ter":"gentle","slp":7.4,"elv":139.5,"ez":1,"cor":false,"flg":false,"lhd":false,"fld":false,"wet":false,"oc":"NEWTON"}},{"type":"Feature","geometry":{"type":"Polygon","coordinates":[[[-71.19838,42.35083],[-71.19856,42.35053],[-71.19858,42.35053],[-71.19863,42.35054],[-71.19861,42.35062],[-71.19851,42.35087],[-71.19846,42.35085],[-71.19843,42.35085],[-71.1984,42.35084],[-71.19839,42.35083],[-71.19839,42.35083],[-71.19838,42.35083]]]},"properties":{"a":"NORWOOD AVE NVL","v":"NEWTONVILLE","z":"MR1","zf":"MR1","lot":4970,"ac":0.114,"fr":15.0,"env":223,"ew":14.8,"eh":15.1,"lv":34000.0,"psf":6.84,"minlot":7000,"minfr":70.0,"conf":false,"bld":false,"ter":"moderate","slp":12.9,"elv":49.8,"ez":1,"cor":false,"flg":false,"lhd":false,"fld":false,"wet":false,"oc":"ASHBURNHAM"}},{"type":"Feature","geometry":{"type":"Polygon","coordinates":[[[-71.23198,42.3532],[-71.23208,42.35327],[-71.23195,42.3534],[-71.23187,42.35334],[-71.23192,42.35327],[-71.23196,42.35321],[-71.23198,42.3532]]]},"properties":{"a":"ALDEN CT","v":"WEST NEWTON","z":"MR1","zf":"MR1","lot":1956,"ac":0.045,"fr":38.2,"env":426,"ew":20.7,"eh":20.6,"lv":10700.0,"psf":5.47,"minlot":7000,"minfr":70.0,"conf":false,"bld":false,"ter":"flat","slp":3.5,"elv":54.6,"ez":0,"cor":false,"flg":true,"lhd":false,"fld":false,"wet":false,"oc":"NEWTON"}},{"type":"Feature","geometry":{"type":"Polygon","coordinates":[[[-71.23647,42.32685],[-71.23647,42.32684],[-71.23648,42.32682],[-71.23658,42.3265],[-71.23674,42.32653],[-71.2368,42.32654],[-71.23684,42.32655],[-71.23673,42.3269],[-71.23647,42.32685]]]},"properties":{"a":"BEACON ST","v":"WABAN","z":"SR2","zf":"SR2","lot":9814,"ac":0.225,"fr":73.5,"env":4149,"ew":55.6,"eh":74.6,"lv":89300.0,"psf":9.1,"minlot":15000,"minfr":100.0,"conf":false,"bld":true,"ter":"gentle","slp":5.2,"elv":150.6,"ez":0,"cor":false,"flg":false,"lhd":false,"fld":false,"wet":false,"oc":"WABAN"}},{"type":"Feature","geometry":{"type":"Polygon","coordinates":[[[-71.22082,42.31855],[-71.22083,42.31855],[-71.221,42.31853],[-71.2212,42.3185],[-71.22138,42.31848],[-71.22139,42.31848],[-71.22142,42.31847],[-71.22157,42.31845],[-71.22187,42.31842],[-71.22187,42.31842],[-71.22193,42.31841],[-71.22191,42.31843],[-71.22182,42.3185],[-71.2218,42.31852],[-71.22177,42.31854],[-71.22176,42.31855],[-71.22174,42.31857],[-71.22172,42.31858],[-71.22153,42.31861],[-71.22137,42.31863],[-71.22132,42.31863],[-71.22123,42.31865],[-71.22104,42.31867],[-71.22081,42.3187],[-71.22082,42.31855]]]},"properties":{"a":"BOYLSTON ST","v":"NEWTON UPPER FALLS","z":"SR2","zf":"SR2","lot":14649,"ac":0.336,"fr":54.5,"env":3258,"ew":128.8,"eh":25.3,"lv":63700.0,"psf":4.35,"minlot":15000,"minfr":100.0,"conf":false,"bld":true,"ter":"moderate","slp":12.6,"elv":172.7,"ez":0,"cor":false,"flg":true,"lhd":false,"fld":false,"wet":false,"oc":"NEWTON"}},{"type":"Feature","geometry":{"type":"Polygon","coordinates":[[[-71.1906,42.35784],[-71.19063,42.3578],[-71.19065,42.35777],[-71.19068,42.35771],[-71.19077,42.35741],[-71.19079,42.35742],[-71.19081,42.35742],[-71.19082,42.35742],[-71.1908,42.35749],[-71.19078,42.35755],[-71.19076,42.35762],[-71.19073,42.35771],[-71.19066,42.35785],[-71.1906,42.35784]]]},"properties":{"a":"WABAN ST","v":"NEWTON CORNER","z":"MR2","zf":"MR2","lot":2348,"ac":0.054,"fr":23.3,"env":0,"ew":0.0,"eh":0.0,"lv":12200.0,"psf":5.2,"minlot":7000,"minfr":70.0,"conf":false,"bld":false,"ter":"gentle","slp":5.1,"elv":55.9,"ez":0,"cor":false,"flg":true,"lhd":false,"fld":false,"wet":false,"oc":"NEWTON"}},{"type":"Feature","geometry":{"type":"Polygon","coordinates":[[[-71.21062,42.34123],[-71.21066,42.34108],[-71.21082,42.34109],[-71.21098,42.34111],[-71.21108,42.34112],[-71.21106,42.34128],[-71.21062,42.34123]]]},"properties":{"a":"BEAUMONT AVE","v":"NEWTONVILLE","z":"SR2","zf":"SR2","lot":7401,"ac":0.17,"fr":56.4,"env":3105,"ew":84.5,"eh":36.7,"lv":59300.0,"psf":8.01,"minlot":15000,"minfr":100.0,"conf":false,"bld":true,"ter":"gentle","slp":9.2,"elv":134.3,"ez":0,"cor":false,"flg":false,"lhd":false,"fld":false,"wet":false,"oc":"NEWTON"}},{"type":"Feature","geometry":{"type":"Polygon","coordinates":[[[-71.23927,42.32322],[-71.23918,42.32322],[-71.23915,42.32322],[-71.23904,42.32322],[-71.23904,42.32321],[-71.23906,42.32315],[-71.23908,42.32304],[-71.2391,42.32294],[-71.23938,42.32292],[-71.23935,42.32307],[-71.23931,42.32322],[-71.23927,42.32322]]]},"properties":{"a":"ROKEBY RD","v":"WABAN","z":"SR2","zf":"SR2","lot":7701,"ac":0.177,"fr":56.8,"env":2343,"ew":30.5,"eh":76.7,"lv":37100.0,"psf":4.82,"minlot":15000,"minfr":100.0,"conf":false,"bld":true,"ter":"moderate","slp":11.5,"elv":96.6,"ez":0,"cor":false,"flg":true,"lhd":false,"fld":false,"wet":false,"oc":"WESTBOROUGH"}},{"type":"Feature","geometry":{"type":"Polygon","coordinates":[[[-71.25614,42.34228],[-71.25624,42.34213],[-71.25624,42.34213],[-71.25633,42.34214],[-71.25651,42.34185],[-71.25655,42.34186],[-71.25676,42.34193],[-71.2568,42.34194],[-71.25684,42.34196],[-71.25687,42.34198],[-71.2568,42.3421],[-71.25614,42.34228]]]},"properties":{"a":"CHARLES ST  AUB","v":"AUBURNDALE","z":"MR2","zf":"MR2","lot":10102,"ac":0.232,"fr":99.0,"env":3375,"ew":74.4,"eh":45.4,"lv":49600.0,"psf":4.91,"minlot":7000,"minfr":70.0,"conf":true,"bld":true,"ter":"moderate","slp":10.8,"elv":60.3,"ez":1,"cor":false,"flg":false,"lhd":false,"fld":false,"wet":false,"oc":"AUBURNDALE"}},{"type":"Feature","geometry":{"type":"Polygon","coordinates":[[[-71.22416,42.35086],[-71.22412,42.35085],[-71.22412,42.35072],[-71.22423,42.35074],[-71.22421,42.35086],[-71.22416,42.35086]]]},"properties":{"a":"DAVIS AVE","v":"WEST NEWTON","z":"SR3","zf":"SR3","lot":1189,"ac":0.027,"fr":48.3,"env":0,"ew":0.0,"eh":0.0,"lv":5900.0,"psf":4.96,"minlot":10000,"minfr":80.0,"conf":false,"bld":false,"ter":"flat","slp":2.5,"elv":46.8,"ez":0,"cor":false,"flg":true,"lhd":false,"fld":false,"wet":false,"oc":"WEST NEWTON"}},{"type":"Feature","geometry":{"type":"Polygon","coordinates":[[[-71.21369,42.32163],[-71.21371,42.32162],[-71.21376,42.3216],[-71.21383,42.32158],[-71.21387,42.32157],[-71.21388,42.32156],[-71.21392,42.32155],[-71.21403,42.32175],[-71.21398,42.32177],[-71.21396,42.32177],[-71.21395,42.32178],[-71.21389,42.32179],[-71.21388,42.3218],[-71.21386,42.3218],[-71.21384,42.32181],[-71.21382,42.32181],[-71.21369,42.32163]]]},"properties":{"a":"OAK TER","v":"NEWTON HIGHLANDS","z":"SR2","zf":"SR2","lot":4879,"ac":0.112,"fr":56.1,"env":1079,"ew":36.3,"eh":29.7,"lv":31400.0,"psf":6.44,"minlot":15000,"minfr":100.0,"conf":false,"bld":true,"ter":"gentle","slp":8.4,"elv":146.7,"ez":0,"cor":false,"flg":false,"lhd":false,"fld":false,"wet":false,"oc":"NEWTON HGLDS"}},{"type":"Feature","geometry":{"type":"Polygon","coordinates":[[[-71.18676,42.34023],[-71.18658,42.34023],[-71.18661,42.34018],[-71.18673,42.34],[-71.18675,42.33997],[-71.18676,42.33996],[-71.18678,42.33996],[-71.1868,42.33997],[-71.18683,42.33997],[-71.18677,42.34023],[-71.18677,42.34023],[-71.18676,42.34023],[-71.18676,42.34023]]]},"properties":{"a":"IRELAND RD","v":"NEWTON CENTRE","z":"SR2","zf":"SR2","lot":3859,"ac":0.089,"fr":13.6,"env":0,"ew":0.0,"eh":0.0,"lv":34100.0,"psf":8.84,"minlot":15000,"minfr":100.0,"conf":false,"bld":false,"ter":"moderate","slp":12.2,"elv":161.3,"ez":1,"cor":false,"flg":true,"lhd":false,"fld":false,"wet":false,"oc":"NEWTON CENTRE"}},{"type":"Feature","geometry":{"type":"Polygon","coordinates":[[[-71.25309,42.34169],[-71.25341,42.34183],[-71.25327,42.34199],[-71.25304,42.34188],[-71.25303,42.34187],[-71.25302,42.34187],[-71.25302,42.34186],[-71.25301,42.34185],[-71.25301,42.34184],[-71.25301,42.34183],[-71.25301,42.34183],[-71.25301,42.34182],[-71.25302,42.34181],[-71.25309,42.34169]]]},"properties":{"a":"LEIGHTON RD","v":"AUBURNDALE","z":"SR3","zf":"SR3","lot":6983,"ac":0.16,"fr":123.2,"env":639,"ew":24.8,"eh":25.8,"lv":44100.0,"psf":6.32,"minlot":10000,"minfr":80.0,"conf":false,"bld":false,"ter":"moderate","slp":10.7,"elv":119.3,"ez":0,"cor":true,"flg":false,"lhd":true,"fld":false,"wet":false,"oc":"AUBURNDALE"}},{"type":"Feature","geometry":{"type":"Polygon","coordinates":[[[-71.1891,42.34063],[-71.1888,42.34061],[-71.18869,42.3406],[-71.1889,42.34045],[-71.18899,42.34039],[-71.18902,42.34037],[-71.18902,42.34037],[-71.18902,42.34037],[-71.18903,42.34038],[-71.18904,42.34038],[-71.18906,42.34039],[-71.18908,42.34039],[-71.18909,42.34039],[-71.18911,42.34039],[-71.18912,42.34039],[-71.18913,42.34039],[-71.18915,42.34038],[-71.18916,42.34038],[-71.18918,42.34038],[-71.18918,42.34042],[-71.18917,42.34046],[-71.18917,42.34051],[-71.18916,42.34058],[-71.18916,42.34061],[-71.18915,42.34063],[-71.1891,42.34063]]]},"properties":{"a":"ALDERWOOD RD","v":"NEWTON CENTRE","z":"SR2","zf":"SR2","lot":5001,"ac":0.115,"fr":13.9,"env":1853,"ew":40.5,"eh":45.8,"lv":44500.0,"psf":8.9,"minlot":15000,"minfr":100.0,"conf":false,"bld":true,"ter":"moderate","slp":10.1,"elv":145.3,"ez":0,"cor":false,"flg":true,"lhd":false,"fld":false,"wet":false,"oc":"NEWTON"}},{"type":"Feature","geometry":{"type":"Polygon","coordinates":[[[-71.23202,42.36216],[-71.23177,42.36223],[-71.23178,42.3622],[-71.23184,42.36205],[-71.23191,42.36206],[-71.23204,42.36209],[-71.23204,42.36209],[-71.23202,42.36216]]]},"properties":{"a":"FULLER ST  WST","v":"WEST NEWTON","z":"SR3","zf":"SR3","lot":2378,"ac":0.055,"fr":11.2,"env":330,"ew":15.7,"eh":21.0,"lv":13000.0,"psf":5.47,"minlot":10000,"minfr":80.0,"conf":false,"bld":false,"ter":"flat","slp":2.1,"elv":94.0,"ez":0,"cor":false,"flg":true,"lhd":false,"fld":false,"wet":false,"oc":"WALTHAM"}},{"type":"Feature","geometry":{"type":"Polygon","coordinates":[[[-71.20225,42.35449],[-71.20238,42.35442],[-71.20259,42.35457],[-71.20245,42.35466],[-71.20225,42.35449]]]},"properties":{"a":"MAGUIRE CT","v":"NEWTONVILLE","z":"MAN","zf":"MAN","lot":3328,"ac":0.076,"fr":49.9,"env":406,"ew":19.8,"eh":20.5,"lv":17400.0,"psf":5.23,"minlot":null,"minfr":null,"conf":false,"bld":false,"ter":"flat","slp":1.1,"elv":39.7,"ez":2,"cor":false,"flg":false,"lhd":false,"fld":false,"wet":false,"oc":"NEWTON"}},{"type":"Feature","geometry":{"type":"Polygon","coordinates":[[[-71.18489,42.33034],[-71.18489,42.33031],[-71.18511,42.33034],[-71.18533,42.33038],[-71.18533,42.33045],[-71.18489,42.33034]]]},"properties":{"a":"BEACON ST REAR","v":"NEWTON CENTRE","z":"SR1","zf":"SR1","lot":2161,"ac":0.05,"fr":27.0,"env":0,"ew":0.0,"eh":0.0,"lv":21600.0,"psf":10.0,"minlot":25000,"minfr":125.0,"conf":false,"bld":false,"ter":"moderate","slp":12.5,"elv":146.1,"ez":2,"cor":false,"flg":true,"lhd":false,"fld":true,"wet":false,"oc":"CHESTNUT HILL"}},{"type":"Feature","geometry":{"type":"Polygon","coordinates":[[[-71.24382,42.32227],[-71.24396,42.32221],[-71.24401,42.32218],[-71.24406,42.32216],[-71.24435,42.32222],[-71.24393,42.3224],[-71.24392,42.32238],[-71.24389,42.32235],[-71.24386,42.32232],[-71.24383,42.32229],[-71.24382,42.32228],[-71.24382,42.32227]]]},"properties":{"a":"PONTIAC RD","v":"NEWTON LOWER FALLS","z":"SR2","zf":"SR2","lot":5898,"ac":0.135,"fr":41.4,"env":1500,"ew":49.4,"eh":30.4,"lv":50500.0,"psf":8.56,"minlot":15000,"minfr":100.0,"conf":false,"bld":true,"ter":"gentle","slp":6.8,"elv":76.8,"ez":0,"cor":false,"flg":false,"lhd":false,"fld":false,"wet":false,"oc":"WABAN"}},{"type":"Feature","geometry":{"type":"Polygon","coordinates":[[[-71.20335,42.3191],[-71.20335,42.31901],[-71.20351,42.31902],[-71.2035,42.3191],[-71.20335,42.3191]]]},"properties":{"a":"BOYLSTON ST","v":"NEWTON HIGHLANDS","z":"SR3","zf":"SR3","lot":1241,"ac":0.029,"fr":40.1,"env":0,"ew":0.0,"eh":0.0,"lv":5800.0,"psf":4.67,"minlot":10000,"minfr":80.0,"conf":false,"bld":false,"ter":"flat","slp":3.4,"elv":125.0,"ez":0,"cor":false,"flg":false,"lhd":false,"fld":false,"wet":false,"oc":"NEWTON"}},{"type":"Feature","geometry":{"type":"Polygon","coordinates":[[[-71.20031,42.35731],[-71.2004,42.35725],[-71.20059,42.35741],[-71.20051,42.35748],[-71.20046,42.35744],[-71.20041,42.3574],[-71.20031,42.35731]]]},"properties":{"a":"MURPHY CT","v":"NONANTUM","z":"MR2","zf":"MR2","lot":2788,"ac":0.064,"fr":32.9,"env":416,"ew":20.0,"eh":20.9,"lv":14500.0,"psf":5.2,"minlot":7000,"minfr":70.0,"conf":false,"bld":false,"ter":"flat","slp":3.3,"elv":48.1,"ez":0,"cor":false,"flg":false,"lhd":false,"fld":false,"wet":false,"oc":"NEWTON"}},{"type":"Feature","geometry":{"type":"Polygon","coordinates":[[[-71.20995,42.36263],[-71.21,42.3625],[-71.21002,42.3625],[-71.21018,42.36253],[-71.21032,42.36256],[-71.21035,42.36257],[-71.21036,42.36257],[-71.21031,42.3627],[-71.20995,42.36263]]]},"properties":{"a":"WYOMING RD","v":"NONANTUM","z":"SR3","zf":"SR3","lot":5001,"ac":0.115,"fr":50.1,"env":1114,"ew":44.7,"eh":24.9,"lv":28800.0,"psf":5.76,"minlot":10000,"minfr":80.0,"conf":false,"bld":true,"ter":"gentle","slp":6.0,"elv":48.6,"ez":0,"cor":false,"flg":false,"lhd":false,"fld":false,"wet":false,"oc":"WABAN"}},{"type":"Feature","geometry":{"type":"Polygon","coordinates":[[[-71.1773,42.34024],[-71.17731,42.34022],[-71.17731,42.34022],[-71.17732,42.3402],[-71.17733,42.34017],[-71.17775,42.34026],[-71.17778,42.34027],[-71.17777,42.34033],[-71.1773,42.34024]]]},"properties":{"a":"WOODCHESTER DR","v":"CHESTNUT HILL","z":"SR2","zf":"SR2","lot":3472,"ac":0.08,"fr":10.3,"env":0,"ew":0.0,"eh":0.0,"lv":30300.0,"psf":8.73,"minlot":15000,"minfr":100.0,"conf":false,"bld":false,"ter":"gentle","slp":8.4,"elv":193.9,"ez":0,"cor":false,"flg":false,"lhd":false,"fld":false,"wet":false,"oc":"CHESTNUT HILL"}},{"type":"Feature","geometry":{"type":"Polygon","coordinates":[[[-71.2241,42.36234],[-71.2242,42.36243],[-71.22421,42.36244],[-71.22422,42.36244],[-71.22423,42.36245],[-71.22402,42.36249],[-71.22397,42.3625],[-71.22391,42.36252],[-71.2239,42.36251],[-71.2239,42.36251],[-71.2239,42.36248],[-71.22392,42.36246],[-71.2241,42.36234]]]},"properties":{"a":"TAFT AVE","v":"WEST NEWTON","z":"SR3","zf":"SR3","lot":2688,"ac":0.062,"fr":76.9,"env":0,"ew":0.0,"eh":0.0,"lv":15300.0,"psf":5.69,"minlot":10000,"minfr":80.0,"conf":false,"bld":false,"ter":"moderate","slp":10.2,"elv":62.9,"ez":0,"cor":false,"flg":false,"lhd":false,"fld":false,"wet":false,"oc":"WEST NEWTON"}},{"type":"Feature","geometry":{"type":"Polygon","coordinates":[[[-71.22298,42.36248],[-71.22312,42.36239],[-71.22314,42.36238],[-71.22315,42.36237],[-71.2233,42.3625],[-71.22327,42.36251],[-71.22325,42.36253],[-71.22321,42.36256],[-71.22324,42.36258],[-71.22326,42.3626],[-71.22331,42.36264],[-71.22327,42.36265],[-71.22324,42.36266],[-71.22319,42.36267],[-71.22317,42.36265],[-71.2231,42.36259],[-71.22298,42.36248]]]},"properties":{"a":"HARDING ST OFF","v":"WEST NEWTON","z":"SR3","zf":"SR3","lot":4635,"ac":0.106,"fr":12.6,"env":1543,"ew":30.1,"eh":51.3,"lv":26600.0,"psf":5.74,"minlot":10000,"minfr":80.0,"conf":false,"bld":true,"ter":"moderate","slp":10.2,"elv":54.8,"ez":0,"cor":false,"flg":false,"lhd":false,"fld":false,"wet":false,"oc":"NEWTON"}},{"type":"Feature","geometry":{"type":"Polygon","coordinates":[[[-71.22263,42.32068],[-71.22288,42.3204],[-71.22304,42.32047],[-71.22279,42.32076],[-71.22274,42.32074],[-71.22265,42.32069],[-71.22263,42.32068]]]},"properties":{"a":"SHEPHERD PK","v":"NEWTON UPPER FALLS","z":"SR2","zf":"SR2","lot":5998,"ac":0.138,"fr":50.3,"env":1224,"ew":30.1,"eh":40.7,"lv":45800.0,"psf":7.64,"minlot":15000,"minfr":100.0,"conf":false,"bld":true,"ter":"gentle","slp":8.8,"elv":132.1,"ez":0,"cor":false,"flg":false,"lhd":false,"fld":false,"wet":false,"oc":"WABAN"}},{"type":"Feature","geometry":{"type":"Polygon","coordinates":[[[-71.18692,42.34488],[-71.18729,42.34499],[-71.18722,42.34521],[-71.18637,42.34503],[-71.18638,42.345],[-71.18683,42.34509],[-71.18684,42.34506],[-71.18685,42.34506],[-71.18685,42.34504],[-71.18687,42.345],[-71.1869,42.34493],[-71.18692,42.34488]]]},"properties":{"a":"JAMESON RD","v":"NEWTON CORNER","z":"SR2","zf":"SR2","lot":11099,"ac":0.255,"fr":11.1,"env":4138,"ew":83.7,"eh":49.4,"lv":70500.0,"psf":6.35,"minlot":15000,"minfr":100.0,"conf":false,"bld":true,"ter":"flat","slp":4.9,"elv":194.0,"ez":0,"cor":false,"flg":false,"lhd":false,"fld":false,"wet":false,"oc":"NEWTON"}},{"type":"Feature","geometry":{"type":"Polygon","coordinates":[[[-71.24959,42.32814],[-71.24964,42.32811],[-71.24966,42.3281],[-71.24967,42.3281],[-71.24974,42.32806],[-71.24975,42.32806],[-71.24977,42.32805],[-71.2498,42.32821],[-71.24971,42.32824],[-71.24952,42.3283],[-71.24935,42.32835],[-71.24942,42.32829],[-71.24948,42.32824],[-71.24959,42.32814]]]},"properties":{"a":"WABAN AVE","v":"NEWTON LOWER FALLS","z":"SR2","zf":"SR2","lot":4809,"ac":0.11,"fr":58.2,"env":647,"ew":25.5,"eh":25.4,"lv":41200.0,"psf":8.57,"minlot":15000,"minfr":100.0,"conf":false,"bld":false,"ter":"moderate","slp":14.6,"elv":107.7,"ez":0,"cor":false,"flg":true,"lhd":false,"fld":false,"wet":false,"oc":"NEWTON"}},{"type":"Feature","geometry":{"type":"Polygon","coordinates":[[[-71.23897,42.32236],[-71.23897,42.32232],[-71.23902,42.32232],[-71.23909,42.32231],[-71.23915,42.3223],[-71.23922,42.3223],[-71.23923,42.32256],[-71.2391,42.32258],[-71.23909,42.32258],[-71.23903,42.32259],[-71.23898,42.3226],[-71.23897,42.32236]]]},"properties":{"a":"QUINOBEQUIN RD","v":"WABAN","z":"SR2","zf":"SR2","lot":6081,"ac":0.14,"fr":68.4,"env":3246,"ew":72.5,"eh":44.8,"lv":4300.0,"psf":0.71,"minlot":15000,"minfr":100.0,"conf":false,"bld":false,"ter":"flat","slp":3.5,"elv":69.8,"ez":0,"cor":false,"flg":false,"lhd":false,"fld":false,"wet":true,"oc":"WESTBOROUGH"}},{"type":"Feature","geometry":{"type":"Polygon","coordinates":[[[-71.17313,42.35428],[-71.17325,42.35416],[-71.17325,42.35416],[-71.17325,42.35416],[-71.17329,42.35418],[-71.17317,42.35431],[-71.17313,42.35428],[-71.17313,42.35428]]]},"properties":{"a":"BURTON ST REAR","v":"NEWTON CORNER","z":"SR3","zf":"SR3","lot":841,"ac":0.019,"fr":14.2,"env":0,"ew":0.0,"eh":0.0,"lv":5800.0,"psf":6.9,"minlot":10000,"minfr":80.0,"conf":false,"bld":false,"ter":"gentle","slp":7.5,"elv":107.5,"ez":0,"cor":false,"flg":true,"lhd":false,"fld":false,"wet":false,"oc":"NEWTON"}},{"type":"Feature","geometry":{"type":"Polygon","coordinates":[[[-71.17349,42.35391],[-71.17392,42.35347],[-71.17392,42.35346],[-71.17392,42.35346],[-71.17396,42.35348],[-71.17353,42.35393],[-71.17349,42.35391],[-71.17349,42.35391]]]},"properties":{"a":"WASHINGTON ST","v":"NEWTON CORNER","z":"SR3","zf":"SR3","lot":2831,"ac":0.065,"fr":13.9,"env":0,"ew":0.0,"eh":0.0,"lv":18000.0,"psf":6.36,"minlot":10000,"minfr":80.0,"conf":false,"bld":false,"ter":"gentle","slp":7.5,"elv":116.9,"ez":0,"cor":false,"flg":false,"lhd":false,"fld":false,"wet":false,"oc":"BRIGHTON"}},{"type":"Feature","geometry":{"type":"Polygon","coordinates":[[[-71.20608,42.30586],[-71.20624,42.30579],[-71.20643,42.30602],[-71.20627,42.30609],[-71.20608,42.30586]]]},"properties":{"a":"GODDARD ST","v":"OAK HILL","z":"SR3","zf":"SR3","lot":5001,"ac":0.115,"fr":50.9,"env":1001,"ew":24.9,"eh":40.1,"lv":29300.0,"psf":5.86,"minlot":10000,"minfr":80.0,"conf":false,"bld":true,"ter":"flat","slp":1.8,"elv":149.7,"ez":0,"cor":false,"flg":false,"lhd":false,"fld":false,"wet":false,"oc":"NORWELL"}},{"type":"Feature","geometry":{"type":"Polygon","coordinates":[[[-71.23881,42.32321],[-71.2388,42.32321],[-71.23878,42.32321],[-71.23877,42.32321],[-71.23882,42.32296],[-71.23892,42.32295],[-71.23903,42.32294],[-71.2391,42.32294],[-71.23908,42.32304],[-71.23906,42.32315],[-71.23904,42.32321],[-71.23904,42.32322],[-71.23897,42.32321],[-71.23891,42.32321],[-71.23887,42.32321],[-71.23886,42.32321],[-71.23881,42.32321]]]},"properties":{"a":"ROKEBY RD","v":"WABAN","z":"SR2","zf":"SR2","lot":6695,"ac":0.154,"fr":20.4,"env":3012,"ew":49.5,"eh":60.8,"lv":32200.0,"psf":4.81,"minlot":15000,"minfr":100.0,"conf":false,"bld":true,"ter":"moderate","slp":11.5,"elv":100.4,"ez":0,"cor":false,"flg":true,"lhd":false,"fld":false,"wet":false,"oc":"WESTBOROUGH"}},{"type":"Feature","geometry":{"type":"Polygon","coordinates":[[[-71.19813,42.34967],[-71.19817,42.34955],[-71.19847,42.34962],[-71.19843,42.34973],[-71.19813,42.34967]]]},"properties":{"a":"PARKVIEW AVE","v":"NEWTONVILLE","z":"MR1","zf":"MR1","lot":3219,"ac":0.074,"fr":42.0,"env":0,"ew":0.0,"eh":0.0,"lv":22100.0,"psf":6.87,"minlot":7000,"minfr":70.0,"conf":false,"bld":false,"ter":"flat","slp":0.6,"elv":47.6,"ez":1,"cor":false,"flg":false,"lhd":false,"fld":false,"wet":false,"oc":"NEWTON"}},{"type":"Feature","geometry":{"type":"Polygon","coordinates":[[[-71.23806,42.35926],[-71.23791,42.3592],[-71.238,42.3589],[-71.23824,42.35898],[-71.23822,42.35913],[-71.2382,42.35922],[-71.23819,42.3593],[-71.23806,42.35926]]]},"properties":{"a":"MILTON AVE","v":"WEST NEWTON","z":"SR3","zf":"SR3","lot":7967,"ac":0.183,"fr":33.5,"env":2576,"ew":25.5,"eh":101.0,"lv":43500.0,"psf":5.46,"minlot":10000,"minfr":80.0,"conf":false,"bld":true,"ter":"gentle","slp":5.8,"elv":95.3,"ez":0,"cor":false,"flg":true,"lhd":false,"fld":false,"wet":false,"oc":"NEWTON"}},{"type":"Feature","geometry":{"type":"Polygon","coordinates":[[[-71.1848,42.33423],[-71.18481,42.33422],[-71.18482,42.33421],[-71.18483,42.33419],[-71.18494,42.33422],[-71.18518,42.33422],[-71.18515,42.33439],[-71.1848,42.33423]]]},"properties":{"a":"CROFTDALE RD","v":"NEWTON CENTRE","z":"SR1","zf":"SR1","lot":3411,"ac":0.078,"fr":32.8,"env":0,"ew":0.0,"eh":0.0,"lv":36900.0,"psf":10.82,"minlot":25000,"minfr":125.0,"conf":false,"bld":false,"ter":"steep","slp":15.8,"elv":202.0,"ez":1,"cor":false,"flg":true,"lhd":false,"fld":false,"wet":false,"oc":"NEWTON CENTRE"}},{"type":"Feature","geometry":{"type":"Polygon","coordinates":[[[-71.19573,42.31891],[-71.19574,42.31861],[-71.19575,42.31861],[-71.19582,42.31861],[-71.19586,42.31861],[-71.19589,42.31862],[-71.19589,42.31864],[-71.19589,42.31865],[-71.19588,42.31876],[-71.19588,42.31888],[-71.19587,42.31891],[-71.19587,42.31893],[-71.19581,42.31892],[-71.19576,42.31891],[-71.19573,42.31891]]]},"properties":{"a":"BOYLSTON ST","v":"NEWTON HIGHLANDS","z":"SR3","zf":"SR3","lot":4508,"ac":0.103,"fr":30.4,"env":3385,"ew":42.2,"eh":80.2,"lv":24400.0,"psf":5.41,"minlot":10000,"minfr":80.0,"conf":false,"bld":true,"ter":"very_steep","slp":65.6,"elv":118.0,"ez":1,"cor":false,"flg":false,"lhd":false,"fld":false,"wet":false,"oc":"NEWTON"}},{"type":"Feature","geometry":{"type":"Polygon","coordinates":[[[-71.23143,42.35722],[-71.23146,42.35718],[-71.2315,42.35712],[-71.23156,42.35704],[-71.23159,42.35699],[-71.23166,42.35702],[-71.23167,42.35702],[-71.23176,42.35706],[-71.23161,42.35729],[-71.23156,42.35727],[-71.23143,42.35722]]]},"properties":{"a":"CLEVELAND ST","v":"WEST NEWTON","z":"SR3","zf":"SR3","lot":4844,"ac":0.111,"fr":49.6,"env":1183,"ew":29.9,"eh":39.5,"lv":26400.0,"psf":5.45,"minlot":10000,"minfr":80.0,"conf":false,"bld":true,"ter":"flat","slp":3.0,"elv":67.6,"ez":0,"cor":false,"flg":false,"lhd":false,"fld":false,"wet":false,"oc":"NEWTON"}},{"type":"Feature","geometry":{"type":"Polygon","coordinates":[[[-71.2017,42.34144],[-71.20188,42.34139],[-71.20185,42.34148],[-71.2017,42.34144]]]},"properties":{"a":"MILL ST OFF","v":"NEWTONVILLE","z":"SR2","zf":"SR2","lot":749,"ac":0.017,"fr":53.7,"env":0,"ew":0.0,"eh":0.0,"lv":6100.0,"psf":8.14,"minlot":15000,"minfr":100.0,"conf":false,"bld":false,"ter":"gentle","slp":8.3,"elv":117.9,"ez":0,"cor":false,"flg":true,"lhd":false,"fld":false,"wet":false,"oc":"NEWTON"}},{"type":"Feature","geometry":{"type":"Polygon","coordinates":[[[-71.17289,42.30988],[-71.17251,42.3096],[-71.17251,42.30959],[-71.17252,42.30958],[-71.17254,42.30956],[-71.17255,42.30956],[-71.17259,42.30958],[-71.17277,42.3097],[-71.17297,42.30982],[-71.17289,42.30988],[-71.17289,42.30988]]]},"properties":{"a":"AUDUBON DR OFF","v":"THOMPSONVILLE","z":"SR3","zf":"SR3","lot":1999,"ac":0.046,"fr":11.5,"env":0,"ew":0.0,"eh":0.0,"lv":14400.0,"psf":7.2,"minlot":10000,"minfr":80.0,"conf":false,"bld":false,"ter":"gentle","slp":9.4,"elv":194.5,"ez":0,"cor":false,"flg":true,"lhd":false,"fld":false,"wet":false,"oc":"CHESTNUT HILL"}},{"type":"Feature","geometry":{"type":"Polygon","coordinates":[[[-71.18414,42.32144],[-71.18428,42.32143],[-71.18456,42.32141],[-71.1848,42.32137],[-71.185,42.32154],[-71.18448,42.32173],[-71.18448,42.32172],[-71.18446,42.32171],[-71.18446,42.32171],[-71.18444,42.32169],[-71.18441,42.32167],[-71.18437,42.32164],[-71.18433,42.32162],[-71.18433,42.32161],[-71.18431,42.3216],[-71.18426,42.32156],[-71.18424,42.32155],[-71.18424,42.32154],[-71.18422,42.32153],[-71.18419,42.3215],[-71.18417,42.32148],[-71.18416,42.32147],[-71.18416,42.32146],[-71.18414,42.32144]]]},"properties":{"a":"LANGLEY RD","v":"THOMPSONVILLE","z":"MR1","zf":"MR1","lot":16919,"ac":0.388,"fr":82.7,"env":6757,"ew":123.7,"eh":54.6,"lv":90800.0,"psf":5.37,"minlot":7000,"minfr":70.0,"conf":true,"bld":true,"ter":"moderate","slp":13.7,"elv":241.2,"ez":0,"cor":false,"flg":false,"lhd":false,"fld":false,"wet":false,"oc":"NEEDHAM"}},{"type":"Feature","geometry":{"type":"Polygon","coordinates":[[[-71.18588,42.34237],[-71.18613,42.34243],[-71.18617,42.34265],[-71.18615,42.34265],[-71.18613,42.34265],[-71.18611,42.34265],[-71.18609,42.34265],[-71.18607,42.34265],[-71.18605,42.34265],[-71.18605,42.34265],[-71.18604,42.34265],[-71.18603,42.34265],[-71.18603,42.34265],[-71.18601,42.34265],[-71.18599,42.34265],[-71.18586,42.34262],[-71.18584,42.34261],[-71.18584,42.34261],[-71.18583,42.34261],[-71.18582,42.3426],[-71.18582,42.34259],[-71.18581,42.34257],[-71.18582,42.34256],[-71.18588,42.34237]]]},"properties":{"a":"COTTON ST","v":"CHESTNUT HILL","z":"SR2","zf":"SR2","lot":8128,"ac":0.187,"fr":107.0,"env":1664,"ew":40.7,"eh":40.9,"lv":72000.0,"psf":8.86,"minlot":15000,"minfr":100.0,"conf":false,"bld":true,"ter":"flat","slp":4.4,"elv":201.1,"ez":0,"cor":true,"flg":false,"lhd":false,"fld":false,"wet":false,"oc":"NEWTON"}},{"type":"Feature","geometry":{"type":"Polygon","coordinates":[[[-71.18736,42.34321],[-71.18746,42.34316],[-71.18762,42.3432],[-71.1876,42.34328],[-71.18736,42.34321]]]},"properties":{"a":"BRACKETT RD","v":"NEWTON CORNER","z":"SR2","zf":"SR2","lot":1198,"ac":0.028,"fr":44.8,"env":0,"ew":0.0,"eh":0.0,"lv":10700.0,"psf":8.93,"minlot":15000,"minfr":100.0,"conf":false,"bld":false,"ter":"gentle","slp":5.5,"elv":181.9,"ez":0,"cor":false,"flg":true,"lhd":false,"fld":false,"wet":false,"oc":"NEWTON"}},{"type":"Feature","geometry":{"type":"Polygon","coordinates":[[[-71.24278,42.32845],[-71.24284,42.32832],[-71.24288,42.32823],[-71.24292,42.32823],[-71.24298,42.32825],[-71.24306,42.32827],[-71.24296,42.3285],[-71.24291,42.32848],[-71.24291,42.32848],[-71.24278,42.32845]]]},"properties":{"a":"BEACON ST","v":"WABAN","z":"SR2","zf":"SR2","lot":4208,"ac":0.097,"fr":49.0,"env":1211,"ew":35.1,"eh":34.5,"lv":33200.0,"psf":7.89,"minlot":15000,"minfr":100.0,"conf":false,"bld":true,"ter":"gentle","slp":8.6,"elv":151.9,"ez":0,"cor":false,"flg":false,"lhd":false,"fld":false,"wet":false,"oc":"WABAN"}},{"type":"Feature","geometry":{"type":"Polygon","coordinates":[[[-71.22599,42.33221],[-71.22602,42.33221],[-71.22606,42.33221],[-71.22611,42.33222],[-71.22612,42.33222],[-71.22614,42.33222],[-71.22615,42.33222],[-71.22616,42.33249],[-71.22612,42.3325],[-71.22607,42.3325],[-71.22602,42.33251],[-71.22601,42.33251],[-71.22599,42.33221]]]},"properties":{"a":"MOFFAT RD","v":"WABAN","z":"SR2","zf":"SR2","lot":4182,"ac":0.096,"fr":23.7,"env":3095,"ew":46.6,"eh":66.4,"lv":31900.0,"psf":7.63,"minlot":15000,"minfr":100.0,"conf":false,"bld":true,"ter":"gentle","slp":7.6,"elv":130.7,"ez":0,"cor":false,"flg":false,"lhd":false,"fld":false,"wet":false,"oc":"WABAN"}},{"type":"Feature","geometry":{"type":"Polygon","coordinates":[[[-71.21102,42.31242],[-71.21086,42.31235],[-71.21086,42.31235],[-71.21079,42.31232],[-71.21081,42.3123],[-71.21082,42.31229],[-71.21084,42.31226],[-71.21104,42.31234],[-71.21106,42.31235],[-71.21108,42.31236],[-71.21116,42.3124],[-71.21113,42.31243],[-71.21112,42.31244],[-71.21111,42.31246],[-71.2111,42.31245],[-71.21106,42.31244],[-71.21102,42.31242]]]},"properties":{"a":"HIGH ST  HGH","v":"NEWTON HIGHLANDS","z":"MR1","zf":"MR1","lot":2500,"ac":0.057,"fr":12.0,"env":0,"ew":0.0,"eh":0.0,"lv":14600.0,"psf":5.84,"minlot":7000,"minfr":70.0,"conf":false,"bld":false,"ter":"flat","slp":5.0,"elv":115.1,"ez":0,"cor":false,"flg":false,"lhd":false,"fld":false,"wet":false,"oc":"NEWTON"}},{"type":"Feature","geometry":{"type":"Polygon","coordinates":[[[-71.17599,42.30745],[-71.17629,42.30718],[-71.17633,42.30721],[-71.17646,42.30728],[-71.17621,42.30757],[-71.17616,42.30754],[-71.17612,42.30752],[-71.17611,42.30752],[-71.1761,42.30751],[-71.17605,42.30748],[-71.176,42.30746],[-71.17599,42.30745]]]},"properties":{"a":"NICKERSON RD","v":"OAK HILL","z":"SR3","zf":"SR3","lot":8512,"ac":0.195,"fr":64.3,"env":1967,"ew":35.6,"eh":55.3,"lv":61300.0,"psf":7.2,"minlot":10000,"minfr":80.0,"conf":false,"bld":true,"ter":"gentle","slp":6.6,"elv":160.5,"ez":0,"cor":false,"flg":false,"lhd":false,"fld":false,"wet":false,"oc":"CHESTNUT HILL"}},{"type":"Feature","geometry":{"type":"Polygon","coordinates":[[[-71.18685,42.35958],[-71.18688,42.35957],[-71.18688,42.35957],[-71.18689,42.35957],[-71.18691,42.35957],[-71.18694,42.35957],[-71.18694,42.35959],[-71.18694,42.3596],[-71.18685,42.35958]]]},"properties":{"a":"BIGELOW TER REAR","v":"NEWTON CORNER","z":"MR2","zf":"MR2","lot":70,"ac":0.002,"fr":25.8,"env":0,"ew":0.0,"eh":0.0,"lv":300.0,"psf":4.3,"minlot":7000,"minfr":70.0,"conf":false,"bld":false,"ter":"flat","slp":0.6,"elv":46.5,"ez":0,"cor":false,"flg":true,"lhd":false,"fld":false,"wet":false,"oc":"BELMONT"}},{"type":"Feature","geometry":{"type":"Polygon","coordinates":[[[-71.17325,42.35416],[-71.17337,42.35403],[-71.17337,42.35403],[-71.17337,42.35403],[-71.17341,42.35406],[-71.17329,42.35418],[-71.17325,42.35416],[-71.17325,42.35416],[-71.17325,42.35416]]]},"properties":{"a":"BURTON ST REAR","v":"NEWTON CORNER","z":"SR3","zf":"SR3","lot":832,"ac":0.019,"fr":14.0,"env":0,"ew":0.0,"eh":0.0,"lv":5800.0,"psf":6.97,"minlot":10000,"minfr":80.0,"conf":false,"bld":false,"ter":"gentle","slp":7.5,"elv":110.6,"ez":0,"cor":false,"flg":true,"lhd":false,"fld":false,"wet":false,"oc":"NEWTON"}},{"type":"Feature","geometry":{"type":"Polygon","coordinates":[[[-71.20733,42.31554],[-71.20735,42.31533],[-71.20743,42.31534],[-71.20753,42.31534],[-71.20766,42.31535],[-71.20764,42.31556],[-71.20755,42.31555],[-71.20754,42.31555],[-71.20733,42.31554]]]},"properties":{"a":"BRIERFIELD RD","v":"NEWTON HIGHLANDS","z":"SR3","zf":"SR3","lot":6373,"ac":0.146,"fr":76.1,"env":3201,"ew":52.0,"eh":61.5,"lv":39600.0,"psf":6.21,"minlot":10000,"minfr":80.0,"conf":false,"bld":true,"ter":"gentle","slp":7.1,"elv":114.9,"ez":0,"cor":false,"flg":false,"lhd":false,"fld":false,"wet":false,"oc":"NEWTON"}},{"type":"Feature","geometry":{"type":"Polygon","coordinates":[[[-71.234,42.34547],[-71.23413,42.34537],[-71.23438,42.34557],[-71.23427,42.34565],[-71.234,42.34547]]]},"properties":{"a":"WASHINGTON ST","v":"WEST NEWTON","z":"MR1","zf":"MR1","lot":4273,"ac":0.098,"fr":48.4,"env":636,"ew":25.3,"eh":25.1,"lv":20200.0,"psf":4.73,"minlot":7000,"minfr":70.0,"conf":false,"bld":false,"ter":"flat","slp":1.3,"elv":53.4,"ez":1,"cor":false,"flg":false,"lhd":false,"fld":false,"wet":false,"oc":"SHREWSBURY"}},{"type":"Feature","geometry":{"type":"Polygon","coordinates":[[[-71.17893,42.34581],[-71.17895,42.3458],[-71.1797,42.34577],[-71.17962,42.34595],[-71.17938,42.34597],[-71.17894,42.34599],[-71.17893,42.34591],[-71.17893,42.34586],[-71.17893,42.34581]]]},"properties":{"a":"MAGNOLIA AVE","v":"NEWTON CORNER","z":"SR1","zf":"SR1","lot":12885,"ac":0.296,"fr":66.4,"env":5222,"ew":129.4,"eh":40.3,"lv":100200.0,"psf":7.78,"minlot":25000,"minfr":125.0,"conf":false,"bld":true,"ter":"gentle","slp":8.0,"elv":163.8,"ez":0,"cor":false,"flg":false,"lhd":false,"fld":false,"wet":false,"oc":"NEWTON"}},{"type":"Feature","geometry":{"type":"Polygon","coordinates":[[[-71.19684,42.36412],[-71.19686,42.36397],[-71.19696,42.36397],[-71.19714,42.36398],[-71.19724,42.36399],[-71.19724,42.36401],[-71.19722,42.36416],[-71.19714,42.36415],[-71.19705,42.36414],[-71.19684,42.36412]]]},"properties":{"a":"ALLISON ST","v":"NONANTUM","z":"MR2","zf":"MR2","lot":6604,"ac":0.152,"fr":55.1,"env":3133,"ew":70.0,"eh":44.8,"lv":36100.0,"psf":5.47,"minlot":7000,"minfr":70.0,"conf":false,"bld":true,"ter":"flat","slp":2.8,"elv":24.4,"ez":1,"cor":false,"flg":false,"lhd":false,"fld":false,"wet":false,"oc":"NEWTON"}},{"type":"Feature","geometry":{"type":"Polygon","coordinates":[[[-71.25645,42.32709],[-71.25646,42.32707],[-71.25646,42.32706],[-71.25647,42.32704],[-71.2566,42.32705],[-71.2567,42.32705],[-71.25688,42.32706],[-71.25688,42.32708],[-71.25688,42.32712],[-71.25684,42.32712],[-71.25675,42.32711],[-71.25666,42.32711],[-71.25659,42.3271],[-71.25645,42.32709]]]},"properties":{"a":"MOULTON ST","v":"NEWTON LOWER FALLS","z":"SR3","zf":"SR3","lot":2274,"ac":0.052,"fr":33.2,"env":0,"ew":0.0,"eh":0.0,"lv":12100.0,"psf":5.32,"minlot":10000,"minfr":80.0,"conf":false,"bld":false,"ter":"gentle","slp":7.1,"elv":88.6,"ez":0,"cor":false,"flg":true,"lhd":false,"fld":false,"wet":false,"oc":"NEWTON"}},{"type":"Feature","geometry":{"type":"Polygon","coordinates":[[[-71.1814,42.30876],[-71.18141,42.30876],[-71.18141,42.30876],[-71.18143,42.30875],[-71.18148,42.30882],[-71.18149,42.30883],[-71.1815,42.30884],[-71.1815,42.30885],[-71.18151,42.30886],[-71.18151,42.30887],[-71.18152,42.30888],[-71.18152,42.30889],[-71.18153,42.3089],[-71.18153,42.30891],[-71.18154,42.30892],[-71.18154,42.30892],[-71.18154,42.30893],[-71.18154,42.30893],[-71.18155,42.30894],[-71.18155,42.30894],[-71.18155,42.30895],[-71.18155,42.30896],[-71.18155,42.30896],[-71.18156,42.30897],[-71.18156,42.30897],[-71.18156,42.30898],[-71.18156,42.309],[-71.18156,42.309],[-71.18157,42.30901],[-71.18157,42.30902],[-71.18157,42.30902],[-71.18157,42.30903],[-71.18157,42.30904],[-71.18157,42.30905],[-71.18157,42.30905],[-71.18158,42.30906],[-71.18158,42.30908],[-71.18158,42.30909],[-71.18158,42.30911],[-71.18154,42.30911],[-71.18153,42.30911],[-71.18152,42.30911],[-71.18152,42.3091],[-71.18151,42.30906],[-71.1815,42.30903],[-71.1815,42.30901],[-71.18149,42.30901],[-71.18149,42.309],[-71.18149,42.309],[-71.18149,42.30899],[-71.18149,42.30898],[-71.18148,42.30896],[-71.18148,42.30895],[-71.18147,42.30893],[-71.18146,42.3089],[-71.18145,42.30888],[-71.18145,42.30887],[-71.18144,42.30886],[-71.18144,42.30886],[-71.18143,42.30884],[-71.18143,42.30884],[-71.18143,42.30883],[-71.18142,42.30882],[-71.18142,42.30881],[-71.1814,42.30878],[-71.1814,42.30878],[-71.1814,42.30878],[-71.1814,42.30876]]]},"properties":{"a":"DUDLEY RD","v":"OAK HILL","z":"SR2","zf":"SR2","lot":2139,"ac":0.049,"fr":27.4,"env":0,"ew":0.0,"eh":0.0,"lv":14800.0,"psf":6.92,"minlot":15000,"minfr":100.0,"conf":false,"bld":false,"ter":"flat","slp":4.5,"elv":143.2,"ez":1,"cor":false,"flg":false,"lhd":false,"fld":false,"wet":false,"oc":"NEWTON"}},{"type":"Feature","geometry":{"type":"Polygon","coordinates":[[[-71.24443,42.34982],[-71.24424,42.34975],[-71.24427,42.3497],[-71.24433,42.34961],[-71.24435,42.34962],[-71.24436,42.34962],[-71.24449,42.34968],[-71.24456,42.34971],[-71.24464,42.34974],[-71.2447,42.34976],[-71.2447,42.34977],[-71.24469,42.34979],[-71.24468,42.3498],[-71.24467,42.34983],[-71.24466,42.34985],[-71.24463,42.34989],[-71.24443,42.34982]]]},"properties":{"a":"IONIA ST","v":"AUBURNDALE","z":"SR3","zf":"SR3","lot":6408,"ac":0.147,"fr":28.8,"env":1393,"ew":54.8,"eh":25.4,"lv":39700.0,"psf":6.2,"minlot":10000,"minfr":80.0,"conf":false,"bld":true,"ter":"gentle","slp":5.3,"elv":64.2,"ez":0,"cor":false,"flg":false,"lhd":false,"fld":false,"wet":false,"oc":"AUBURNDALE"}},{"type":"Feature","geometry":{"type":"Polygon","coordinates":[[[-71.16149,42.33225],[-71.16157,42.33217],[-71.16171,42.33205],[-71.16199,42.33179],[-71.16188,42.33192],[-71.16174,42.33207],[-71.16159,42.33224],[-71.16153,42.33231],[-71.16152,42.33229],[-71.16151,42.33229],[-71.16151,42.33228],[-71.1615,42.33227],[-71.1615,42.33226],[-71.16149,42.33225]]]},"properties":{"a":"CHESTNUT HILL RD","v":"CHESTNUT HILL","z":"SR1","zf":"SR1","lot":2553,"ac":0.059,"fr":30.4,"env":0,"ew":0.0,"eh":0.0,"lv":27700.0,"psf":10.85,"minlot":25000,"minfr":125.0,"conf":false,"bld":false,"ter":"steep","slp":16.0,"elv":207.3,"ez":2,"cor":false,"flg":true,"lhd":true,"fld":false,"wet":false,"oc":"CHESTNUT HILL"}},{"type":"Feature","geometry":{"type":"Polygon","coordinates":[[[-71.17341,42.31827],[-71.17365,42.3181],[-71.17363,42.31838],[-71.17341,42.31827]]]},"properties":{"a":"FLORENCE ST","v":"THOMPSONVILLE","z":"MR3","zf":"MR3","lot":2858,"ac":0.066,"fr":89.3,"env":649,"ew":21.3,"eh":30.6,"lv":17600.0,"psf":6.16,"minlot":6000,"minfr":60.0,"conf":false,"bld":false,"ter":"gentle","slp":6.1,"elv":175.4,"ez":0,"cor":false,"flg":true,"lhd":false,"fld":false,"wet":false,"oc":"BROOKLINE"}},{"type":"Feature","geometry":{"type":"Polygon","coordinates":[[[-71.23729,42.35183],[-71.23733,42.35182],[-71.23734,42.35182],[-71.23752,42.35206],[-71.23749,42.35207],[-71.23747,42.35208],[-71.23747,42.35208],[-71.23739,42.35197],[-71.23735,42.35192],[-71.23729,42.35183]]]},"properties":{"a":"AUBURNDALE AVE","v":"WEST NEWTON","z":"MR1","zf":"MR1","lot":1376,"ac":0.032,"fr":45.6,"env":0,"ew":0.0,"eh":0.0,"lv":8400.0,"psf":6.1,"minlot":7000,"minfr":70.0,"conf":false,"bld":false,"ter":"flat","slp":4.4,"elv":61.2,"ez":1,"cor":false,"flg":true,"lhd":false,"fld":false,"wet":false,"oc":"WEST NEWTON"}},{"type":"Feature","geometry":{"type":"Polygon","coordinates":[[[-71.1618,42.32669],[-71.16182,42.32672],[-71.16176,42.32674],[-71.16171,42.32676],[-71.1618,42.32669]]]},"properties":{"a":"MIDDLESEX RD","v":"CHESTNUT HILL","z":"SR1","zf":"SR1","lot":100,"ac":0.002,"fr":68.2,"env":0,"ew":0.0,"eh":0.0,"lv":1100.0,"psf":10.98,"minlot":25000,"minfr":125.0,"conf":false,"bld":false,"ter":"flat","slp":2.3,"elv":166.7,"ez":0,"cor":false,"flg":false,"lhd":false,"fld":false,"wet":false,"oc":"CHESTNUT HILL"}},{"type":"Feature","geometry":{"type":"Polygon","coordinates":[[[-71.19858,42.31595],[-71.19858,42.31594],[-71.19886,42.31613],[-71.19886,42.31614],[-71.19881,42.31611],[-71.19865,42.316],[-71.19858,42.31595]]]},"properties":{"a":"ALEXANDER RD","v":"NEWTON HIGHLANDS","z":"SR3","zf":"SR3","lot":270,"ac":0.006,"fr":16.9,"env":0,"ew":0.0,"eh":0.0,"lv":1600.0,"psf":5.92,"minlot":10000,"minfr":80.0,"conf":false,"bld":false,"ter":"gentle","slp":8.9,"elv":119.1,"ez":1,"cor":false,"flg":true,"lhd":false,"fld":false,"wet":false,"oc":"NEWTON"}},{"type":"Feature","geometry":{"type":"Polygon","coordinates":[[[-71.24417,42.35441],[-71.24456,42.35492],[-71.2446,42.35497],[-71.2446,42.35497],[-71.24466,42.35505],[-71.24458,42.35508],[-71.24451,42.35512],[-71.24437,42.35519],[-71.24439,42.35515],[-71.2444,42.35512],[-71.24439,42.35511],[-71.24438,42.35507],[-71.24434,42.35497],[-71.24433,42.35492],[-71.24417,42.35441]]]},"properties":{"a":"LEXINGTON ST","v":"AUBURNDALE","z":"MR2","zf":"MR2","lot":10001,"ac":0.23,"fr":191.1,"env":1267,"ew":19.7,"eh":64.4,"lv":59600.0,"psf":5.96,"minlot":7000,"minfr":70.0,"conf":true,"bld":true,"ter":"moderate","slp":12.5,"elv":63.4,"ez":0,"cor":false,"flg":true,"lhd":false,"fld":false,"wet":false,"oc":"WEST NEWTON"}},{"type":"Feature","geometry":{"type":"Polygon","coordinates":[[[-71.22193,42.32547],[-71.22202,42.32528],[-71.22226,42.32532],[-71.22228,42.32533],[-71.22233,42.32534],[-71.22231,42.32538],[-71.22228,42.32544],[-71.22225,42.3255],[-71.22224,42.32552],[-71.22223,42.32554],[-71.22223,42.32554],[-71.22222,42.32555],[-71.22212,42.32552],[-71.22202,42.32549],[-71.22193,42.32547]]]},"properties":{"a":"UPLAND RD REAR WAB","v":"WABAN","z":"SR2","zf":"SR2","lot":6212,"ac":0.143,"fr":70.7,"env":1991,"ew":35.9,"eh":55.5,"lv":47400.0,"psf":7.63,"minlot":15000,"minfr":100.0,"conf":false,"bld":true,"ter":"gentle","slp":7.6,"elv":132.3,"ez":0,"cor":false,"flg":true,"lhd":false,"fld":false,"wet":false,"oc":"NEWTON"}},{"type":"Feature","geometry":{"type":"Polygon","coordinates":[[[-71.22809,42.32383],[-71.22821,42.32412],[-71.22828,42.32428],[-71.22814,42.32422],[-71.22809,42.32383]]]},"properties":{"a":"HILLCREST CIR OFF","v":"WABAN","z":"SR2","zf":"SR2","lot":2561,"ac":0.059,"fr":109.7,"env":0,"ew":0.0,"eh":0.0,"lv":21900.0,"psf":8.55,"minlot":15000,"minfr":100.0,"conf":false,"bld":false,"ter":"steep","slp":18.9,"elv":150.5,"ez":0,"cor":false,"flg":true,"lhd":false,"fld":false,"wet":false,"oc":"WABAN"}},{"type":"Feature","geometry":{"type":"Polygon","coordinates":[[[-71.21217,42.33508],[-71.21225,42.33482],[-71.21247,42.33487],[-71.21238,42.33513],[-71.21217,42.33508]]]},"properties":{"a":"NORTH ST  CTR","v":"NEWTON CENTRE","z":"SR2","zf":"SR2","lot":5963,"ac":0.137,"fr":59.4,"env":2257,"ew":40.6,"eh":55.6,"lv":48000.0,"psf":8.05,"minlot":15000,"minfr":100.0,"conf":false,"bld":true,"ter":"moderate","slp":10.7,"elv":129.1,"ez":1,"cor":false,"flg":false,"lhd":false,"fld":false,"wet":false,"oc":"NEWTON"}},{"type":"Feature","geometry":{"type":"Polygon","coordinates":[[[-71.19906,42.3639],[-71.19905,42.36385],[-71.19905,42.36381],[-71.19905,42.36379],[-71.19925,42.3638],[-71.19926,42.36382],[-71.19927,42.36386],[-71.19929,42.36391],[-71.19921,42.36391],[-71.19912,42.3639],[-71.19906,42.3639]]]},"properties":{"a":"FAXON ST","v":"NONANTUM","z":"MR2","zf":"MR2","lot":2187,"ac":0.05,"fr":32.6,"env":817,"ew":25.4,"eh":32.1,"lv":11300.0,"psf":5.17,"minlot":7000,"minfr":70.0,"conf":false,"bld":true,"ter":"flat","slp":1.1,"elv":22.1,"ez":0,"cor":false,"flg":false,"lhd":false,"fld":false,"wet":false,"oc":"NEWTON"}},{"type":"Feature","geometry":{"type":"Polygon","coordinates":[[[-71.21521,42.32296],[-71.21558,42.32306],[-71.21562,42.32307],[-71.21555,42.32321],[-71.21524,42.32313],[-71.21523,42.32312],[-71.21523,42.32312],[-71.21521,42.32312],[-71.2152,42.32311],[-71.21519,42.3231],[-71.21519,42.3231],[-71.21518,42.32309],[-71.21518,42.32308],[-71.21517,42.32307],[-71.21517,42.32306],[-71.21517,42.32306],[-71.21517,42.32305],[-71.21517,42.32304],[-71.21518,42.32303],[-71.21521,42.32296]]]},"properties":{"a":"PLYMOUTH RD","v":"NEWTON HIGHLANDS","z":"SR2","zf":"SR2","lot":6408,"ac":0.147,"fr":117.0,"env":395,"ew":25.4,"eh":15.6,"lv":41100.0,"psf":6.41,"minlot":15000,"minfr":100.0,"conf":false,"bld":false,"ter":"gentle","slp":9.8,"elv":141.5,"ez":0,"cor":false,"flg":false,"lhd":false,"fld":false,"wet":false,"oc":"NEWTON"}},{"type":"Feature","geometry":{"type":"Polygon","coordinates":[[[-71.18723,42.33996],[-71.18726,42.33997],[-71.18728,42.33997],[-71.18731,42.33997],[-71.1874,42.33998],[-71.18741,42.34021],[-71.18725,42.34024],[-71.18723,42.33996]]]},"properties":{"a":"EAST BOULEVARD RD","v":"NEWTON CENTRE","z":"SR2","zf":"SR2","lot":4038,"ac":0.093,"fr":24.9,"env":2037,"ew":40.0,"eh":50.9,"lv":36000.0,"psf":8.92,"minlot":15000,"minfr":100.0,"conf":false,"bld":true,"ter":"moderate","slp":12.2,"elv":148.9,"ez":0,"cor":false,"flg":true,"lhd":false,"fld":false,"wet":false,"oc":"NEWTON"}},{"type":"Feature","geometry":{"type":"Polygon","coordinates":[[[-71.18964,42.31945],[-71.1894,42.31939],[-71.18934,42.31938],[-71.18934,42.31938],[-71.18934,42.31937],[-71.18935,42.31937],[-71.18959,42.31938],[-71.18962,42.31923],[-71.18967,42.31899],[-71.1897,42.31899],[-71.18969,42.31915],[-71.18974,42.31917],[-71.18976,42.31918],[-71.1898,42.31919],[-71.18991,42.31925],[-71.18992,42.31926],[-71.18993,42.31926],[-71.18993,42.31927],[-71.18994,42.31927],[-71.18994,42.31952],[-71.18974,42.31947],[-71.18966,42.31946],[-71.18964,42.31945]]]},"properties":{"a":"BOYLSTON ST","v":"THOMPSONVILLE","z":"SR3","zf":"SR3","lot":11195,"ac":0.257,"fr":57.4,"env":0,"ew":0.0,"eh":0.0,"lv":55700.0,"psf":4.98,"minlot":10000,"minfr":80.0,"conf":false,"bld":false,"ter":"very_steep","slp":55.4,"elv":88.0,"ez":0,"cor":false,"flg":true,"lhd":false,"fld":false,"wet":false,"oc":"NEWTON"}},{"type":"Feature","geometry":{"type":"Polygon","coordinates":[[[-71.20857,42.30439],[-71.20868,42.30434],[-71.20888,42.30457],[-71.20876,42.30462],[-71.20857,42.30439]]]},"properties":{"a":"WALLACE ST","v":"NEWTON UPPER FALLS","z":"SR3","zf":"SR3","lot":3794,"ac":0.087,"fr":35.0,"env":501,"ew":19.8,"eh":25.3,"lv":22200.0,"psf":5.85,"minlot":10000,"minfr":80.0,"conf":false,"bld":false,"ter":"flat","slp":3.8,"elv":104.8,"ez":0,"cor":false,"flg":false,"lhd":false,"fld":false,"wet":false,"oc":"NEWTON"}},{"type":"Feature","geometry":{"type":"Polygon","coordinates":[[[-71.21836,42.32676],[-71.21841,42.32666],[-71.21855,42.3267],[-71.2185,42.3268],[-71.21836,42.32676]]]},"properties":{"a":"BEETHOVEN AVE REAR","v":"WABAN","z":"SR2","zf":"SR2","lot":1638,"ac":0.038,"fr":37.8,"env":0,"ew":0.0,"eh":0.0,"lv":12400.0,"psf":7.57,"minlot":15000,"minfr":100.0,"conf":false,"bld":false,"ter":"flat","slp":2.6,"elv":120.7,"ez":0,"cor":false,"flg":true,"lhd":false,"fld":false,"wet":false,"oc":"WABAN"}},{"type":"Feature","geometry":{"type":"Polygon","coordinates":[[[-71.18634,42.35946],[-71.18647,42.35945],[-71.18647,42.35949],[-71.18634,42.35946]]]},"properties":{"a":"BIGELOW TER","v":"NEWTON CORNER","z":"MR2","zf":"MR2","lot":401,"ac":0.009,"fr":14.3,"env":0,"ew":0.0,"eh":0.0,"lv":2100.0,"psf":5.24,"minlot":7000,"minfr":70.0,"conf":false,"bld":false,"ter":"flat","slp":1.5,"elv":46.2,"ez":0,"cor":false,"flg":false,"lhd":false,"fld":false,"wet":false,"oc":"WATERTOWN"}},{"type":"Feature","geometry":{"type":"Polygon","coordinates":[[[-71.18188,42.34871],[-71.18194,42.34845],[-71.18242,42.34854],[-71.18233,42.34879],[-71.18188,42.34871]]]},"properties":{"a":"WATERSTON RD","v":"NEWTON CORNER","z":"SR1","zf":"SR1","lot":11417,"ac":0.262,"fr":95.0,"env":3275,"ew":59.9,"eh":54.7,"lv":92600.0,"psf":8.11,"minlot":25000,"minfr":125.0,"conf":false,"bld":true,"ter":"gentle","slp":6.0,"elv":136.7,"ez":0,"cor":false,"flg":false,"lhd":false,"fld":false,"wet":false,"oc":"NEWTON"}},{"type":"Feature","geometry":{"type":"Polygon","coordinates":[[[-71.22863,42.35336],[-71.22869,42.35322],[-71.22892,42.35327],[-71.22895,42.35327],[-71.22899,42.35328],[-71.22894,42.35342],[-71.22879,42.35339],[-71.2287,42.35337],[-71.22863,42.35336]]]},"properties":{"a":"CHERRY ST","v":"WEST NEWTON","z":"SR3","zf":"SR3","lot":4251,"ac":0.098,"fr":52.8,"env":1452,"ew":40.4,"eh":35.9,"lv":23100.0,"psf":5.43,"minlot":10000,"minfr":80.0,"conf":false,"bld":true,"ter":"gentle","slp":6.4,"elv":57.9,"ez":0,"cor":false,"flg":false,"lhd":false,"fld":false,"wet":false,"oc":"NEWTON"}},{"type":"Feature","geometry":{"type":"Polygon","coordinates":[[[-71.24191,42.34501],[-71.24194,42.34494],[-71.24209,42.34465],[-71.24217,42.3445],[-71.24225,42.34452],[-71.2423,42.34454],[-71.24232,42.34454],[-71.24235,42.34455],[-71.24233,42.34458],[-71.24209,42.34506],[-71.24191,42.34501]]]},"properties":{"a":"AUBURN ST","v":"AUBURNDALE","z":"SR2","zf":"SR2","lot":10799,"ac":0.248,"fr":52.0,"env":1894,"ew":25.5,"eh":74.2,"lv":54300.0,"psf":5.03,"minlot":15000,"minfr":100.0,"conf":false,"bld":true,"ter":"flat","slp":1.5,"elv":65.2,"ez":0,"cor":false,"flg":false,"lhd":false,"fld":false,"wet":false,"oc":"AUBURNDALE"}},{"type":"Feature","geometry":{"type":"Polygon","coordinates":[[[-71.22758,42.32004],[-71.22759,42.32],[-71.22759,42.31997],[-71.22759,42.31994],[-71.22759,42.31991],[-71.22759,42.31988],[-71.22758,42.31985],[-71.22757,42.31982],[-71.22756,42.3198],[-71.22753,42.31978],[-71.22752,42.31978],[-71.22735,42.31979],[-71.22732,42.31979],[-71.2273,42.31978],[-71.22728,42.31977],[-71.22727,42.31972],[-71.22727,42.31969],[-71.22727,42.31967],[-71.22728,42.31965],[-71.22728,42.31963],[-71.22742,42.31923],[-71.22762,42.3194],[-71.22781,42.31955],[-71.22798,42.31968],[-71.22804,42.31972],[-71.22816,42.31982],[-71.22813,42.31987],[-71.22811,42.31989],[-71.22808,42.3199],[-71.22799,42.3199],[-71.22795,42.31989],[-71.22793,42.31987],[-71.22793,42.31985],[-71.22792,42.31983],[-71.22792,42.31983],[-71.22789,42.31982],[-71.22776,42.31988],[-71.22773,42.32001],[-71.22776,42.32022],[-71.22775,42.32021],[-71.22771,42.3202],[-71.2277,42.3202],[-71.22766,42.3202],[-71.22763,42.32019],[-71.22762,42.32018],[-71.22761,42.32016],[-71.2276,42.32015],[-71.22759,42.32014],[-71.22759,42.3201],[-71.22758,42.32006],[-71.22758,42.32004]]]},"properties":{"a":"QUINOBEQUIN RD","v":"WABAN","z":"SR2","zf":"SR2","lot":37597,"ac":0.863,"fr":290.8,"env":6065,"ew":93.6,"eh":64.8,"lv":15800.0,"psf":0.42,"minlot":15000,"minfr":100.0,"conf":true,"bld":false,"ter":"gentle","slp":6.6,"elv":81.3,"ez":0,"cor":false,"flg":false,"lhd":false,"fld":true,"wet":true,"oc":"WABAN"}},{"type":"Feature","geometry":{"type":"Polygon","coordinates":[[[-71.25377,42.34774],[-71.2538,42.3476],[-71.25381,42.34761],[-71.25383,42.34761],[-71.25394,42.34766],[-71.25406,42.34771],[-71.25411,42.34773],[-71.25415,42.34775],[-71.2541,42.3478],[-71.25403,42.34787],[-71.2539,42.34781],[-71.25388,42.34779],[-71.25377,42.34774]]]},"properties":{"a":"RIDER TER","v":"AUBURNDALE","z":"SR3","zf":"SR3","lot":4961,"ac":0.114,"fr":55.3,"env":1056,"ew":40.9,"eh":25.8,"lv":31400.0,"psf":6.33,"minlot":10000,"minfr":80.0,"conf":false,"bld":true,"ter":"gentle","slp":6.2,"elv":64.4,"ez":0,"cor":false,"flg":false,"lhd":false,"fld":false,"wet":false,"oc":"AUBURNDALE"}},{"type":"Feature","geometry":{"type":"Polygon","coordinates":[[[-71.17521,42.30283],[-71.17521,42.30282],[-71.17521,42.30282],[-71.17521,42.30281],[-71.17522,42.3028],[-71.17522,42.30279],[-71.17522,42.30279],[-71.17522,42.30278],[-71.17522,42.30278],[-71.17522,42.30277],[-71.17522,42.30276],[-71.17522,42.30275],[-71.17522,42.30275],[-71.17522,42.30274],[-71.17522,42.30272],[-71.17521,42.30271],[-71.17521,42.30271],[-71.17521,42.30269],[-71.17521,42.30267],[-71.1752,42.30266],[-71.1752,42.30264],[-71.17519,42.30264],[-71.17519,42.30262],[-71.17535,42.30259],[-71.17554,42.30255],[-71.17572,42.30252],[-71.17574,42.30253],[-71.17575,42.30254],[-71.17581,42.30258],[-71.17582,42.30258],[-71.17583,42.30259],[-71.17585,42.30261],[-71.17586,42.30261],[-71.17586,42.30262],[-71.17584,42.30268],[-71.17582,42.30273],[-71.1758,42.30279],[-71.17576,42.30288],[-71.17521,42.30283]]]},"properties":{"a":"SCOTNEY RD","v":"OAK HILL","z":"SR2","zf":"SR2","lot":16958,"ac":0.389,"fr":44.7,"env":5439,"ew":138.0,"eh":39.4,"lv":98200.0,"psf":5.79,"minlot":15000,"minfr":100.0,"conf":false,"bld":true,"ter":"gentle","slp":6.4,"elv":162.5,"ez":0,"cor":false,"flg":true,"lhd":false,"fld":false,"wet":false,"oc":"NEWTON CENTRE"}},{"type":"Feature","geometry":{"type":"Polygon","coordinates":[[[-71.18595,42.32738],[-71.18591,42.32736],[-71.1859,42.32735],[-71.18589,42.32735],[-71.18619,42.32707],[-71.18621,42.32709],[-71.18622,42.32709],[-71.18622,42.3271],[-71.18623,42.3271],[-71.18623,42.3271],[-71.18625,42.32711],[-71.18626,42.32712],[-71.18627,42.32713],[-71.18628,42.32713],[-71.18629,42.32714],[-71.18634,42.32716],[-71.18637,42.32718],[-71.1864,42.32719],[-71.18639,42.3272],[-71.18638,42.32722],[-71.18625,42.32734],[-71.18611,42.32748],[-71.1861,42.32748],[-71.18595,42.32738]]]},"properties":{"a":"WESTMINSTER RD","v":"NEWTON CENTRE","z":"SR2","zf":"SR2","lot":9962,"ac":0.229,"fr":17.2,"env":2628,"ew":40.6,"eh":64.8,"lv":64400.0,"psf":6.46,"minlot":15000,"minfr":100.0,"conf":false,"bld":true,"ter":"gentle","slp":7.7,"elv":196.1,"ez":0,"cor":false,"flg":false,"lhd":false,"fld":false,"wet":false,"oc":"NEWTON CENTRE"}},{"type":"Feature","geometry":{"type":"Polygon","coordinates":[[[-71.17289,42.30988],[-71.17297,42.30982],[-71.17319,42.30996],[-71.17315,42.30999],[-71.17311,42.31004],[-71.17289,42.30988]]]},"properties":{"a":"AUDUBON DR REAR","v":"THOMPSONVILLE","z":"SR3","zf":"SR3","lot":5349,"ac":0.123,"fr":15.6,"env":313,"ew":14.9,"eh":21.0,"lv":38500.0,"psf":7.2,"minlot":10000,"minfr":80.0,"conf":false,"bld":false,"ter":"gentle","slp":9.4,"elv":191.3,"ez":0,"cor":false,"flg":true,"lhd":false,"fld":false,"wet":false,"oc":"CHESTNUT HILL"}},{"type":"Feature","geometry":{"type":"Polygon","coordinates":[[[-71.22033,42.31082],[-71.22073,42.31078],[-71.22076,42.3109],[-71.22035,42.31095],[-71.22033,42.31082]]]},"properties":{"a":"OAK ST","v":"NEWTON UPPER FALLS","z":"MR1","zf":"MR1","lot":4948,"ac":0.114,"fr":42.5,"env":2033,"ew":80.7,"eh":25.2,"lv":26700.0,"psf":5.4,"minlot":7000,"minfr":70.0,"conf":false,"bld":false,"ter":"flat","slp":3.6,"elv":132.5,"ez":0,"cor":false,"flg":false,"lhd":true,"fld":false,"wet":false,"oc":"NEWTON"}},{"type":"Feature","geometry":{"type":"Polygon","coordinates":[[[-71.21857,42.31881],[-71.21861,42.31881],[-71.2186,42.31905],[-71.21857,42.31905],[-71.21857,42.31881]]]},"properties":{"a":"WALDORF RD","v":"NEWTON UPPER FALLS","z":"SR2","zf":"SR2","lot":902,"ac":0.021,"fr":88.8,"env":0,"ew":0.0,"eh":0.0,"lv":5800.0,"psf":6.43,"minlot":15000,"minfr":100.0,"conf":false,"bld":false,"ter":"flat","slp":4.5,"elv":144.1,"ez":0,"cor":false,"flg":true,"lhd":false,"fld":false,"wet":false,"oc":"NEWTON HGLDS"}},{"type":"Feature","geometry":{"type":"Polygon","coordinates":[[[-71.22628,42.36343],[-71.22623,42.36332],[-71.22622,42.36329],[-71.22637,42.3633],[-71.22649,42.3633],[-71.22657,42.36331],[-71.22657,42.36335],[-71.22657,42.36339],[-71.22657,42.36344],[-71.22646,42.36344],[-71.22636,42.36344],[-71.22628,42.36343]]]},"properties":{"a":"CHERRY ST","v":"WEST NEWTON","z":"SR3","zf":"SR3","lot":4330,"ac":0.099,"fr":50.0,"env":1962,"ew":45.6,"eh":43.1,"lv":23700.0,"psf":5.47,"minlot":10000,"minfr":80.0,"conf":false,"bld":true,"ter":"gentle","slp":5.2,"elv":78.9,"ez":0,"cor":false,"flg":false,"lhd":false,"fld":false,"wet":false,"oc":"WEST NEWTON"}},{"type":"Feature","geometry":{"type":"Polygon","coordinates":[[[-71.24711,42.32312],[-71.2473,42.32303],[-71.24746,42.32323],[-71.24737,42.32327],[-71.24727,42.32331],[-71.24711,42.32312]]]},"properties":{"a":"RIVER PL","v":"NEWTON LOWER FALLS","z":"SR2","zf":"SR2","lot":4800,"ac":0.11,"fr":30.3,"env":1254,"ew":41.5,"eh":30.2,"lv":41100.0,"psf":8.56,"minlot":15000,"minfr":100.0,"conf":false,"bld":true,"ter":"gentle","slp":5.1,"elv":71.5,"ez":0,"cor":false,"flg":true,"lhd":false,"fld":false,"wet":false,"oc":"WABAN"}},{"type":"Feature","geometry":{"type":"Polygon","coordinates":[[[-71.24101,42.32698],[-71.24097,42.32717],[-71.24095,42.32725],[-71.24094,42.32728],[-71.24093,42.32728],[-71.24092,42.32727],[-71.2409,42.32726],[-71.24081,42.32723],[-71.24053,42.32713],[-71.24052,42.32712],[-71.24052,42.32712],[-71.24051,42.32712],[-71.24051,42.32711],[-71.2405,42.32711],[-71.2405,42.3271],[-71.2405,42.3271],[-71.2405,42.3271],[-71.2405,42.32709],[-71.2405,42.32708],[-71.2405,42.32708],[-71.2405,42.32707],[-71.2405,42.32706],[-71.24051,42.32706],[-71.24051,42.32705],[-71.24052,42.32704],[-71.24052,42.32704],[-71.24053,42.32704],[-71.24055,42.32703],[-71.24058,42.32703],[-71.24063,42.32702],[-71.24064,42.32701],[-71.24065,42.32701],[-71.24066,42.32701],[-71.24068,42.32701],[-71.24069,42.32701],[-71.2407,42.327],[-71.24071,42.327],[-71.24072,42.327],[-71.24073,42.327],[-71.24077,42.32699],[-71.24078,42.32699],[-71.24079,42.32699],[-71.24081,42.32699],[-71.24083,42.32699],[-71.24083,42.32699],[-71.24084,42.32699],[-71.24088,42.32698],[-71.24089,42.32698],[-71.2409,42.32698],[-71.24091,42.32698],[-71.24093,42.32698],[-71.24094,42.32698],[-71.24095,42.32698],[-71.24098,42.32698],[-71.24099,42.32698],[-71.24101,42.32698]]]},"properties":{"a":"NEHOIDEN RD","v":"WABAN","z":"SR2","zf":"SR2","lot":9618,"ac":0.221,"fr":143.0,"env":0,"ew":0.0,"eh":0.0,"lv":80100.0,"psf":8.33,"minlot":15000,"minfr":100.0,"conf":false,"bld":false,"ter":"gentle","slp":6.5,"elv":156.1,"ez":0,"cor":true,"flg":false,"lhd":false,"fld":false,"wet":false,"oc":"WABAN"}},{"type":"Feature","geometry":{"type":"Polygon","coordinates":[[[-71.23006,42.36274],[-71.2299,42.36279],[-71.22991,42.36277],[-71.22993,42.36271],[-71.23002,42.36273],[-71.23003,42.36273],[-71.23004,42.36274],[-71.23006,42.36274]]]},"properties":{"a":"CAMBRIA RD","v":"WEST NEWTON","z":"SR3","zf":"SR3","lot":205,"ac":0.005,"fr":26.4,"env":0,"ew":0.0,"eh":0.0,"lv":1100.0,"psf":5.37,"minlot":10000,"minfr":80.0,"conf":false,"bld":false,"ter":"flat","slp":2.1,"elv":86.2,"ez":0,"cor":false,"flg":false,"lhd":false,"fld":false,"wet":false,"oc":"DIAMOND BAR"}},{"type":"Feature","geometry":{"type":"Polygon","coordinates":[[[-71.21401,42.32632],[-71.21398,42.32619],[-71.21398,42.32619],[-71.21405,42.32619],[-71.21412,42.3262],[-71.21437,42.32623],[-71.21441,42.32624],[-71.21443,42.32624],[-71.21444,42.32624],[-71.21464,42.32627],[-71.21466,42.32627],[-71.21458,42.32643],[-71.21457,42.32645],[-71.21457,42.32646],[-71.21438,42.3264],[-71.21401,42.32632]]]},"properties":{"a":"PLYMOUTH RD","v":"NEWTON HIGHLANDS","z":"SR2","zf":"SR2","lot":10655,"ac":0.245,"fr":62.2,"env":2773,"ew":89.7,"eh":30.9,"lv":90700.0,"psf":8.51,"minlot":15000,"minfr":100.0,"conf":false,"bld":true,"ter":"gentle","slp":9.6,"elv":163.6,"ez":1,"cor":false,"flg":false,"lhd":false,"fld":false,"wet":false,"oc":"NEWTON"}},{"type":"Feature","geometry":{"type":"Polygon","coordinates":[[[-71.15776,42.33023],[-71.15793,42.33012],[-71.15834,42.33051],[-71.15834,42.33051],[-71.15804,42.33068],[-71.15801,42.33065],[-71.15799,42.33063],[-71.15792,42.33057],[-71.15795,42.3304],[-71.15776,42.33023]]]},"properties":{"a":"MALIA TER","v":"CHESTNUT HILL","z":"SR1","zf":"SR1","lot":13634,"ac":0.313,"fr":101.4,"env":2312,"ew":35.3,"eh":65.5,"lv":126900.0,"psf":9.31,"minlot":25000,"minfr":125.0,"conf":false,"bld":false,"ter":"gentle","slp":8.7,"elv":165.3,"ez":0,"cor":false,"flg":false,"lhd":true,"fld":false,"wet":false,"oc":"CHESTNUT HILL"}},{"type":"Feature","geometry":{"type":"Polygon","coordinates":[[[-71.21051,42.30592],[-71.2108,42.30578],[-71.21083,42.30576],[-71.21093,42.30587],[-71.2106,42.30603],[-71.21051,42.30592]]]},"properties":{"a":"CHRISTINA ST","v":"NEWTON UPPER FALLS","z":"SR3","zf":"SR3","lot":5249,"ac":0.12,"fr":48.0,"env":1025,"ew":39.9,"eh":25.7,"lv":28400.0,"psf":5.41,"minlot":10000,"minfr":80.0,"conf":false,"bld":true,"ter":"flat","slp":3.1,"elv":102.2,"ez":0,"cor":false,"flg":false,"lhd":false,"fld":false,"wet":false,"oc":"SOMERVILLE"}},{"type":"Feature","geometry":{"type":"Polygon","coordinates":[[[-71.17278,42.35464],[-71.17301,42.3544],[-71.17301,42.3544],[-71.17306,42.35443],[-71.17302,42.35447],[-71.17282,42.35467],[-71.17278,42.35464],[-71.17278,42.35464]]]},"properties":{"a":"BURTON ST REAR","v":"NEWTON CORNER","z":"SR3","zf":"SR3","lot":1686,"ac":0.039,"fr":15.4,"env":0,"ew":0.0,"eh":0.0,"lv":11600.0,"psf":6.88,"minlot":10000,"minfr":80.0,"conf":false,"bld":false,"ter":"gentle","slp":7.5,"elv":102.1,"ez":0,"cor":false,"flg":true,"lhd":false,"fld":false,"wet":false,"oc":"BRIGHTON"}},{"type":"Feature","geometry":{"type":"Polygon","coordinates":[[[-71.18602,42.3419],[-71.18602,42.34189],[-71.18608,42.34167],[-71.18608,42.34166],[-71.18629,42.34175],[-71.18632,42.34176],[-71.18635,42.34177],[-71.18641,42.3418],[-71.18645,42.34181],[-71.18651,42.34184],[-71.18641,42.342],[-71.18626,42.34196],[-71.18615,42.34194],[-71.18602,42.3419]]]},"properties":{"a":"PARK AVE","v":"CHESTNUT HILL","z":"SR2","zf":"SR2","lot":9200,"ac":0.211,"fr":81.4,"env":2662,"ew":76.4,"eh":34.8,"lv":96700.0,"psf":10.51,"minlot":15000,"minfr":100.0,"conf":false,"bld":true,"ter":"gentle","slp":5.1,"elv":193.6,"ez":0,"cor":false,"flg":false,"lhd":false,"fld":false,"wet":false,"oc":"NEWTON"}},{"type":"Feature","geometry":{"type":"Polygon","coordinates":[[[-71.18699,42.34],[-71.187,42.34],[-71.18702,42.34],[-71.18704,42.34],[-71.18704,42.34],[-71.18706,42.34],[-71.18707,42.34],[-71.18708,42.34],[-71.18709,42.34],[-71.18711,42.33999],[-71.18711,42.33999],[-71.18712,42.33999],[-71.18713,42.33999],[-71.18714,42.33999],[-71.18714,42.33999],[-71.18715,42.33999],[-71.18716,42.33998],[-71.18717,42.33998],[-71.18719,42.33998],[-71.1872,42.33997],[-71.18723,42.33996],[-71.18725,42.34024],[-71.18699,42.34]]]},"properties":{"a":"IRELAND RD","v":"NEWTON CENTRE","z":"SR2","zf":"SR2","lot":3145,"ac":0.072,"fr":102.0,"env":231,"ew":15.1,"eh":15.3,"lv":22600.0,"psf":7.19,"minlot":15000,"minfr":100.0,"conf":false,"bld":false,"ter":"moderate","slp":12.2,"elv":151.6,"ez":0,"cor":false,"flg":true,"lhd":false,"fld":false,"wet":false,"oc":"NEWTON"}},{"type":"Feature","geometry":{"type":"Polygon","coordinates":[[[-71.20924,42.36349],[-71.20929,42.36336],[-71.20932,42.36337],[-71.20964,42.36344],[-71.20964,42.36345],[-71.20964,42.36345],[-71.20959,42.36357],[-71.20929,42.3635],[-71.20925,42.36349],[-71.20924,42.36349]]]},"properties":{"a":"THAXTER RD","v":"NONANTUM","z":"SR3","zf":"SR3","lot":5201,"ac":0.119,"fr":48.7,"env":1271,"ew":51.5,"eh":24.7,"lv":29900.0,"psf":5.75,"minlot":10000,"minfr":80.0,"conf":false,"bld":true,"ter":"gentle","slp":6.0,"elv":41.7,"ez":0,"cor":false,"flg":false,"lhd":false,"fld":false,"wet":false,"oc":"NEWTON"}},{"type":"Feature","geometry":{"type":"Polygon","coordinates":[[[-71.17447,42.3516],[-71.17452,42.35144],[-71.17459,42.35147],[-71.17462,42.35148],[-71.17463,42.35148],[-71.17445,42.35169],[-71.17447,42.3516]]]},"properties":{"a":"TREMONT ST REAR","v":"NEWTON CORNER","z":"MR1","zf":"MR1","lot":1390,"ac":0.032,"fr":33.6,"env":0,"ew":0.0,"eh":0.0,"lv":9600.0,"psf":6.91,"minlot":7000,"minfr":70.0,"conf":false,"bld":false,"ter":"gentle","slp":6.4,"elv":71.5,"ez":0,"cor":false,"flg":true,"lhd":false,"fld":false,"wet":false,"oc":"BRIGHTON"}},{"type":"Feature","geometry":{"type":"Polygon","coordinates":[[[-71.20711,42.35388],[-71.20715,42.35387],[-71.20721,42.35412],[-71.20717,42.35412],[-71.20711,42.35388]]]},"properties":{"a":"OMAR TER","v":"NEWTONVILLE","z":"MR1","zf":"MR1","lot":348,"ac":0.008,"fr":90.6,"env":0,"ew":0.0,"eh":0.0,"lv":2100.0,"psf":6.03,"minlot":7000,"minfr":70.0,"conf":false,"bld":false,"ter":"flat","slp":3.2,"elv":43.9,"ez":0,"cor":false,"flg":true,"lhd":false,"fld":false,"wet":false,"oc":"NEWTON"}},{"type":"Feature","geometry":{"type":"Polygon","coordinates":[[[-71.24235,42.34747],[-71.24229,42.34747],[-71.24228,42.34747],[-71.24228,42.34747],[-71.24226,42.34745],[-71.24224,42.34744],[-71.24219,42.34739],[-71.24218,42.34738],[-71.24217,42.34736],[-71.24216,42.34735],[-71.24215,42.34735],[-71.24217,42.34732],[-71.24222,42.34724],[-71.24226,42.34719],[-71.24229,42.34714],[-71.24257,42.34731],[-71.24259,42.34732],[-71.24251,42.34742],[-71.24248,42.34746],[-71.24246,42.34749],[-71.24245,42.34748],[-71.24244,42.34748],[-71.24239,42.34746],[-71.24235,42.34747]]]},"properties":{"a":"COMMONWEALTH AVE","v":"AUBURNDALE","z":"SR3","zf":"SR3","lot":8564,"ac":0.197,"fr":96.7,"env":1814,"ew":44.5,"eh":40.7,"lv":45300.0,"psf":5.29,"minlot":10000,"minfr":80.0,"conf":false,"bld":true,"ter":"moderate","slp":12.7,"elv":59.0,"ez":1,"cor":false,"flg":false,"lhd":false,"fld":false,"wet":false,"oc":"AUBURNDALE"}},{"type":"Feature","geometry":{"type":"Polygon","coordinates":[[[-71.23499,42.36128],[-71.23477,42.36134],[-71.2348,42.36124],[-71.23486,42.36125],[-71.23493,42.36127],[-71.23494,42.36127],[-71.23499,42.36128]]]},"properties":{"a":"TOLMAN ST","v":"WEST NEWTON","z":"SR3","zf":"SR3","lot":684,"ac":0.016,"fr":37.8,"env":0,"ew":0.0,"eh":0.0,"lv":3800.0,"psf":5.56,"minlot":10000,"minfr":80.0,"conf":false,"bld":false,"ter":"flat","slp":1.0,"elv":109.6,"ez":0,"cor":false,"flg":false,"lhd":false,"fld":false,"wet":false,"oc":"WALTHAM"}},{"type":"Feature","geometry":{"type":"Polygon","coordinates":[[[-71.19076,42.32845],[-71.19084,42.32837],[-71.19067,42.32825],[-71.19084,42.32811],[-71.19085,42.32811],[-71.19104,42.32825],[-71.19106,42.32827],[-71.19083,42.32848],[-71.19071,42.32859],[-71.1907,42.3286],[-71.19066,42.32855],[-71.19076,42.32845]]]},"properties":{"a":"CHASE ST REAR","v":"NEWTON CENTRE","z":"MR1","zf":"MR1/MRT","lot":7179,"ac":0.165,"fr":21.0,"env":2018,"ew":44.9,"eh":44.9,"lv":48100.0,"psf":6.7,"minlot":7000,"minfr":70.0,"conf":false,"bld":true,"ter":"flat","slp":4.3,"elv":173.5,"ez":0,"cor":false,"flg":true,"lhd":false,"fld":false,"wet":false,"oc":"NEWTON CENTRE"}},{"type":"Feature","geometry":{"type":"Polygon","coordinates":[[[-71.21693,42.3122],[-71.21693,42.31209],[-71.21731,42.31211],[-71.21731,42.31215],[-71.21731,42.31221],[-71.21693,42.3122]]]},"properties":{"a":"WETHERELL ST","v":"NEWTON UPPER FALLS","z":"MR1","zf":"MR1","lot":4069,"ac":0.093,"fr":38.0,"env":2039,"ew":64.4,"eh":31.7,"lv":23800.0,"psf":5.85,"minlot":7000,"minfr":70.0,"conf":false,"bld":true,"ter":"moderate","slp":10.2,"elv":147.2,"ez":0,"cor":false,"flg":false,"lhd":false,"fld":false,"wet":false,"oc":"NEWTON"}},{"type":"Feature","geometry":{"type":"Polygon","coordinates":[[[-71.23558,42.3611],[-71.23539,42.36116],[-71.2354,42.36113],[-71.23541,42.3611],[-71.23542,42.36109],[-71.23542,42.36107],[-71.23551,42.36109],[-71.23556,42.3611],[-71.23558,42.3611]]]},"properties":{"a":"LAUREL AVE","v":"WEST NEWTON","z":"SR3","zf":"SR3","lot":453,"ac":0.01,"fr":38.3,"env":0,"ew":0.0,"eh":0.0,"lv":2500.0,"psf":5.52,"minlot":10000,"minfr":80.0,"conf":false,"bld":false,"ter":"flat","slp":1.3,"elv":108.0,"ez":0,"cor":false,"flg":false,"lhd":false,"fld":false,"wet":false,"oc":"WALTHAM"}},{"type":"Feature","geometry":{"type":"Polygon","coordinates":[[[-71.20679,42.31418],[-71.20717,42.31418],[-71.20719,42.31437],[-71.20682,42.31438],[-71.20679,42.31418]]]},"properties":{"a":"BRIERFIELD RD","v":"NEWTON HIGHLANDS","z":"SR3","zf":"SR3","lot":7383,"ac":0.17,"fr":70.5,"env":3931,"ew":54.8,"eh":71.7,"lv":25800.0,"psf":3.49,"minlot":10000,"minfr":80.0,"conf":false,"bld":true,"ter":"gentle","slp":7.1,"elv":110.5,"ez":0,"cor":false,"flg":true,"lhd":false,"fld":false,"wet":false,"oc":"NEWTON"}},{"type":"Feature","geometry":{"type":"Polygon","coordinates":[[[-71.22132,42.35667],[-71.22141,42.3564],[-71.2216,42.35644],[-71.22158,42.35648],[-71.22153,42.3566],[-71.22149,42.35671],[-71.22132,42.35667]]]},"properties":{"a":"WARWICK RD","v":"WEST NEWTON","z":"SR3","zf":"SR3","lot":4970,"ac":0.114,"fr":51.3,"env":1932,"ew":31.4,"eh":61.6,"lv":28500.0,"psf":5.73,"minlot":10000,"minfr":80.0,"conf":false,"bld":true,"ter":"flat","slp":1.2,"elv":71.3,"ez":0,"cor":false,"flg":false,"lhd":false,"fld":false,"wet":false,"oc":"NEWTON"}},{"type":"Feature","geometry":{"type":"Polygon","coordinates":[[[-71.22016,42.32091],[-71.22025,42.32085],[-71.22029,42.32087],[-71.22034,42.3209],[-71.22049,42.32097],[-71.22036,42.32106],[-71.22016,42.32091]]]},"properties":{"a":"BREWSTER RD","v":"NEWTON UPPER FALLS","z":"SR2","zf":"SR2","lot":2984,"ac":0.069,"fr":49.8,"env":0,"ew":0.0,"eh":0.0,"lv":19100.0,"psf":6.4,"minlot":15000,"minfr":100.0,"conf":false,"bld":false,"ter":"gentle","slp":9.7,"elv":139.4,"ez":1,"cor":false,"flg":false,"lhd":false,"fld":false,"wet":false,"oc":"NEWTON"}},{"type":"Feature","geometry":{"type":"Polygon","coordinates":[[[-71.16989,42.30768],[-71.1699,42.30768],[-71.16991,42.30768],[-71.16991,42.30768],[-71.16992,42.30768],[-71.16993,42.30768],[-71.16994,42.30768],[-71.16996,42.30768],[-71.16996,42.30768],[-71.16998,42.30768],[-71.16999,42.30768],[-71.17,42.30768],[-71.17001,42.30768],[-71.17002,42.30768],[-71.17003,42.30768],[-71.17004,42.30768],[-71.17005,42.30768],[-71.17006,42.30768],[-71.17007,42.30768],[-71.17009,42.30768],[-71.1701,42.30768],[-71.1701,42.30768],[-71.17012,42.30768],[-71.17013,42.30768],[-71.17014,42.30768],[-71.17016,42.30768],[-71.17017,42.30768],[-71.17019,42.30768],[-71.17019,42.30768],[-71.1702,42.30768],[-71.17021,42.30768],[-71.17022,42.30768],[-71.17023,42.30768],[-71.17024,42.30768],[-71.17025,42.30769],[-71.17025,42.3077],[-71.17026,42.30772],[-71.17032,42.30793],[-71.17034,42.30799],[-71.17035,42.30802],[-71.16989,42.30768]]]},"properties":{"a":"BROOKLINE ST","v":"THOMPSONVILLE","z":"SR3","zf":"SR3","lot":5759,"ac":0.132,"fr":79.2,"env":763,"ew":29.8,"eh":25.6,"lv":38200.0,"psf":6.63,"minlot":10000,"minfr":80.0,"conf":false,"bld":false,"ter":"flat","slp":4.1,"elv":161.8,"ez":0,"cor":false,"flg":true,"lhd":false,"fld":false,"wet":false,"oc":"HANOVER"}},{"type":"Feature","geometry":{"type":"Polygon","coordinates":[[[-71.18256,42.31097],[-71.18244,42.31096],[-71.18221,42.31096],[-71.18223,42.31054],[-71.18296,42.31067],[-71.18302,42.31115],[-71.18265,42.31175],[-71.1826,42.31174],[-71.1826,42.3113],[-71.18255,42.31129],[-71.18256,42.31097]]]},"properties":{"a":"GREENWOOD ST","v":"THOMPSONVILLE","z":"SR1","zf":"SR1","lot":49802,"ac":1.143,"fr":204.0,"env":15113,"ew":84.8,"eh":178.2,"lv":442400.0,"psf":8.88,"minlot":25000,"minfr":125.0,"conf":true,"bld":true,"ter":"gentle","slp":7.4,"elv":127.8,"ez":1,"cor":false,"flg":true,"lhd":false,"fld":false,"wet":false,"oc":"NEWTON CENTRE"}},{"type":"Feature","geometry":{"type":"Polygon","coordinates":[[[-71.16666,42.32515],[-71.16673,42.32542],[-71.16643,42.32518],[-71.16666,42.32515]]]},"properties":{"a":"LONGWOOD RD","v":"CHESTNUT HILL","z":"SR1","zf":"SR1","lot":3067,"ac":0.07,"fr":63.3,"env":0,"ew":0.0,"eh":0.0,"lv":33300.0,"psf":10.86,"minlot":25000,"minfr":125.0,"conf":false,"bld":false,"ter":"moderate","slp":12.2,"elv":181.3,"ez":0,"cor":false,"flg":true,"lhd":true,"fld":false,"wet":false,"oc":"BOSTON"}},{"type":"Feature","geometry":{"type":"Polygon","coordinates":[[[-71.20249,42.34537],[-71.20315,42.34521],[-71.20315,42.34538],[-71.2029,42.3454],[-71.20285,42.3454],[-71.20281,42.34541],[-71.20277,42.34543],[-71.20273,42.34545],[-71.2027,42.34547],[-71.20267,42.3455],[-71.20265,42.34553],[-71.20264,42.34556],[-71.20264,42.3456],[-71.20264,42.34563],[-71.20265,42.34566],[-71.20266,42.34567],[-71.20266,42.34569],[-71.20266,42.3457],[-71.20249,42.34537]]]},"properties":{"a":"TROWBRIDGE AVE","v":"NEWTONVILLE","z":"MR1","zf":"MR1","lot":10402,"ac":0.239,"fr":203.6,"env":0,"ew":0.0,"eh":0.0,"lv":79400.0,"psf":7.63,"minlot":7000,"minfr":70.0,"conf":true,"bld":false,"ter":"steep","slp":20.9,"elv":113.9,"ez":0,"cor":true,"flg":false,"lhd":false,"fld":false,"wet":false,"oc":"NEWTONVILLE"}},{"type":"Feature","geometry":{"type":"Polygon","coordinates":[[[-71.21832,42.31105],[-71.2184,42.31102],[-71.21843,42.31101],[-71.21846,42.311],[-71.21851,42.3112],[-71.21836,42.31122],[-71.21832,42.31105]]]},"properties":{"a":"CHENEY ST","v":"NEWTON UPPER FALLS","z":"MR1","zf":"MR1","lot":2788,"ac":0.064,"fr":41.8,"env":856,"ew":41.3,"eh":20.7,"lv":16400.0,"psf":5.88,"minlot":7000,"minfr":70.0,"conf":false,"bld":true,"ter":"moderate","slp":10.2,"elv":135.9,"ez":1,"cor":false,"flg":false,"lhd":false,"fld":false,"wet":false,"oc":"NEWTON UPR FLS"}},{"type":"Feature","geometry":{"type":"Polygon","coordinates":[[[-71.21064,42.31979],[-71.2107,42.31979],[-71.21072,42.31978],[-71.21077,42.31978],[-71.21085,42.32012],[-71.21072,42.32013],[-71.21064,42.31979]]]},"properties":{"a":"ERIE AVE","v":"NEWTON HIGHLANDS","z":"SR2","zf":"SR2","lot":4461,"ac":0.102,"fr":35.5,"env":1595,"ew":21.2,"eh":75.2,"lv":28600.0,"psf":6.41,"minlot":15000,"minfr":100.0,"conf":false,"bld":true,"ter":"flat","slp":0.6,"elv":150.7,"ez":0,"cor":false,"flg":false,"lhd":false,"fld":false,"wet":false,"oc":"NEWTON"}},{"type":"Feature","geometry":{"type":"Polygon","coordinates":[[[-71.18866,42.34185],[-71.18892,42.34192],[-71.1888,42.34217],[-71.18852,42.3421],[-71.18866,42.34185]]]},"properties":{"a":"LANCASTER RD","v":"NEWTON CENTRE","z":"SR2","zf":"SR2","lot":7209,"ac":0.166,"fr":79.2,"env":2510,"ew":56.3,"eh":44.6,"lv":63900.0,"psf":8.86,"minlot":15000,"minfr":100.0,"conf":false,"bld":true,"ter":"gentle","slp":7.0,"elv":146.7,"ez":0,"cor":false,"flg":false,"lhd":false,"fld":false,"wet":false,"oc":"NEWTON"}},{"type":"Feature","geometry":{"type":"Polygon","coordinates":[[[-71.20392,42.31781],[-71.20398,42.31775],[-71.20399,42.31773],[-71.20402,42.3177],[-71.20413,42.31757],[-71.20425,42.31768],[-71.20401,42.31788],[-71.20392,42.31781]]]},"properties":{"a":"SHADY HILL RD","v":"NEWTON HIGHLANDS","z":"SR3","zf":"SR3","lot":4103,"ac":0.094,"fr":50.9,"env":611,"ew":24.7,"eh":24.7,"lv":25500.0,"psf":6.21,"minlot":10000,"minfr":80.0,"conf":false,"bld":false,"ter":"gentle","slp":6.5,"elv":139.6,"ez":0,"cor":false,"flg":false,"lhd":false,"fld":false,"wet":false,"oc":"NEWTON"}},{"type":"Feature","geometry":{"type":"Polygon","coordinates":[[[-71.17549,42.35353],[-71.1755,42.35352],[-71.17551,42.3535],[-71.17555,42.35346],[-71.17568,42.35331],[-71.17581,42.35337],[-71.17587,42.3534],[-71.17585,42.35342],[-71.17579,42.35349],[-71.17568,42.35362],[-71.17549,42.35353]]]},"properties":{"a":"WASHINGTON ST REAR","v":"NEWTON CORNER","z":"SR3","zf":"SR3","lot":6281,"ac":0.144,"fr":39.6,"env":1680,"ew":40.9,"eh":41.1,"lv":27600.0,"psf":4.39,"minlot":10000,"minfr":80.0,"conf":false,"bld":true,"ter":"moderate","slp":15.0,"elv":90.7,"ez":0,"cor":false,"flg":true,"lhd":false,"fld":false,"wet":false,"oc":"NEWTON"}},{"type":"Feature","geometry":{"type":"Polygon","coordinates":[[[-71.2238,42.36199],[-71.22382,42.36198],[-71.22387,42.36195],[-71.22397,42.36189],[-71.22409,42.36197],[-71.2241,42.36198],[-71.224,42.36205],[-71.22394,42.36208],[-71.22392,42.3621],[-71.22381,42.362],[-71.2238,42.362],[-71.2238,42.36199]]]},"properties":{"a":"WALTHAM ST","v":"WEST NEWTON","z":"SR3","zf":"SR3","lot":2840,"ac":0.065,"fr":41.8,"env":405,"ew":20.4,"eh":19.8,"lv":15000.0,"psf":5.28,"minlot":10000,"minfr":80.0,"conf":false,"bld":false,"ter":"moderate","slp":10.2,"elv":68.8,"ez":0,"cor":false,"flg":false,"lhd":false,"fld":false,"wet":false,"oc":"NEWTON"}},{"type":"Feature","geometry":{"type":"Polygon","coordinates":[[[-71.23142,42.35856],[-71.23157,42.35834],[-71.23166,42.35837],[-71.23151,42.35859],[-71.23142,42.35856]]]},"properties":{"a":"GRANT ST","v":"WEST NEWTON","z":"SR3","zf":"SR3","lot":2252,"ac":0.052,"fr":27.9,"env":310,"ew":15.1,"eh":20.5,"lv":12300.0,"psf":5.46,"minlot":10000,"minfr":80.0,"conf":false,"bld":false,"ter":"flat","slp":2.3,"elv":89.1,"ez":0,"cor":false,"flg":false,"lhd":false,"fld":false,"wet":false,"oc":"WEST NEWTON"}},{"type":"Feature","geometry":{"type":"Polygon","coordinates":[[[-71.22188,42.35473],[-71.2219,42.35469],[-71.22192,42.35465],[-71.22202,42.35465],[-71.22205,42.35465],[-71.22207,42.35465],[-71.22207,42.35466],[-71.22207,42.35468],[-71.22207,42.35468],[-71.22205,42.35472],[-71.22204,42.35474],[-71.22203,42.35477],[-71.22188,42.35473]]]},"properties":{"a":"RANDLETT PK OFF","v":"WEST NEWTON","z":"SR3","zf":"SR3","lot":1481,"ac":0.034,"fr":42.4,"env":0,"ew":0.0,"eh":0.0,"lv":8500.0,"psf":5.74,"minlot":10000,"minfr":80.0,"conf":false,"bld":false,"ter":"flat","slp":2.0,"elv":67.1,"ez":0,"cor":false,"flg":true,"lhd":false,"fld":false,"wet":false,"oc":"WEST NEWTON"}},{"type":"Feature","geometry":{"type":"Polygon","coordinates":[[[-71.18042,42.35851],[-71.18043,42.3585],[-71.18046,42.35845],[-71.1805,42.35839],[-71.18064,42.35844],[-71.18069,42.35845],[-71.18072,42.35846],[-71.18069,42.35853],[-71.18068,42.35857],[-71.18042,42.35851]]]},"properties":{"a":"ST JAMES ST","v":"NEWTON CORNER","z":"MR2","zf":"MR2","lot":2923,"ac":0.067,"fr":41.1,"env":753,"ew":35.5,"eh":21.2,"lv":14100.0,"psf":4.82,"minlot":7000,"minfr":70.0,"conf":false,"bld":false,"ter":"steep","slp":15.9,"elv":46.9,"ez":0,"cor":false,"flg":false,"lhd":false,"fld":false,"wet":false,"oc":"WATERTOWN"}},{"type":"Feature","geometry":{"type":"Polygon","coordinates":[[[-71.24975,42.34538],[-71.24978,42.3454],[-71.24979,42.3454],[-71.24979,42.3454],[-71.24982,42.34542],[-71.24983,42.34542],[-71.24987,42.34544],[-71.24978,42.34546],[-71.24973,42.34547],[-71.24968,42.34549],[-71.24964,42.34549],[-71.24968,42.34545],[-71.24971,42.34542],[-71.24975,42.34539],[-71.24975,42.34538]]]},"properties":{"a":"CENTRAL ST","v":"AUBURNDALE","z":"SR3","zf":"SR3","lot":1098,"ac":0.025,"fr":65.1,"env":0,"ew":0.0,"eh":0.0,"lv":5700.0,"psf":5.19,"minlot":10000,"minfr":80.0,"conf":false,"bld":false,"ter":"gentle","slp":8.6,"elv":90.4,"ez":0,"cor":false,"flg":false,"lhd":true,"fld":false,"wet":false,"oc":"NEWTON"}},{"type":"Feature","geometry":{"type":"Polygon","coordinates":[[[-71.25075,42.35042],[-71.25112,42.35039],[-71.25114,42.35052],[-71.25076,42.35055],[-71.25075,42.35042]]]},"properties":{"a":"WINONA ST","v":"AUBURNDALE","z":"SR3","zf":"SR3","lot":5001,"ac":0.115,"fr":47.9,"env":2241,"ew":70.3,"eh":31.9,"lv":32400.0,"psf":6.48,"minlot":10000,"minfr":80.0,"conf":false,"bld":true,"ter":"gentle","slp":7.0,"elv":69.3,"ez":0,"cor":false,"flg":false,"lhd":false,"fld":false,"wet":false,"oc":"AUBURNDALE"}},{"type":"Feature","geometry":{"type":"Polygon","coordinates":[[[-71.18349,42.35906],[-71.18342,42.35915],[-71.18342,42.35906],[-71.1835,42.35904],[-71.18349,42.35906]]]},"properties":{"a":"WILLIAM ST  NNC","v":"NEWTON CORNER","z":"MR2","zf":"MR2","lot":348,"ac":0.008,"fr":33.4,"env":0,"ew":0.0,"eh":0.0,"lv":2400.0,"psf":6.89,"minlot":7000,"minfr":70.0,"conf":false,"bld":false,"ter":"flat","slp":4.4,"elv":49.4,"ez":0,"cor":false,"flg":true,"lhd":false,"fld":false,"wet":false,"oc":"WATERTOWN"}},{"type":"Feature","geometry":{"type":"Polygon","coordinates":[[[-71.18961,42.35696],[-71.18971,42.35693],[-71.18973,42.35694],[-71.18963,42.35698],[-71.18962,42.35698],[-71.18962,42.35698],[-71.18962,42.35698],[-71.18961,42.35697],[-71.18961,42.35696]]]},"properties":{"a":"AVON PL","v":"NEWTON CORNER","z":"MR2","zf":"MR2","lot":318,"ac":0.007,"fr":60.5,"env":0,"ew":0.0,"eh":0.0,"lv":1500.0,"psf":4.72,"minlot":7000,"minfr":70.0,"conf":false,"bld":false,"ter":"flat","slp":2.3,"elv":54.2,"ez":0,"cor":false,"flg":false,"lhd":false,"fld":false,"wet":false,"oc":"NEWTON"}},{"type":"Feature","geometry":{"type":"Polygon","coordinates":[[[-71.20184,42.35861],[-71.20213,42.35842],[-71.20217,42.35846],[-71.20219,42.35848],[-71.20222,42.35851],[-71.20194,42.35869],[-71.20184,42.35861]]]},"properties":{"a":"HAWTHORN ST","v":"NONANTUM","z":"MR2","zf":"MR2","lot":3986,"ac":0.091,"fr":39.5,"env":631,"ew":30.6,"eh":20.6,"lv":20800.0,"psf":5.22,"minlot":7000,"minfr":70.0,"conf":false,"bld":false,"ter":"flat","slp":4.7,"elv":39.4,"ez":1,"cor":false,"flg":false,"lhd":false,"fld":false,"wet":false,"oc":"NEWTON"}},{"type":"Feature","geometry":{"type":"Polygon","coordinates":[[[-71.20728,42.31383],[-71.20765,42.31381],[-71.20766,42.314],[-71.2073,42.31402],[-71.2073,42.31401],[-71.20729,42.31392],[-71.20728,42.31383]]]},"properties":{"a":"BRIERFIELD RD","v":"NEWTON HIGHLANDS","z":"SR3","zf":"SR3","lot":6761,"ac":0.155,"fr":66.2,"env":3313,"ew":64.2,"eh":51.6,"lv":42000.0,"psf":6.21,"minlot":10000,"minfr":80.0,"conf":false,"bld":true,"ter":"flat","slp":2.3,"elv":108.9,"ez":0,"cor":false,"flg":false,"lhd":false,"fld":false,"wet":false,"oc":"NEWTON"}},{"type":"Feature","geometry":{"type":"Polygon","coordinates":[[[-71.2142,42.31811],[-71.21422,42.31807],[-71.21428,42.31809],[-71.21431,42.3181],[-71.21435,42.31811],[-71.21442,42.31813],[-71.21448,42.31816],[-71.21455,42.31819],[-71.21456,42.31819],[-71.21462,42.31821],[-71.21469,42.31824],[-71.2147,42.31825],[-71.21473,42.31826],[-71.21476,42.31827],[-71.21478,42.31828],[-71.21482,42.3183],[-71.21485,42.31831],[-71.21486,42.31832],[-71.21489,42.31833],[-71.21487,42.31835],[-71.21485,42.31836],[-71.21485,42.31836],[-71.21476,42.31832],[-71.21474,42.31832],[-71.2147,42.3183],[-71.21467,42.31829],[-71.21458,42.31825],[-71.21448,42.31821],[-71.21446,42.3182],[-71.21443,42.31819],[-71.21439,42.31818],[-71.2143,42.31814],[-71.2142,42.31811]]]},"properties":{"a":"BOYLSTON ST","v":"NEWTON HIGHLANDS","z":"MR2","zf":"MR2","lot":3271,"ac":0.075,"fr":28.2,"env":0,"ew":0.0,"eh":0.0,"lv":16900.0,"psf":5.17,"minlot":7000,"minfr":70.0,"conf":false,"bld":false,"ter":"gentle","slp":7.9,"elv":141.1,"ez":0,"cor":false,"flg":true,"lhd":false,"fld":false,"wet":false,"oc":"TENAFLY"}},{"type":"Feature","geometry":{"type":"Polygon","coordinates":[[[-71.19545,42.36255],[-71.19545,42.36255],[-71.19549,42.36264],[-71.19535,42.36266],[-71.19534,42.36266],[-71.19532,42.36267],[-71.19532,42.36267],[-71.19545,42.36255]]]},"properties":{"a":"LYONS CT","v":"NONANTUM","z":"MAN","zf":"MAN","lot":680,"ac":0.016,"fr":38.6,"env":0,"ew":0.0,"eh":0.0,"lv":3600.0,"psf":5.3,"minlot":null,"minfr":null,"conf":false,"bld":false,"ter":"moderate","slp":13.4,"elv":33.3,"ez":0,"cor":false,"flg":true,"lhd":false,"fld":false,"wet":false,"oc":"WESTFORD"}},{"type":"Feature","geometry":{"type":"Polygon","coordinates":[[[-71.20763,42.3109],[-71.20777,42.31085],[-71.20778,42.31088],[-71.20782,42.31093],[-71.20793,42.31111],[-71.20787,42.31113],[-71.20779,42.31116],[-71.20763,42.3109]]]},"properties":{"a":"WILLARD ST  HGH","v":"NEWTON HIGHLANDS","z":"SR2","zf":"SR2","lot":4452,"ac":0.102,"fr":41.3,"env":926,"ew":20.3,"eh":45.6,"lv":27600.0,"psf":6.2,"minlot":15000,"minfr":100.0,"conf":false,"bld":true,"ter":"gentle","slp":9.0,"elv":140.6,"ez":0,"cor":false,"flg":true,"lhd":false,"fld":false,"wet":false,"oc":"NEWTON"}},{"type":"Feature","geometry":{"type":"Polygon","coordinates":[[[-71.23924,42.32473],[-71.23928,42.32478],[-71.23933,42.32482],[-71.23938,42.32485],[-71.23944,42.32489],[-71.2395,42.32491],[-71.23923,42.32523],[-71.23918,42.32522],[-71.23865,42.32508],[-71.23836,42.325],[-71.23856,42.32494],[-71.2388,42.32487],[-71.23924,42.32473]]]},"properties":{"a":"HOMEWOOD RD","v":"WABAN","z":"SR2","zf":"SR2","lot":26232,"ac":0.602,"fr":19.6,"env":8983,"ew":139.4,"eh":64.4,"lv":10200.0,"psf":0.39,"minlot":15000,"minfr":100.0,"conf":false,"bld":false,"ter":"gentle","slp":5.2,"elv":129.4,"ez":0,"cor":false,"flg":true,"lhd":false,"fld":true,"wet":true,"oc":"WABAN"}},{"type":"Feature","geometry":{"type":"Polygon","coordinates":[[[-71.17909,42.33413],[-71.17909,42.33407],[-71.17911,42.33374],[-71.17911,42.33371],[-71.17912,42.33371],[-71.17913,42.33371],[-71.17914,42.33371],[-71.1792,42.33372],[-71.17926,42.33372],[-71.17933,42.33373],[-71.17927,42.3342],[-71.17909,42.33413]]]},"properties":{"a":"EDGE HILL RD","v":"CHESTNUT HILL","z":"SR1","zf":"SR1","lot":9283,"ac":0.213,"fr":52.8,"env":3956,"ew":39.5,"eh":100.2,"lv":100200.0,"psf":10.79,"minlot":25000,"minfr":125.0,"conf":false,"bld":true,"ter":"gentle","slp":9.4,"elv":216.5,"ez":0,"cor":false,"flg":false,"lhd":false,"fld":false,"wet":false,"oc":"CHESTNUT HILL"}},{"type":"Feature","geometry":{"type":"Polygon","coordinates":[[[-71.23314,42.32263],[-71.23347,42.32259],[-71.2334,42.32272],[-71.23338,42.32276],[-71.23332,42.32287],[-71.23328,42.32295],[-71.23325,42.32302],[-71.2332,42.3231],[-71.2332,42.32312],[-71.23314,42.32322],[-71.23314,42.32272],[-71.23314,42.32263]]]},"properties":{"a":"EDGEFIELD RD","v":"WABAN","z":"SR2","zf":"SR2","lot":10088,"ac":0.232,"fr":31.8,"env":1294,"ew":19.8,"eh":65.2,"lv":82800.0,"psf":8.21,"minlot":15000,"minfr":100.0,"conf":false,"bld":true,"ter":"flat","slp":4.5,"elv":75.9,"ez":0,"cor":false,"flg":true,"lhd":false,"fld":false,"wet":false,"oc":"WABAN"}},{"type":"Feature","geometry":{"type":"Polygon","coordinates":[[[-71.17648,42.33628],[-71.17648,42.33627],[-71.17648,42.33627],[-71.17649,42.33626],[-71.1765,42.33624],[-71.17652,42.33621],[-71.17657,42.33612],[-71.17696,42.33648],[-71.17689,42.33651],[-71.17676,42.33658],[-71.17676,42.33658],[-71.17674,42.33656],[-71.17667,42.33649],[-71.17659,42.3364],[-71.17653,42.33634],[-71.17648,42.33628]]]},"properties":{"a":"COMMONWEALTH AVE","v":"CHESTNUT HILL","z":"MR1","zf":"MR1","lot":8978,"ac":0.206,"fr":64.5,"env":1638,"ew":30.0,"eh":54.6,"lv":79600.0,"psf":8.87,"minlot":7000,"minfr":70.0,"conf":false,"bld":true,"ter":"flat","slp":2.6,"elv":226.3,"ez":0,"cor":false,"flg":false,"lhd":false,"fld":false,"wet":false,"oc":"CHESTNUT HILL"}},{"type":"Feature","geometry":{"type":"Polygon","coordinates":[[[-71.18758,42.31897],[-71.18752,42.31895],[-71.18755,42.31887],[-71.18759,42.31879],[-71.18761,42.31874],[-71.18762,42.31874],[-71.18763,42.31874],[-71.18765,42.31875],[-71.18767,42.31875],[-71.18768,42.31875],[-71.18769,42.31875],[-71.1877,42.31876],[-71.18781,42.31877],[-71.18784,42.31878],[-71.18787,42.31878],[-71.18787,42.31879],[-71.18786,42.31881],[-71.18784,42.31887],[-71.18782,42.31894],[-71.1878,42.31901],[-71.18769,42.31899],[-71.18764,42.31898],[-71.18758,42.31897]]]},"properties":{"a":"BOYLSTON ST","v":"THOMPSONVILLE","z":"SR3","zf":"SR3","lot":6177,"ac":0.142,"fr":32.1,"env":1778,"ew":59.9,"eh":29.7,"lv":33300.0,"psf":5.39,"minlot":10000,"minfr":80.0,"conf":false,"bld":true,"ter":"very_steep","slp":55.4,"elv":155.7,"ez":0,"cor":false,"flg":false,"lhd":false,"fld":false,"wet":false,"oc":"NEWTON CENTRE"}},{"type":"Feature","geometry":{"type":"Polygon","coordinates":[[[-71.23612,42.36094],[-71.23586,42.36102],[-71.23587,42.36099],[-71.23592,42.36086],[-71.23597,42.36087],[-71.23607,42.36089],[-71.23614,42.3609],[-71.23613,42.36092],[-71.23612,42.36093],[-71.23612,42.36094],[-71.23612,42.36094]]]},"properties":{"a":"LAUREL AVE","v":"WEST NEWTON","z":"SR3","zf":"SR3","lot":1873,"ac":0.043,"fr":10.2,"env":0,"ew":0.0,"eh":0.0,"lv":10300.0,"psf":5.5,"minlot":10000,"minfr":80.0,"conf":false,"bld":false,"ter":"flat","slp":1.7,"elv":107.0,"ez":0,"cor":false,"flg":true,"lhd":false,"fld":false,"wet":false,"oc":"WALTHAM"}},{"type":"Feature","geometry":{"type":"Polygon","coordinates":[[[-71.2012,42.35874],[-71.20133,42.35864],[-71.20137,42.35867],[-71.20142,42.35871],[-71.20146,42.35874],[-71.20151,42.35878],[-71.20149,42.3588],[-71.20145,42.35883],[-71.20137,42.35888],[-71.20124,42.35877],[-71.20123,42.35877],[-71.20123,42.35877],[-71.20122,42.35876],[-71.2012,42.35874]]]},"properties":{"a":"ADAMS ST OFF","v":"NONANTUM","z":"BU2","zf":"BU2","lot":3250,"ac":0.075,"fr":11.1,"env":0,"ew":0.0,"eh":0.0,"lv":15600.0,"psf":4.8,"minlot":null,"minfr":null,"conf":false,"bld":false,"ter":"flat","slp":3.3,"elv":42.7,"ez":1,"cor":false,"flg":true,"lhd":false,"fld":false,"wet":false,"oc":"NEWTON"}},{"type":"Feature","geometry":{"type":"Polygon","coordinates":[[[-71.18707,42.33825],[-71.1871,42.33808],[-71.18721,42.33809],[-71.18726,42.3381],[-71.18738,42.33811],[-71.18738,42.33813],[-71.18737,42.33817],[-71.18737,42.3382],[-71.18737,42.33823],[-71.18737,42.33826],[-71.18737,42.33828],[-71.18734,42.33828],[-71.1873,42.33827],[-71.18725,42.33827],[-71.18707,42.33825]]]},"properties":{"a":"WESTBOURNE RD","v":"NEWTON CENTRE","z":"SR2","zf":"SR2","lot":4665,"ac":0.107,"fr":46.8,"env":1488,"ew":29.7,"eh":50.1,"lv":37500.0,"psf":8.04,"minlot":15000,"minfr":100.0,"conf":false,"bld":true,"ter":"gentle","slp":6.5,"elv":158.4,"ez":0,"cor":false,"flg":false,"lhd":false,"fld":false,"wet":false,"oc":"NEWTONVILLE"}},{"type":"Feature","geometry":{"type":"Polygon","coordinates":[[[-71.22926,42.3629],[-71.22934,42.36291],[-71.22938,42.36292],[-71.22941,42.36293],[-71.22922,42.36299],[-71.22923,42.36297],[-71.22926,42.3629]]]},"properties":{"a":"BERKSHIRE RD  WST","v":"WEST NEWTON","z":"SR3","zf":"SR3","lot":418,"ac":0.01,"fr":10.2,"env":0,"ew":0.0,"eh":0.0,"lv":2300.0,"psf":5.5,"minlot":10000,"minfr":80.0,"conf":false,"bld":false,"ter":"flat","slp":2.1,"elv":83.6,"ez":1,"cor":false,"flg":true,"lhd":false,"fld":false,"wet":false,"oc":"WALTHAM"}},{"type":"Feature","geometry":{"type":"Polygon","coordinates":[[[-71.24078,42.32884],[-71.24072,42.32895],[-71.24039,42.32886],[-71.24046,42.32874],[-71.24078,42.32884]]]},"properties":{"a":"HOLLY RD","v":"WABAN","z":"SR2","zf":"SR2","lot":4748,"ac":0.109,"fr":45.0,"env":1050,"ew":50.2,"eh":20.9,"lv":40400.0,"psf":8.51,"minlot":15000,"minfr":100.0,"conf":false,"bld":true,"ter":"very_steep","slp":148.4,"elv":137.5,"ez":0,"cor":false,"flg":false,"lhd":false,"fld":false,"wet":false,"oc":"WABAN"}},{"type":"Feature","geometry":{"type":"Polygon","coordinates":[[[-71.22275,42.31212],[-71.22272,42.312],[-71.22296,42.31199],[-71.22297,42.31205],[-71.22299,42.31214],[-71.22283,42.31214],[-71.22283,42.31214],[-71.22282,42.31214],[-71.22282,42.31214],[-71.22281,42.31214],[-71.22281,42.31214],[-71.2228,42.31214],[-71.22279,42.31213],[-71.22278,42.31213],[-71.22278,42.31213],[-71.22277,42.31212],[-71.22276,42.31212],[-71.22275,42.31212]]]},"properties":{"a":"ELLIOT PL","v":"NEWTON UPPER FALLS","z":"MR1","zf":"MR1","lot":3690,"ac":0.085,"fr":74.8,"env":0,"ew":0.0,"eh":0.0,"lv":20100.0,"psf":5.45,"minlot":7000,"minfr":70.0,"conf":false,"bld":false,"ter":"gentle","slp":8.1,"elv":134.7,"ez":0,"cor":true,"flg":false,"lhd":false,"fld":false,"wet":false,"oc":"NEEDHAM"}},{"type":"Feature","geometry":{"type":"Polygon","coordinates":[[[-71.24192,42.34728],[-71.24198,42.34717],[-71.242,42.34714],[-71.24209,42.34698],[-71.24217,42.34704],[-71.2422,42.34707],[-71.24229,42.34714],[-71.24226,42.34719],[-71.24222,42.34724],[-71.24217,42.34732],[-71.24215,42.34735],[-71.24192,42.34728]]]},"properties":{"a":"ROWE ST","v":"AUBURNDALE","z":"SR3","zf":"SR3","lot":7279,"ac":0.167,"fr":121.8,"env":0,"ew":0.0,"eh":0.0,"lv":36800.0,"psf":5.06,"minlot":10000,"minfr":80.0,"conf":false,"bld":false,"ter":"moderate","slp":12.7,"elv":59.7,"ez":1,"cor":true,"flg":false,"lhd":false,"fld":false,"wet":false,"oc":"AUBURNDALE"}},{"type":"Feature","geometry":{"type":"Polygon","coordinates":[[[-71.2293,42.35778],[-71.22947,42.35783],[-71.2293,42.35808],[-71.2292,42.35804],[-71.22917,42.35803],[-71.22914,42.35802],[-71.22926,42.35783],[-71.22928,42.35781],[-71.2293,42.35778]]]},"properties":{"a":"HOWARD ST  WST","v":"WEST NEWTON","z":"SR3","zf":"SR3","lot":5001,"ac":0.115,"fr":131.3,"env":0,"ew":0.0,"eh":0.0,"lv":27300.0,"psf":5.46,"minlot":10000,"minfr":80.0,"conf":false,"bld":false,"ter":"gentle","slp":5.2,"elv":78.1,"ez":0,"cor":true,"flg":false,"lhd":false,"fld":false,"wet":false,"oc":"WEST NEWTON"}},{"type":"Feature","geometry":{"type":"Polygon","coordinates":[[[-71.21136,42.33699],[-71.21137,42.33695],[-71.2114,42.33681],[-71.2114,42.33681],[-71.21142,42.33676],[-71.21161,42.33678],[-71.21165,42.33679],[-71.21179,42.33681],[-71.21178,42.33683],[-71.21178,42.33685],[-71.21173,42.33705],[-71.21155,42.33702],[-71.21145,42.33701],[-71.21136,42.33699]]]},"properties":{"a":"NORTH ST REAR CTR","v":"NEWTONVILLE","z":"SR2","zf":"SR2","lot":9335,"ac":0.214,"fr":18.3,"env":3979,"ew":60.4,"eh":65.9,"lv":60400.0,"psf":6.47,"minlot":15000,"minfr":100.0,"conf":false,"bld":true,"ter":"gentle","slp":9.0,"elv":123.0,"ez":1,"cor":false,"flg":true,"lhd":false,"fld":false,"wet":false,"oc":"NEWTON"}},{"type":"Feature","geometry":{"type":"Polygon","coordinates":[[[-71.22671,42.31951],[-71.22688,42.31949],[-71.22698,42.31948],[-71.22719,42.31946],[-71.22714,42.3196],[-71.22713,42.31962],[-71.22713,42.31963],[-71.22713,42.31965],[-71.22712,42.31967],[-71.22712,42.31969],[-71.22712,42.3197],[-71.22712,42.31972],[-71.22713,42.31974],[-71.22676,42.31978],[-71.22671,42.31953],[-71.22671,42.31951]]]},"properties":{"a":"NEW ST","v":"NEWTON UPPER FALLS","z":"SR2","zf":"SR2","lot":11199,"ac":0.257,"fr":94.8,"env":4452,"ew":59.9,"eh":74.3,"lv":88200.0,"psf":7.88,"minlot":15000,"minfr":100.0,"conf":false,"bld":true,"ter":"gentle","slp":6.6,"elv":89.0,"ez":0,"cor":false,"flg":true,"lhd":false,"fld":false,"wet":false,"oc":"NAPLES"}},{"type":"Feature","geometry":{"type":"Polygon","coordinates":[[[-71.19074,42.31636],[-71.19077,42.31613],[-71.19084,42.31613],[-71.19091,42.31614],[-71.19094,42.31614],[-71.19095,42.31618],[-71.19097,42.31625],[-71.19099,42.31635],[-71.19096,42.31636],[-71.19095,42.31636],[-71.19094,42.31636],[-71.19093,42.31636],[-71.19091,42.31636],[-71.19089,42.31636],[-71.19087,42.31636],[-71.19086,42.31636],[-71.19085,42.31636],[-71.19083,42.31636],[-71.19081,42.31636],[-71.1908,42.31636],[-71.19079,42.31636],[-71.19077,42.31636],[-71.19075,42.31636],[-71.19074,42.31636]]]},"properties":{"a":"HAYNES RD","v":"THOMPSONVILLE","z":"SR3","zf":"SR3","lot":5484,"ac":0.126,"fr":37.3,"env":0,"ew":0.0,"eh":0.0,"lv":24700.0,"psf":4.5,"minlot":10000,"minfr":80.0,"conf":false,"bld":false,"ter":"flat","slp":3.1,"elv":119.4,"ez":1,"cor":false,"flg":true,"lhd":false,"fld":false,"wet":false,"oc":"SAN FRANCISCO"}},{"type":"Feature","geometry":{"type":"Polygon","coordinates":[[[-71.21863,42.30766],[-71.21866,42.30758],[-71.21887,42.30761],[-71.21884,42.3077],[-71.21863,42.30766]]]},"properties":{"a":"ABBOTT ST","v":"NEWTON UPPER FALLS","z":"MR1","zf":"MR1","lot":1703,"ac":0.039,"fr":30.1,"env":497,"ew":25.0,"eh":19.9,"lv":9200.0,"psf":5.4,"minlot":7000,"minfr":70.0,"conf":false,"bld":false,"ter":"flat","slp":3.9,"elv":104.5,"ez":0,"cor":false,"flg":false,"lhd":false,"fld":false,"wet":false,"oc":"NEWTON"}},{"type":"Feature","geometry":{"type":"Polygon","coordinates":[[[-71.20016,42.35068],[-71.20026,42.35065],[-71.20027,42.35067],[-71.20031,42.35076],[-71.20022,42.35079],[-71.2002,42.3508],[-71.20019,42.3508],[-71.20018,42.35078],[-71.20016,42.35071],[-71.20016,42.35069],[-71.20016,42.35068]]]},"properties":{"a":"NORWOOD AVE REAR NVL","v":"NEWTONVILLE","z":"MR1","zf":"MR1","lot":1407,"ac":0.032,"fr":30.3,"env":0,"ew":0.0,"eh":0.0,"lv":9700.0,"psf":6.89,"minlot":7000,"minfr":70.0,"conf":false,"bld":false,"ter":"gentle","slp":5.4,"elv":52.5,"ez":1,"cor":false,"flg":false,"lhd":false,"fld":false,"wet":false,"oc":"NEWTON"}},{"type":"Feature","geometry":{"type":"Polygon","coordinates":[[[-71.17248,42.33441],[-71.17275,42.33417],[-71.17285,42.33424],[-71.17275,42.33433],[-71.17269,42.33439],[-71.17259,42.33447],[-71.17248,42.33441],[-71.17248,42.33441]]]},"properties":{"a":"QUINCY RD","v":"CHESTNUT HILL","z":"SR1","zf":"SR1","lot":3938,"ac":0.09,"fr":36.6,"env":0,"ew":0.0,"eh":0.0,"lv":35100.0,"psf":8.91,"minlot":25000,"minfr":125.0,"conf":false,"bld":false,"ter":"moderate","slp":10.7,"elv":218.7,"ez":0,"cor":false,"flg":false,"lhd":false,"fld":false,"wet":false,"oc":"CHESTNUT HILL"}},{"type":"Feature","geometry":{"type":"Polygon","coordinates":[[[-71.25036,42.35032],[-71.25073,42.35029],[-71.25075,42.35042],[-71.25038,42.35045],[-71.25036,42.35032]]]},"properties":{"a":"OWATONNA ST","v":"AUBURNDALE","z":"SR3","zf":"SR3","lot":5001,"ac":0.115,"fr":48.4,"env":2145,"ew":60.2,"eh":35.6,"lv":32400.0,"psf":6.48,"minlot":10000,"minfr":80.0,"conf":false,"bld":true,"ter":"flat","slp":4.8,"elv":72.5,"ez":0,"cor":false,"flg":false,"lhd":false,"fld":false,"wet":false,"oc":"AUBURNDALE"}},{"type":"Feature","geometry":{"type":"Polygon","coordinates":[[[-71.17224,42.3552],[-71.17235,42.35509],[-71.17235,42.35509],[-71.1724,42.35511],[-71.17234,42.35517],[-71.17229,42.35522],[-71.17224,42.3552],[-71.17224,42.3552]]]},"properties":{"a":"HUNNEWELL AVE OFF","v":"NEWTON CORNER","z":"SR3","zf":"SR3","lot":823,"ac":0.019,"fr":15.0,"env":0,"ew":0.0,"eh":0.0,"lv":5800.0,"psf":7.04,"minlot":10000,"minfr":80.0,"conf":false,"bld":false,"ter":"flat","slp":3.7,"elv":101.2,"ez":0,"cor":false,"flg":true,"lhd":false,"fld":false,"wet":false,"oc":"BRIGHTON"}},{"type":"Feature","geometry":{"type":"Polygon","coordinates":[[[-71.20915,42.31229],[-71.20949,42.31221],[-71.20957,42.3124],[-71.20957,42.31241],[-71.20956,42.31241],[-71.20955,42.31241],[-71.20954,42.31241],[-71.20953,42.31241],[-71.20952,42.31242],[-71.20924,42.31249],[-71.20919,42.31238],[-71.20917,42.31233],[-71.20915,42.31229]]]},"properties":{"a":"WINCHESTER ST","v":"NEWTON HIGHLANDS","z":"MR1","zf":"MR1","lot":7240,"ac":0.166,"fr":156.0,"env":0,"ew":0.0,"eh":0.0,"lv":44700.0,"psf":6.17,"minlot":7000,"minfr":70.0,"conf":true,"bld":false,"ter":"flat","slp":5.0,"elv":113.5,"ez":1,"cor":true,"flg":false,"lhd":false,"fld":false,"wet":false,"oc":"NEWTON"}},{"type":"Feature","geometry":{"type":"Polygon","coordinates":[[[-71.19322,42.31243],[-71.19324,42.31239],[-71.19361,42.31254],[-71.19359,42.31258],[-71.1935,42.31254],[-71.19333,42.31248],[-71.19322,42.31243]]]},"properties":{"a":"BRANDEIS RD","v":"THOMPSONVILLE","z":"SR3","zf":"SR3","lot":1738,"ac":0.04,"fr":15.1,"env":0,"ew":0.0,"eh":0.0,"lv":10800.0,"psf":6.21,"minlot":10000,"minfr":80.0,"conf":false,"bld":false,"ter":"gentle","slp":7.8,"elv":113.9,"ez":1,"cor":false,"flg":false,"lhd":false,"fld":false,"wet":false,"oc":"NEWTON CENTRE"}},{"type":"Feature","geometry":{"type":"Polygon","coordinates":[[[-71.19721,42.33498],[-71.19736,42.33497],[-71.1974,42.33497],[-71.19742,42.33497],[-71.19743,42.33507],[-71.19721,42.33508],[-71.19721,42.33498]]]},"properties":{"a":"HOMER ST","v":"NEWTON CENTRE","z":"SR2","zf":"SR2","lot":2169,"ac":0.05,"fr":35.3,"env":1037,"ew":26.8,"eh":38.8,"lv":16100.0,"psf":7.42,"minlot":15000,"minfr":100.0,"conf":false,"bld":true,"ter":"gentle","slp":7.3,"elv":140.9,"ez":1,"cor":false,"flg":false,"lhd":false,"fld":false,"wet":false,"oc":"NEWTON CENTRE"}},{"type":"Feature","geometry":{"type":"Polygon","coordinates":[[[-71.24225,42.32197],[-71.24211,42.32196],[-71.242,42.32196],[-71.24199,42.32196],[-71.24203,42.32158],[-71.24208,42.32159],[-71.24213,42.32159],[-71.24219,42.32159],[-71.24221,42.32159],[-71.24222,42.32159],[-71.24224,42.3216],[-71.24227,42.3216],[-71.24228,42.3216],[-71.2423,42.3216],[-71.24229,42.32173],[-71.24229,42.32174],[-71.24229,42.32175],[-71.24229,42.32188],[-71.24228,42.32197],[-71.24225,42.32197]]]},"properties":{"a":"QUINOBEQUIN RD","v":"WABAN","z":"SR2","zf":"SR2","lot":10820,"ac":0.248,"fr":41.6,"env":6983,"ew":72.9,"eh":95.7,"lv":79600.0,"psf":7.36,"minlot":15000,"minfr":100.0,"conf":false,"bld":true,"ter":"gentle","slp":5.4,"elv":65.4,"ez":0,"cor":false,"flg":false,"lhd":false,"fld":false,"wet":false,"oc":"WABAN"}},{"type":"Feature","geometry":{"type":"Polygon","coordinates":[[[-71.25738,42.33234],[-71.25766,42.33217],[-71.25778,42.33227],[-71.25749,42.33244],[-71.25738,42.33234]]]},"properties":{"a":"ASHEVILLE RD","v":"NEWTON LOWER FALLS","z":"SR3","zf":"SR3","lot":5001,"ac":0.115,"fr":49.2,"env":923,"ew":30.5,"eh":30.2,"lv":26700.0,"psf":5.34,"minlot":10000,"minfr":80.0,"conf":false,"bld":true,"ter":"gentle","slp":5.1,"elv":57.0,"ez":0,"cor":false,"flg":false,"lhd":false,"fld":false,"wet":false,"oc":"NEWTON LWR FLS"}},{"type":"Feature","geometry":{"type":"Polygon","coordinates":[[[-71.15747,42.32985],[-71.15758,42.32978],[-71.15765,42.32973],[-71.15768,42.32971],[-71.15781,42.32983],[-71.15759,42.32996],[-71.15756,42.32993],[-71.15755,42.32992],[-71.15747,42.32985]]]},"properties":{"a":"MIDDLESEX RD","v":"CHESTNUT HILL","z":"SR1","zf":"SR1","lot":3968,"ac":0.091,"fr":73.9,"env":0,"ew":0.0,"eh":0.0,"lv":42900.0,"psf":10.81,"minlot":25000,"minfr":125.0,"conf":false,"bld":false,"ter":"moderate","slp":10.4,"elv":143.5,"ez":0,"cor":false,"flg":true,"lhd":false,"fld":false,"wet":false,"oc":"CHESTNUT HILL"}},{"type":"Feature","geometry":{"type":"Polygon","coordinates":[[[-71.23528,42.35456],[-71.23551,42.35462],[-71.23543,42.35478],[-71.23525,42.35459],[-71.23528,42.35456]]]},"properties":{"a":"DUANE AVE","v":"WEST NEWTON","z":"SR3","zf":"SR3","lot":2553,"ac":0.059,"fr":95.7,"env":0,"ew":0.0,"eh":0.0,"lv":15800.0,"psf":6.19,"minlot":10000,"minfr":80.0,"conf":false,"bld":false,"ter":"gentle","slp":6.6,"elv":57.1,"ez":0,"cor":false,"flg":false,"lhd":false,"fld":false,"wet":false,"oc":"NEWTON"}},{"type":"Feature","geometry":{"type":"Polygon","coordinates":[[[-71.20169,42.35391],[-71.20196,42.35387],[-71.20199,42.35386],[-71.20204,42.35401],[-71.20174,42.35406],[-71.20169,42.35391]]]},"properties":{"a":"COURT ST","v":"NEWTONVILLE","z":"MR2","zf":"MR2","lot":4731,"ac":0.109,"fr":73.5,"env":973,"ew":46.7,"eh":20.8,"lv":27200.0,"psf":5.75,"minlot":7000,"minfr":70.0,"conf":false,"bld":true,"ter":"gentle","slp":6.1,"elv":40.2,"ez":3,"cor":false,"flg":true,"lhd":false,"fld":false,"wet":false,"oc":"NEWTON"}},{"type":"Feature","geometry":{"type":"Polygon","coordinates":[[[-71.23571,42.35924],[-71.23569,42.35923],[-71.23567,42.35922],[-71.23566,42.35922],[-71.2358,42.35901],[-71.23594,42.35906],[-71.23579,42.35927],[-71.23578,42.35927],[-71.23576,42.35926],[-71.23571,42.35924]]]},"properties":{"a":"ADAMS AVE","v":"WEST NEWTON","z":"SR3","zf":"SR3","lot":3393,"ac":0.078,"fr":41.3,"env":694,"ew":19.7,"eh":35.2,"lv":18500.0,"psf":5.45,"minlot":10000,"minfr":80.0,"conf":false,"bld":false,"ter":"flat","slp":4.0,"elv":109.9,"ez":0,"cor":false,"flg":false,"lhd":false,"fld":false,"wet":false,"oc":"NEWTON"}},{"type":"Feature","geometry":{"type":"Polygon","coordinates":[[[-71.19873,42.309],[-71.19879,42.3089],[-71.19891,42.30869],[-71.19894,42.30871],[-71.19877,42.30901],[-71.19873,42.30909],[-71.19871,42.30908],[-71.19871,42.30908],[-71.19868,42.30907],[-71.19873,42.309]]]},"properties":{"a":"DEDHAM ST","v":"OAK HILL","z":"SR2","zf":"SR2","lot":1059,"ac":0.024,"fr":10.2,"env":0,"ew":0.0,"eh":0.0,"lv":6800.0,"psf":6.42,"minlot":15000,"minfr":100.0,"conf":false,"bld":false,"ter":"gentle","slp":6.9,"elv":163.7,"ez":0,"cor":false,"flg":false,"lhd":false,"fld":false,"wet":false,"oc":"NEWTON CENTRE"}},{"type":"Feature","geometry":{"type":"Polygon","coordinates":[[[-71.23926,42.32256],[-71.23948,42.32253],[-71.23949,42.32258],[-71.2395,42.3226],[-71.23956,42.32279],[-71.23931,42.32281],[-71.23927,42.3226],[-71.23926,42.32256]]]},"properties":{"a":"ROKEBY RD","v":"WABAN","z":"SR2","zf":"SR2","lot":6321,"ac":0.145,"fr":71.2,"env":1605,"ew":20.8,"eh":77.1,"lv":3900.0,"psf":0.62,"minlot":15000,"minfr":100.0,"conf":false,"bld":false,"ter":"flat","slp":3.5,"elv":72.6,"ez":0,"cor":false,"flg":true,"lhd":false,"fld":false,"wet":true,"oc":"WESTBOROUGH"}}]}